,Unnamed: 0,master_file_number,investigating_agency,local_code,collision_status_code,roadway_number,building_number,roadway_name,roadway_suffix,roadway_direction,milepoint,intersection_roadway_number,intersection_roadway_name,intersection_roadway_suffix,between_street_number_1,between_street_name_1,between_street_suffix_1,between_street_number_2,between_street_name_2,between_street_suffix_2,units_involved,motor_vehicles_involved,killed,injured,weather_code,weather,roadway_condition_code,roadway_condition,hit_and_run,roadway_type_code,roadway_type,directional_analysis_code,directional_analysis,manner_of_collision_code,manner_of_collision,roadway_character_code,roadway_character,light_condition_code,light_condition,ramp_from_roadway_id,ramp_to_roadway_id,secondary_collision,latitude,longitude,year,month,day,hour,minute
127,22252,70907835,ST. MATTHEWS POLICE DEPARTMENT,101775    ,AC,US0060  ,,SHELBYVILLE,RD   ,,3.704,,ST MATTHEWS,AVE  ,,,,,,,2,1,0,0,2.0,CLEAR,1.0,DRY,False,2.0,FEDERAL,2.0,COLLISION WITH BICYCLE,9.0,SINGLE VEHICLE,6.0,STRAIGHT & LEVEL,2.0,DAYLIGHT,,,False,38.2526633,-85.6525251,2010,10,3,18,28
128,22325,70908086,LOUISVILLE METRO POLICE DEPT,8010078463,AC,,,FLOYD,ST   ,N ,0.06,,WASHINGTON,ST   ,,,,,,,2,1,0,0,2.0,CLEAR,1.0,DRY,True,5.0,LOCAL STREET,2.0,COLLISION WITH BICYCLE,9.0,SINGLE VEHICLE,6.0,STRAIGHT & LEVEL,1.0,DAWN,,,False,38.2565158,-85.7476589,2010,10,5,9,0
129,22335,70908411,JEFFERSONTOWN POLICE DEPT,A1004625  ,AC,,,WATTERSON,TRL  ,,0.476,,,,,BRUNERS,WAY  ,,BLUEBIRD,LN   ,2,1,0,1,2.0,CLEAR,1.0,DRY,True,,,37.0,COLLISION WITH BICYCLIST,9.0,SINGLE VEHICLE,4.0,STRAIGHT & GRADE,6.0,DARK-HWY NOT LIGHTED,,,False,38.1967675,-85.5617654,2010,10,6,6,25
130,22505,70909311,LOUISVILLE METRO POLICE DEPT,8010078901,AC,US0031W ,,DIXIE,HWY  ,,13.496,,,,,LEWISTON,DR   ,,BRICK KILN,LN   ,2,1,0,0,2.0,CLEAR,1.0,DRY,False,2.0,FEDERAL,37.0,COLLISION WITH BICYCLIST,9.0,SINGLE VEHICLE,6.0,STRAIGHT & LEVEL,2.0,DAYLIGHT,,,False,38.1709652,-85.8266313,2010,10,6,16,0
131,22556,70909320,LOUISVILLE METRO POLICE DEPT,8010079121,AC,,,CARDINAL,BLVD ,W ,0.18,KY1020  ,3RD,ST   ,,,,,,,2,1,0,0,2.0,CLEAR,1.0,DRY,False,5.0,LOCAL STREET,2.0,COLLISION WITH BICYCLE,9.0,SINGLE VEHICLE,6.0,STRAIGHT & LEVEL,2.0,DAYLIGHT,,,False,38.2205677,-85.7611543,2010,10,7,8,14
132,22775,70910292,LOUISVILLE METRO POLICE DEPT,8010080154,AC,,,INVERNESS,AVE  ,,0.177,,,,,3RD,ST   ,KY1020,SOUTHSIDE,DR   ,2,1,0,1,2.0,CLEAR,1.0,DRY,False,5.0,LOCAL STREET,37.0,COLLISION WITH BICYCLIST,9.0,SINGLE VEHICLE,6.0,STRAIGHT & LEVEL,5.0,DARK-HWY LIGHTED/ON,,,False,38.1673955,-85.7679801,2010,10,10,10,0
133,22981,70911668,LOUISVILLE METRO POLICE DEPT,8010-08095,AC,,,INDIAN,TRL  ,E ,1.783,,KILMER,BLVD ,,,,,,,2,1,0,1,3.0,CLOUDY,1.0,DRY,False,1.0,COUNTY ROAD,2.0,COLLISION WITH BICYCLE,9.0,SINGLE VEHICLE,5.0,STRAIGHT & HILLCREST,2.0,DAYLIGHT,,,False,38.1776897,-85.6778855,2010,10,13,16,30
134,23187,70912996,LOUISVILLE METRO POLICE DEPT,8010080349,AC,,,OAK,ST   ,W ,1.4,,16TH,ST   ,,,,,,,2,1,0,1,3.0,CLOUDY,1.0,DRY,False,5.0,LOCAL STREET,2.0,COLLISION WITH BICYCLE,9.0,SINGLE VEHICLE,6.0,STRAIGHT & LEVEL,2.0,DAYLIGHT,,,False,38.2369416,-85.7809025,2010,10,11,15,19
135,23196,70913017,LOUISVILLE METRO POLICE DEPT,8010081491,AC,,,BEARGRASS,RD   ,,0.783,,ALTA VISTA,RD   ,,,,,,,2,1,0,1,2.0,CLEAR,1.0,DRY,False,5.0,LOCAL STREET,2.0,COLLISION WITH BICYCLE,9.0,SINGLE VEHICLE,5.0,STRAIGHT & HILLCREST,2.0,DAYLIGHT,,,False,38.2342417,-85.6844735,2010,10,15,9,53
136,23372,70913333,LOUISVILLE METRO POLICE DEPT,8010082249,AC,KY0864  ,,POPLAR LEVEL,RD   ,,12.267,,FINCASTLE,RD   ,,,,,,,2,1,0,0,3.0,CLOUDY,1.0,DRY,False,7.0,STATE,2.0,COLLISION WITH BICYCLE,9.0,SINGLE VEHICLE,3.0,CURVE & LEVEL,5.0,DARK-HWY LIGHTED/ON,,,False,38.207659,-85.7151584,2010,10,18,0,0
137,23742,70915344,LOUISVILLE METRO POLICE DEPT,8010083388,AC,,,DURRETT,LN   ,,0.004,,,,KY0061  ,PRESTON,HWY  ,,HANNAH,AVE  ,2,1,0,1,2.0,CLEAR,1.0,DRY,False,5.0,LOCAL STREET,37.0,COLLISION WITH BICYCLIST,9.0,SINGLE VEHICLE,6.0,STRAIGHT & LEVEL,2.0,DAYLIGHT,,,False,38.1863591,-85.7241193,2010,10,21,16,0
138,23802,70915855,LOUISVILLE METRO POLICE DEPT,8010082494,AC,,,SKYWATCH,LN   ,,0.095,,,,,TERRACE SPRINGS,DR   ,,VENDETTA,WAY  ,2,1,0,1,2.0,CLEAR,1.0,DRY,False,5.0,LOCAL STREET,37.0,COLLISION WITH BICYCLIST,9.0,SINGLE VEHICLE,3.0,CURVE & LEVEL,3.0,DUSK,,,False,38.2866051,-85.5027547,2010,10,18,19,20
139,23930,70916213,LOUISVILLE METRO POLICE DEPT,8010084493,AC,KY0864  ,,POPLAR LEVEL,RD   ,,8.901,,RANGELAND,RD   ,,,,,,,2,1,0,1,6.0,RAINING,5.0,WET,False,7.0,STATE,2.0,COLLISION WITH BICYCLE,9.0,SINGLE VEHICLE,6.0,STRAIGHT & LEVEL,2.0,DAYLIGHT,,,False,38.167511,-85.6819042,2010,10,25,0,0
140,23947,70916547,SHIVELY POLICE DEPARTMENT,0410001933,AC,US0031W ,,DIXIE,HWY  ,,15.521,,,,,PARK,RD   ,,SCHMITTS,LN   ,2,1,0,1,2.0,CLEAR,1.0,DRY,False,2.0,FEDERAL,37.0,COLLISION WITH BICYCLIST,9.0,SINGLE VEHICLE,6.0,STRAIGHT & LEVEL,2.0,DAYLIGHT,,,False,38.1941699,-85.8067399,2010,10,21,10,30
141,24244,70917927,LOUISVILLE METRO POLICE DEPT,8010085480,AC,KY1020  ,,3RD,ST   ,S ,10.099,,,,,,,,,,2,1,0,0,2.0,CLEAR,1.0,DRY,False,7.0,STATE,37.0,COLLISION WITH BICYCLIST,9.0,SINGLE VEHICLE,6.0,STRAIGHT & LEVEL,2.0,DAYLIGHT,,,False,38.2172908,-85.7617274,2010,10,28,7,50
142,24271,70917744,LOUISVILLE METRO POLICE DEPT,8010085346,AC,,,GREYLING,DR   ,,0.338,,,,,LAMBORNE,BLVD ,,ACRES,LN   ,2,1,0,1,2.0,CLEAR,1.0,DRY,False,1.0,COUNTY ROAD,37.0,COLLISION WITH BICYCLIST,9.0,SINGLE VEHICLE,6.0,STRAIGHT & LEVEL,6.0,DARK-HWY NOT LIGHTED,,,False,38.1159645,-85.7997189,2010,10,27,19,33
143,24341,70918472,LOUISVILLE METRO POLICE DEPT,8010085778,AC,KY2050  ,,HERR,LN   ,,2.15,,,,,BROWNSBORO,RD   ,,WESBORO,RD   ,2,1,0,1,2.0,CLEAR,1.0,DRY,False,7.0,STATE,37.0,COLLISION WITH BICYCLIST,9.0,SINGLE VEHICLE,4.0,STRAIGHT & GRADE,1.0,DAWN,,,False,38.283508,-85.6276642,2010,10,29,7,33
144,24488,70919117,LOUISVILLE METRO POLICE DEPT,8010085945,AC,,,INDIAN,TRL  ,E ,1.215,KY0864  ,POPLAR LEVEL,RD   ,,,,,,,2,1,0,0,2.0,CLEAR,1.0,DRY,False,5.0,LOCAL STREET,2.0,COLLISION WITH BICYCLE,9.0,SINGLE VEHICLE,6.0,STRAIGHT & LEVEL,2.0,DAYLIGHT,,,False,38.1716544,-85.6848002,2010,10,29,10,0
145,24846,70920968,LOUISVILLE METRO POLICE DEPT,8010087303,AC,,,HILL,ST   ,W ,0.513,,,,,6TH,ST   ,,7TH,ST   ,2,1,0,1,3.0,CLOUDY,1.0,DRY,False,1.0,COUNTY ROAD,37.0,COLLISION WITH BICYCLIST,9.0,SINGLE VEHICLE,4.0,STRAIGHT & GRADE,2.0,DAYLIGHT,,,False,38.2264777,-85.766287,2010,11,3,15,32
146,25186,70922940,LOUISVILLE METRO POLICE DEPT,8010088752,AC,KY0061  ,,PRESTON,HWY  ,,9.475,,LOCUST,LN   ,,,,,,,2,1,0,1,2.0,CLEAR,1.0,DRY,False,7.0,STATE,2.0,COLLISION WITH BICYCLE,9.0,SINGLE VEHICLE,6.0,STRAIGHT & LEVEL,2.0,DAYLIGHT,,,False,38.2068613,-85.7376104,2010,11,8,16,44
147,25424,70924022,LOUISVILLE METRO POLICE DEPT,8010089378,AC,US0031E ,,BAXTER,AVE  ,,16.185,,HULL,ST   ,,,,,,,2,1,0,1,2.0,CLEAR,1.0,DRY,False,2.0,FEDERAL,2.0,COLLISION WITH BICYCLE,9.0,SINGLE VEHICLE,4.0,STRAIGHT & GRADE,2.0,DAYLIGHT,,,False,38.2469126,-85.7294818,2010,11,10,16,56
148,25808,70926049,LOUISVILLE METRO POLICE DEPT,8010090689,AC,,,CRITTENDEN,DR   ,,0.191,,,,,WARNOCK,ST   ,,LILLY,AVE  ,2,1,0,1,2.0,CLEAR,1.0,DRY,False,1.0,COUNTY ROAD,37.0,COLLISION WITH BICYCLIST,9.0,SINGLE VEHICLE,6.0,STRAIGHT & LEVEL,2.0,DAYLIGHT,,,False,38.2140503,-85.7509735,2010,11,15,13,55
149,26115,70928003,LOUISVILLE METRO POLICE DEPT,8010091380,AC,,,EWING,AVE  ,S ,0.002,US0060  ,FRANKFORT,AVE  ,,,,,,,2,1,0,1,2.0,CLEAR,1.0,DRY,True,5.0,LOCAL STREET,2.0,COLLISION WITH BICYCLE,9.0,SINGLE VEHICLE,6.0,STRAIGHT & LEVEL,2.0,DAYLIGHT,,,False,38.2537438,-85.6998494,2010,11,17,16,10
150,26435,70929451,LOUISVILLE METRO POLICE DEPT,8010092773,AC,,,GRINSTEAD,DR   ,,0.0,US0060A ,LEXINGTON,RD   ,,,,,,,2,1,0,1,2.0,CLEAR,1.0,DRY,False,5.0,LOCAL STREET,2.0,COLLISION WITH BICYCLE,9.0,SINGLE VEHICLE,3.0,CURVE & LEVEL,2.0,DAYLIGHT,,,False,38.2455368,-85.7015478,2010,11,22,10,55
151,26645,70931570,JEFFERSONTOWN POLICE DEPT,A1107382  ,AC,KY1747  ,,HURSTBOURNE,PKWY ,S ,10.68,,GREENE,WAY  ,,,,,,,2,1,0,0,2.0,CLEAR,1.0,DRY,False,7.0,STATE,2.0,COLLISION WITH BICYCLE,9.0,SINGLE VEHICLE,6.0,STRAIGHT & LEVEL,3.0,DUSK,,,False,38.2120282,-85.5955209,2010,11,28,17,50
152,26666,70930706,JEFFERSONTOWN POLICE DEPT,A1106822  ,AC,KY1747  ,,HURSTBOURNE,PKWY ,S ,12.868,,,,,WESSEX,PL   ,,STONE CREEK,PKWY ,2,1,1,0,3.0,CLOUDY,1.0,DRY,False,7.0,STATE,37.0,COLLISION WITH BICYCLIST,9.0,SINGLE VEHICLE,6.0,STRAIGHT & LEVEL,6.0,DARK-HWY NOT LIGHTED,,,False,38.2371502,-85.5769754,2010,11,19,4,45
153,28114,70938773,LOUISVILLE METRO POLICE DEPT,8010097753,AC,,,GREEN MEADOWS,DR   ,,0.002,,HIKES,LN   ,,,,,,,2,1,0,0,2.0,CLEAR,1.0,DRY,False,5.0,LOCAL STREET,2.0,COLLISION WITH BICYCLE,9.0,SINGLE VEHICLE,6.0,STRAIGHT & LEVEL,2.0,DAYLIGHT,,,False,38.200927,-85.6570268,2010,12,10,16,0
154,28150,70938839,LOUISVILLE METRO POLICE DEPT,8010098023,AC,,,WHEELER,AVE  ,,0.652,,BICKNELL,AVE  ,,,,,,,2,1,0,1,6.0,RAINING,5.0,WET,True,5.0,LOCAL STREET,2.0,COLLISION WITH BICYCLE,9.0,SINGLE VEHICLE,6.0,STRAIGHT & LEVEL,2.0,DAYLIGHT,,,False,38.1834292,-85.7889063,2010,12,11,16,55
155,28688,70942269,LOUISVILLE METRO POLICE DEPT,8010098423,AC,KY0061  ,,JACKSON,ST   ,S ,12.286,US0150  ,BROADWAY,,,,,,,,2,1,0,1,2.0,CLEAR,1.0,DRY,False,7.0,STATE,2.0,COLLISION WITH BICYCLE,9.0,SINGLE VEHICLE,6.0,STRAIGHT & LEVEL,2.0,DAYLIGHT,,,False,38.2451107,-85.745617,2010,12,13,13,55
156,28902,70943160,LOUISVILLE METRO POLICE DEPT,8010100303,AC,,,DELOR,AVE  ,,0.411,US0060A ,EASTERN,PKWY ,,,,,,,2,1,0,0,3.0,CLOUDY,5.0,WET,False,5.0,LOCAL STREET,2.0,COLLISION WITH BICYCLE,9.0,SINGLE VEHICLE,6.0,STRAIGHT & LEVEL,5.0,DARK-HWY LIGHTED/ON,,,False,38.216959,-85.7383461,2010,12,20,0,0
157,29018,70944201,LOUISVILLE METRO POLICE DEPT,8010100678,AC,KY1020  ,,3RD,ST   ,S ,11.319,,OAK,ST   ,,,,,,,2,1,0,1,3.0,CLOUDY,1.0,DRY,False,7.0,STATE,2.0,COLLISION WITH BICYCLE,9.0,SINGLE VEHICLE,6.0,STRAIGHT & LEVEL,2.0,DAYLIGHT,,,False,38.234906,-85.7586438,2010,12,22,8,41
158,29463,70946694,LOUISVILLE METRO POLICE DEPT,8010102203,AC,US0031W ,,MARKET,ST   ,W ,20.735,,16TH,ST   ,,,,,,,2,1,0,0,2.0,CLEAR,1.0,DRY,False,2.0,FEDERAL,2.0,COLLISION WITH BICYCLE,9.0,SINGLE VEHICLE,6.0,STRAIGHT & LEVEL,2.0,DAYLIGHT,,,False,38.2574258,-85.7766299,2010,12,29,12,10
159,29975,1244294,LOUISVILLE METRO POLICE DEPT,8011015937,AC,US0150  ,,BROADWAY,,E ,3.506,,CAMPBELL,,,,,,,,2,1,0,1,3.0,CLOUDY,1.0,DRY,False,2.0,FEDERAL,2.0,COLLISION WITH BICYCLE,1.0,ANGLE,6.0,STRAIGHT & LEVEL,1.0,DAWN,,,False,38.244566667,-85.73765,2011,3,4,6,50
160,30050,1266613,LOUISVILLE METRO POLICE DEPT,8011020171,AC,,,RUFER,AVE  ,,,,BARRET,,,,,,,,2,1,0,1,2.0,CLEAR,1.0,DRY,False,5.0,LOCAL STREET,2.0,COLLISION WITH BICYCLE,5.0,REAR END,4.0,STRAIGHT & GRADE,2.0,DAYLIGHT,,,False,38.235883333,-85.71665,2011,3,19,15,52
161,30885,70952613,LOUISVILLE METRO POLICE DEPT,8011002496,AC,KY1934  ,,CANE RUN,RD   ,,9.37,,KRAMERS,LN   ,,,,,,,2,1,0,1,2.0,CLEAR,1.0,DRY,False,7.0,STATE,2.0,COLLISION WITH BICYCLE,9.0,SINGLE VEHICLE,6.0,STRAIGHT & LEVEL,2.0,DAYLIGHT,,,False,38.2011854,-85.8349285,2011,1,10,15,4
162,31101,70954308,LOUISVILLE METRO POLICE DEPT,8011003550,AC,,,7TH,ST   ,S ,0.036,,,,,INDUSTRY,RD   ,KY2054,ALGONQUIN,PKWY ,2,1,0,1,3.0,CLOUDY,1.0,DRY,False,5.0,LOCAL STREET,37.0,COLLISION WITH BICYCLIST,9.0,SINGLE VEHICLE,6.0,STRAIGHT & LEVEL,2.0,DAYLIGHT,,,False,38.2204362,-85.7769192,2011,1,14,14,0
163,31322,70954498,LOUISVILLE METRO POLICE DEPT,8011004464,AC,US0031W ,7490.0,DIXIE,HWY  ,,12.177,,,,,,,,,,2,1,0,1,2.0,CLEAR,5.0,WET,True,2.0,FEDERAL,37.0,COLLISION WITH BICYCLIST,9.0,SINGLE VEHICLE,6.0,STRAIGHT & LEVEL,6.0,DARK-HWY NOT LIGHTED,,,False,38.1517595,-85.8365361,2011,1,18,3,39
164,31818,70957664,LOUISVILLE METRO POLICE DEPT,8011006137,AC,,,MILES,LN   ,,0.0,KY0061  ,PRESTON,HWY  ,,,,,,,2,1,0,1,3.0,CLOUDY,5.0,WET,False,5.0,LOCAL STREET,2.0,COLLISION WITH BICYCLE,9.0,SINGLE VEHICLE,6.0,STRAIGHT & LEVEL,2.0,DAYLIGHT,,,False,38.1243574,-85.6792188,2011,1,24,12,34
165,32000,70958678,LOUISVILLE METRO POLICE DEPT,8011006809,AC,,,COOPER,ST   ,,0.105,,,,,,,,,,2,1,0,0,3.0,CLOUDY,1.0,DRY,False,5.0,LOCAL STREET,37.0,COLLISION WITH BICYCLIST,9.0,SINGLE VEHICLE,6.0,STRAIGHT & LEVEL,5.0,DARK-HWY LIGHTED/ON,,,False,38.2481133,-85.728174,2011,1,27,0,45
166,32346,70961073,LOUISVILLE METRO POLICE DEPT,8011008354,AC,,,JEFFERSON,ST   ,W ,0.718,I 0064  ,I64 W EXIT4 OFF RAMP TO S ROY WILKINS AV,,,,,,,,2,1,0,1,3.0,CLOUDY,1.0,DRY,False,5.0,LOCAL STREET,2.0,COLLISION WITH BICYCLE,9.0,SINGLE VEHICLE,6.0,STRAIGHT & LEVEL,2.0,DAYLIGHT,,,False,38.2547285,-85.765119,2011,2,2,14,40
167,32479,70961577,LOUISVILLE METRO POLICE DEPT,8011008687,AC,US0031E ,,BARDSTOWN,RD   ,,15.052,,,,,LONGEST,AVE  ,,ROSEWOOD,AVE  ,2,1,0,1,2.0,CLEAR,1.0,DRY,False,2.0,FEDERAL,37.0,COLLISION WITH BICYCLIST,9.0,SINGLE VEHICLE,6.0,STRAIGHT & LEVEL,3.0,DUSK,,,False,38.2353418,-85.7153963,2011,2,3,19,8
168,32760,70963354,LOUISVILLE METRO POLICE DEPT,8011009794,AC,US0150  ,,BROADWAY,,E ,3.196,,HANCOCK,ST   ,,,,,,,2,1,0,0,2.0,CLEAR,1.0,DRY,True,2.0,FEDERAL,2.0,COLLISION WITH BICYCLE,9.0,SINGLE VEHICLE,6.0,STRAIGHT & LEVEL,2.0,DAYLIGHT,,,False,38.2450273,-85.743442,2011,2,8,10,5
169,33109,70965942,LOUISVILLE METRO POLICE DEPT,8011011265,AC,,,1ST,ST   ,S ,0.723,US0150  ,BROADWAY,,,,,,,,2,1,0,1,3.0,CLOUDY,1.0,DRY,False,5.0,LOCAL STREET,2.0,COLLISION WITH BICYCLE,9.0,SINGLE VEHICLE,6.0,STRAIGHT & LEVEL,2.0,DAYLIGHT,,,False,38.2457023,-85.7534036,2011,2,14,12,39
170,33478,70967928,LOUISVILLE METRO POLICE DEPT,8011012424,AC,,,PAYNE,ST   ,,0.106,US0031E ,BAXTER,AVE  ,,,,,,,2,1,0,1,2.0,CLEAR,1.0,DRY,False,5.0,LOCAL STREET,2.0,COLLISION WITH BICYCLE,9.0,SINGLE VEHICLE,6.0,STRAIGHT & LEVEL,2.0,DAYLIGHT,,,False,38.2462396,-85.7289554,2011,2,18,17,7
171,34418,70973164,LOUISVILLE METRO POLICE DEPT,8011015480,AC,US0031E ,,BARDSTOWN,RD   ,,13.249,,,,,WEBER,AVE  ,,TREVILIAN,WAY  ,2,1,0,1,2.0,CLEAR,1.0,DRY,True,2.0,FEDERAL,37.0,COLLISION WITH BICYCLIST,9.0,SINGLE VEHICLE,6.0,STRAIGHT & LEVEL,2.0,DAYLIGHT,,,False,38.2235586,-85.6867698,2011,3,2,14,20
172,34657,70973716,LOUISVILLE METRO POLICE DEPT,8011016815,AC,KY1065  ,,OUTER LOOP,,,8.765,,,,,SMYRNA,RD   ,,ROCHELLE,RD   ,2,1,0,1,2.0,CLEAR,1.0,DRY,False,7.0,STATE,37.0,COLLISION WITH BICYCLIST,9.0,SINGLE VEHICLE,6.0,STRAIGHT & LEVEL,2.0,DAYLIGHT,,,False,38.1377308,-85.6373171,2011,3,7,0,0
173,35040,70976040,LOUISVILLE METRO POLICE DEPT,8011018089,AC,KY2052  ,,SHEPHERDSVILLE,RD   ,,0.707,,,,,WHISPERING HILLS,BLVD ,,MILE OF SUNSHINE,DR   ,2,1,0,1,2.0,CLEAR,1.0,DRY,False,7.0,STATE,37.0,COLLISION WITH BICYCLIST,9.0,SINGLE VEHICLE,5.0,STRAIGHT & HILLCREST,2.0,DAYLIGHT,,,False,38.1484275,-85.6601483,2011,3,12,11,45
174,35267,70977104,LOUISVILLE METRO POLICE DEPT,8011019017,AC,KY1020  ,,3RD,ST   ,S ,9.886,US0060A ,WINKLER,AVE  ,,,,,,,2,1,0,0,3.0,CLOUDY,1.0,DRY,False,7.0,STATE,2.0,COLLISION WITH BICYCLE,9.0,SINGLE VEHICLE,4.0,STRAIGHT & GRADE,2.0,DAYLIGHT,,,False,38.2104163,-85.7634142,2011,3,15,10,0
175,35481,70978956,LOUISVILLE METRO POLICE DEPT,8011020616,AC,US0150  ,,BROADWAY,,W ,2.473,KY1020  ,3RD,ST   ,,,,,,,2,1,0,1,2.0,CLEAR,1.0,DRY,False,2.0,FEDERAL,2.0,COLLISION WITH BICYCLE,9.0,SINGLE VEHICLE,6.0,STRAIGHT & LEVEL,2.0,DAYLIGHT,,,False,38.2459978,-85.75674,2011,3,21,11,35
176,35694,70980234,LOUISVILLE METRO POLICE DEPT,8011019270,AC,KY0061  ,,PRESTON,HWY  ,,5.99,,,,,BENNETT,LN   ,,VINEWOOD,RD   ,2,1,0,1,2.0,CLEAR,1.0,DRY,False,7.0,STATE,37.0,COLLISION WITH BICYCLIST,9.0,SINGLE VEHICLE,6.0,STRAIGHT & LEVEL,2.0,DAYLIGHT,,,False,38.1648921,-85.7024343,2011,3,16,15,36
177,36398,70982854,LOUISVILLE METRO POLICE DEPT,8011023519,AC,,,26TH,ST   ,S ,1.515,,HALE,AVE  ,,,,,,,2,1,0,1,2.0,CLEAR,1.0,DRY,False,5.0,LOCAL STREET,2.0,COLLISION WITH BICYCLE,9.0,SINGLE VEHICLE,6.0,STRAIGHT & LEVEL,2.0,DAYLIGHT,,,False,38.2388574,-85.7960916,2011,3,31,0,0
178,36517,70984139,LOUISVILLE METRO POLICE DEPT,8011020164,AC,US0060  ,,SHELBYVILLE,RD   ,,7.993,,,,,,,,,,2,1,0,1,2.0,CLEAR,1.0,DRY,False,2.0,FEDERAL,37.0,COLLISION WITH BICYCLIST,9.0,SINGLE VEHICLE,6.0,STRAIGHT & LEVEL,2.0,DAYLIGHT,,,False,38.2462183,-85.5744255,2011,3,19,15,25
179,36755,1184438,LOUISVILLE METRO POLICE DEPT,8011038206,AC,,600.0,43RD,ST   ,,,,,,,RIVER PARK,DR   ,,BROADWAY,,2,1,0,1,2.0,CLEAR,1.0,DRY,True,5.0,LOCAL STREET,37.0,COLLISION WITH BICYCLIST,1.0,ANGLE,6.0,STRAIGHT & LEVEL,2.0,DAYLIGHT,,,False,38.2513,-85.8209,2011,5,19,17,3
180,37046,1954110,LOUISVILLE METRO POLICE DEPT,8011036186,AC,,,HILL,ST   ,W ,,,25TH,ST   ,,,,,,,2,1,0,1,2.0,CLEAR,1.0,DRY,False,5.0,LOCAL STREET,2.0,COLLISION WITH BICYCLE,1.0,ANGLE,6.0,STRAIGHT & LEVEL,2.0,DAYLIGHT,,,False,38.23,-85.797166667,2011,5,12,10,0
181,37070,1926161,LOUISVILLE METRO POLICE DEPT,8011047047,AC,,,STORY,AVE  ,,,,WEBSTER,,,,,,,,2,1,0,1,2.0,CLEAR,1.0,DRY,False,5.0,LOCAL STREET,2.0,COLLISION WITH BICYCLE,1.0,ANGLE,6.0,STRAIGHT & LEVEL,2.0,DAYLIGHT,,,False,38.254,-85.722533333,2011,6,17,20,12
182,37130,70983693,LOUISVILLE METRO POLICE DEPT,8011024211,AC,KY1931  ,,7TH STREET,RD   ,,10.352,,LINCOLN,AVE  ,,,,,,,2,1,0,1,2.0,CLEAR,1.0,DRY,False,7.0,STATE,2.0,COLLISION WITH BICYCLE,9.0,SINGLE VEHICLE,6.0,STRAIGHT & LEVEL,2.0,DAYLIGHT,,,False,38.2184678,-85.7791032,2011,4,2,19,0
183,37186,70983713,LOUISVILLE METRO POLICE DEPT,8011024340,AC,,,ROCK CREEK,DR   ,,0.167,,,,,HUNTINGTON,RD   ,,CHAMBERRY,DR   ,2,1,0,1,2.0,CLEAR,1.0,DRY,False,5.0,LOCAL STREET,37.0,COLLISION WITH BICYCLIST,9.0,SINGLE VEHICLE,6.0,STRAIGHT & LEVEL,2.0,DAYLIGHT,,,False,38.2442535,-85.6663336,2011,4,3,11,45
184,37281,70984597,LOUISVILLE METRO POLICE DEPT,8011024438,AC,KY1703  ,,BAXTER,AVE  ,,5.492,,GRINSTEAD,DR   ,,,,,,,2,1,0,1,2.0,CLEAR,1.0,DRY,False,7.0,STATE,2.0,COLLISION WITH BICYCLE,9.0,SINGLE VEHICLE,6.0,STRAIGHT & LEVEL,2.0,DAYLIGHT,,,False,38.2378818,-85.7225161,2011,4,3,18,40
185,37404,70985332,LOUISVILLE METRO POLICE DEPT,8011025638,AC,KY0061  ,,PRESTON,ST   ,S ,10.334,,ATWOOD,ST   ,,,,,,,2,1,0,0,2.0,CLEAR,1.0,DRY,False,7.0,STATE,2.0,COLLISION WITH BICYCLE,9.0,SINGLE VEHICLE,6.0,STRAIGHT & LEVEL,2.0,DAYLIGHT,,,False,38.2170694,-85.7452908,2011,4,7,17,30
186,37409,70985343,LOUISVILLE METRO POLICE DEPT,8011025694,AC,,,BROADWAY,,W ,1.455,,38TH,ST   ,,,,,,,2,1,0,1,3.0,CLOUDY,1.0,DRY,False,5.0,LOCAL STREET,2.0,COLLISION WITH BICYCLE,9.0,SINGLE VEHICLE,6.0,STRAIGHT & LEVEL,5.0,DARK-HWY LIGHTED/ON,,,False,38.2501217,-85.814924,2011,4,7,20,43
187,37411,70985345,LOUISVILLE METRO POLICE DEPT,8011025700,AC,,,38TH,ST   ,N ,0.399,,,,,DUNCAN,ST   ,,ALFORD,AVE  ,2,1,0,1,2.0,CLEAR,1.0,DRY,False,5.0,LOCAL STREET,37.0,COLLISION WITH BICYCLIST,9.0,SINGLE VEHICLE,6.0,STRAIGHT & LEVEL,6.0,DARK-HWY NOT LIGHTED,,,False,38.2661943,-85.8112836,2011,4,7,21,14
188,37541,70986193,LOUISVILLE METRO POLICE DEPT,8011025829,AC,,,STRADER,AVE  ,,0.465,,,,,,,,,,2,1,0,0,2.0,CLEAR,1.0,DRY,False,5.0,LOCAL STREET,37.0,COLLISION WITH BICYCLIST,9.0,SINGLE VEHICLE,6.0,STRAIGHT & LEVEL,2.0,DAYLIGHT,,,False,38.1915136,-85.7918274,2011,4,8,11,15
189,37561,70986689,LOUISVILLE METRO POLICE DEPT,8011026025,AC,KY1450  ,9111.0,BLUE LICK,RD   ,,2.202,,,,,,,,,,2,1,0,1,3.0,CLOUDY,1.0,DRY,True,7.0,STATE,37.0,COLLISION WITH BICYCLIST,9.0,SINGLE VEHICLE,4.0,STRAIGHT & GRADE,6.0,DARK-HWY NOT LIGHTED,,,False,38.1167452,-85.6893844,2011,4,8,21,52
190,37658,70986786,LOUISVILLE METRO POLICE DEPT,8011026505,AC,,,HOWARD POOLE,ALY  ,,0.051,,,,,,,,,,2,1,0,1,2.0,CLEAR,1.0,DRY,True,99.0,NONE OF THE ABOVE,37.0,COLLISION WITH BICYCLIST,9.0,SINGLE VEHICLE,6.0,STRAIGHT & LEVEL,2.0,DAYLIGHT,,,False,38.2379192,-85.7572435,2011,4,9,17,30