,Unnamed: 0,master_file_number,investigating_agency,local_code,collision_status_code,roadway_number,building_number,roadway_name,roadway_suffix,roadway_direction,milepoint,intersection_roadway_number,intersection_roadway_name,intersection_roadway_suffix,between_street_number_1,between_street_name_1,between_street_suffix_1,between_street_number_2,between_street_name_2,between_street_suffix_2,units_involved,motor_vehicles_involved,killed,injured,weather_code,weather,roadway_condition_code,roadway_condition,hit_and_run,roadway_type_code,roadway_type,directional_analysis_code,directional_analysis,manner_of_collision_code,manner_of_collision,roadway_character_code,roadway_character,light_condition_code,light_condition,ramp_from_roadway_id,ramp_to_roadway_id,secondary_collision,latitude,longitude,year,month,day,hour,minute
191,37755,70986883,LOUISVILLE METRO POLICE DEPT,8011026899,AC,,,CLIFF,AVE  ,,0.318,,WHITNEY,AVE  ,,,,,,,2,1,0,0,6.0,RAINING,5.0,WET,False,5.0,LOCAL STREET,2.0,COLLISION WITH BICYCLE,9.0,SINGLE VEHICLE,6.0,STRAIGHT & LEVEL,2.0,DAYLIGHT,,,False,38.1940499,-85.7750903,2011,4,11,0,0
192,38032,70988121,LOUISVILLE METRO POLICE DEPT,8011027798,AC,,,OLD CANNONS,LN   ,,0.004,KY2048  ,CANNONS,LN   ,,,,,,,2,1,0,2,2.0,CLEAR,1.0,DRY,False,5.0,LOCAL STREET,2.0,COLLISION WITH BICYCLE,9.0,SINGLE VEHICLE,6.0,STRAIGHT & LEVEL,2.0,DAYLIGHT,,,False,38.2416074,-85.660709,2011,4,14,18,56
193,38124,70988959,LOUISVILLE METRO POLICE DEPT,8011027578,AC,,,DIXIE,HWY  ,,1.036,,WILSON,AVE  ,,,,,,,2,1,0,1,2.0,CLEAR,1.0,DRY,False,5.0,LOCAL STREET,2.0,COLLISION WITH BICYCLE,9.0,SINGLE VEHICLE,6.0,STRAIGHT & LEVEL,5.0,DARK-HWY LIGHTED/ON,,,False,38.2347081,-85.7878832,2011,4,14,6,14
194,38423,70990119,LOUISVILLE METRO POLICE DEPT,8011029255,AC,,8006.0,BRUSH,LN   ,,0.107,,,,,,,,,,2,1,0,0,2.0,CLEAR,1.0,DRY,False,5.0,LOCAL STREET,37.0,COLLISION WITH BICYCLIST,9.0,SINGLE VEHICLE,6.0,STRAIGHT & LEVEL,3.0,DUSK,,,False,38.1503575,-85.6117315,2011,4,19,19,29
195,38829,70992143,LOUISVILLE METRO POLICE DEPT,8011030643,AC,KY1065  ,,BEULAH CHURCH,RD   ,,11.336,,FERNVIEW,DR   ,,,,,,,2,1,0,1,6.0,RAINING,5.0,WET,False,7.0,STATE,2.0,COLLISION WITH BICYCLE,9.0,SINGLE VEHICLE,6.0,STRAIGHT & LEVEL,2.0,DAYLIGHT,,,False,38.1468632,-85.59533,2011,4,24,10,35
196,38894,70992183,LOUISVILLE METRO POLICE DEPT,8011030947,AC,,,HOERTZ,AVE  ,,0.006,KY0864  ,GOSS,AVE  ,,,,,,,2,1,0,1,3.0,CLOUDY,5.0,WET,False,5.0,LOCAL STREET,2.0,COLLISION WITH BICYCLE,9.0,SINGLE VEHICLE,6.0,STRAIGHT & LEVEL,2.0,DAYLIGHT,,,False,38.2277903,-85.7364802,2011,4,23,17,45
197,39233,70994861,LOUISVILLE METRO POLICE DEPT,8011030798,AC,US0060A ,,TAYLOR,BLVD ,,1.994,,,,,CALHOUN,AVE  ,,EARL,AVE  ,2,1,0,1,6.0,RAINING,5.0,WET,False,2.0,FEDERAL,37.0,COLLISION WITH BICYCLIST,9.0,SINGLE VEHICLE,6.0,STRAIGHT & LEVEL,5.0,DARK-HWY LIGHTED/ON,,,False,38.2032433,-85.7801736,2011,4,25,6,23
198,39438,70995050,LOUISVILLE METRO POLICE DEPT,8011032426,AC,,,ALEXANDER,RD   ,,0.142,,,,,WILLOW,AVE  ,,SCENIC,LOOP ,2,1,0,1,2.0,CLEAR,1.0,DRY,False,5.0,LOCAL STREET,37.0,COLLISION WITH BICYCLIST,9.0,SINGLE VEHICLE,4.0,STRAIGHT & GRADE,2.0,DAYLIGHT,,,False,38.2370515,-85.707096,2011,4,30,13,25
199,39659,70996148,LOUISVILLE METRO POLICE DEPT,8011033336,AC,,,IROQUOIS GARDENS,DR   ,,0.008,KY1865  ,NEW CUT,RD   ,,,,,,,2,1,0,0,2.0,CLEAR,1.0,DRY,False,5.0,LOCAL STREET,2.0,COLLISION WITH BICYCLE,9.0,SINGLE VEHICLE,6.0,STRAIGHT & LEVEL,2.0,DAYLIGHT,,,False,38.1543324,-85.7773381,2011,5,3,17,50
200,39875,70997766,LOUISVILLE METRO POLICE DEPT,8011032145,AC,,,9TH,ST   ,S ,0.004,US0150  ,BROADWAY,,,,,,,,2,1,0,1,3.0,CLOUDY,1.0,DRY,False,5.0,LOCAL STREET,2.0,COLLISION WITH BICYCLE,9.0,SINGLE VEHICLE,6.0,STRAIGHT & LEVEL,2.0,DAYLIGHT,,,False,38.2469036,-85.7664448,2011,4,29,13,42
201,39919,70997762,LOUISVILLE METRO POLICE DEPT,8011026028,AC,KY1934  ,,CANE RUN,RD   ,,9.112,,,,KY2049  ,CRUMS,LN   ,,KRISTIN,WAY  ,2,1,0,1,2.0,CLEAR,1.0,DRY,False,7.0,STATE,37.0,COLLISION WITH BICYCLIST,9.0,SINGLE VEHICLE,6.0,STRAIGHT & LEVEL,5.0,DARK-HWY LIGHTED/ON,,,False,38.1985935,-85.8382991,2011,4,8,22,7
202,40083,70998091,LOUISVILLE METRO POLICE DEPT,8011034839,AC,,,38TH,ST   ,N ,0.582,,MAIN,ST   ,,,,,,,2,1,0,1,2.0,CLEAR,1.0,DRY,False,5.0,LOCAL STREET,2.0,COLLISION WITH BICYCLE,9.0,SINGLE VEHICLE,4.0,STRAIGHT & GRADE,2.0,DAYLIGHT,,,False,38.2635562,-85.8116755,2011,5,8,13,53
203,40309,70999058,LOUISVILLE METRO POLICE DEPT,8011035542,AC,KY3064  ,,NORTHWESTERN,PKWY ,,1.509,,,,KY3217  ,37TH,ST   ,,36TH,ST   ,2,1,0,1,2.0,CLEAR,1.0,DRY,False,7.0,STATE,37.0,COLLISION WITH BICYCLIST,9.0,SINGLE VEHICLE,6.0,STRAIGHT & LEVEL,2.0,DAYLIGHT,,,False,38.274447,-85.8081555,2011,5,10,19,1
204,40380,70999837,LOUISVILLE METRO POLICE DEPT,8011036042,AC,,,CRITTENDEN,DR   ,,0.152,,WARNOCK,ST   ,,,,,,,2,1,0,0,2.0,CLEAR,1.0,DRY,False,5.0,LOCAL STREET,2.0,COLLISION WITH BICYCLE,9.0,SINGLE VEHICLE,6.0,STRAIGHT & LEVEL,2.0,DAYLIGHT,,,False,38.2146325,-85.7509841,2011,5,12,12,30
205,40629,71000821,LOUISVILLE METRO POLICE DEPT,8011036716,AC,,10821.0,GRAFTON HALL,RD   ,,0.815,,,,,,,,,,2,1,0,1,2.0,CLEAR,1.0,DRY,False,5.0,LOCAL STREET,37.0,COLLISION WITH BICYCLIST,9.0,SINGLE VEHICLE,6.0,STRAIGHT & LEVEL,2.0,DAYLIGHT,,,False,38.0941178,-85.8559124,2011,5,14,13,9
206,41034,71003052,JEFFERSONTOWN POLICE DEPT,A0518099  ,AC,KY1819  ,,RUCKRIEGEL,PKWY ,,8.934,,,,,BILLTOWN,RD   ,,VANTAGE PLAZA,DR   ,2,1,0,1,2.0,CLEAR,1.0,DRY,False,7.0,STATE,37.0,COLLISION WITH BICYCLIST,9.0,SINGLE VEHICLE,4.0,STRAIGHT & GRADE,2.0,DAYLIGHT,,,True,38.1898159,-85.5681789,2011,5,20,17,53
207,41131,71004064,LOUISVILLE METRO POLICE DEPT,8011038512,AC,,,GOLDSMITH,LN   ,,1.074,US0031E ,BARDSTOWN,RD   ,,,,,,,2,1,0,0,2.0,CLEAR,1.0,DRY,False,5.0,LOCAL STREET,2.0,COLLISION WITH BICYCLE,9.0,SINGLE VEHICLE,6.0,STRAIGHT & LEVEL,2.0,DAYLIGHT,,,False,38.2086509,-85.6688049,2011,5,20,16,29
208,41185,71004082,LOUISVILLE METRO POLICE DEPT,8011038573,AC,,,DIXIE,HWY  ,,1.434,,BOLLING,AVE  ,,,,,,,2,1,0,1,2.0,CLEAR,1.0,DRY,False,5.0,LOCAL STREET,2.0,COLLISION WITH BICYCLE,9.0,SINGLE VEHICLE,6.0,STRAIGHT & LEVEL,2.0,DAYLIGHT,,,False,38.2292002,-85.7900844,2011,5,20,20,25
209,41274,71004204,LOUISVILLE METRO POLICE DEPT,8011037691,AC,US0031E ,,BARDSTOWN,RD   ,,13.799,,RUTHERFORD,AVE  ,,,,,,,2,1,0,1,3.0,CLOUDY,5.0,WET,False,2.0,FEDERAL,2.0,COLLISION WITH BICYCLE,9.0,SINGLE VEHICLE,6.0,STRAIGHT & LEVEL,5.0,DARK-HWY LIGHTED/ON,,,False,38.2257107,-85.6964863,2011,5,17,23,13
210,41466,71005181,LOUISVILLE METRO POLICE DEPT,8011039729,AC,,,RUDY,LN   ,,0.831,,HIGHFIELD,RD   ,,,,,,,2,1,0,0,2.0,CLEAR,1.0,DRY,False,5.0,LOCAL STREET,2.0,COLLISION WITH BICYCLE,9.0,SINGLE VEHICLE,4.0,STRAIGHT & GRADE,2.0,DAYLIGHT,,,False,38.2693017,-85.632707,2011,5,24,20,6
211,41478,71005205,LOUISVILLE METRO POLICE DEPT,8011039935,AC,KY1865  ,,TAYLOR,BLVD ,,5.284,,BICKNELL,AVE  ,,,,,,,2,1,0,1,2.0,CLEAR,1.0,DRY,False,7.0,STATE,2.0,COLLISION WITH BICYCLE,9.0,SINGLE VEHICLE,6.0,STRAIGHT & LEVEL,2.0,DAYLIGHT,,,False,38.1830984,-85.7837596,2011,5,25,15,21
212,41781,71006976,LOUISVILLE METRO POLICE DEPT,8011041596,AC,,,INVERNESS,AVE  ,,0.217,,3RD,ST   ,,,,,,,2,1,0,1,2.0,CLEAR,1.0,DRY,False,5.0,LOCAL STREET,2.0,COLLISION WITH BICYCLE,9.0,SINGLE VEHICLE,6.0,STRAIGHT & LEVEL,2.0,DAYLIGHT,,,False,38.1674004,-85.7687176,2011,5,31,15,21
213,41801,71007164,LOUISVILLE METRO POLICE DEPT,8011041213,AC,,,BARRET,AVE  ,,0.896,,,,,HIGHLAND,AVE  ,,HEPBURN,AVE  ,2,1,0,1,2.0,CLEAR,1.0,DRY,False,5.0,LOCAL STREET,37.0,COLLISION WITH BICYCLIST,9.0,SINGLE VEHICLE,6.0,STRAIGHT & LEVEL,2.0,DAYLIGHT,,,False,38.2371431,-85.7287286,2011,5,30,10,9
214,41847,71007162,LOUISVILLE METRO POLICE DEPT,8011041205,AC,KY1020  ,,2ND,ST   ,S ,12.097,US0150  ,BROADWAY,,,,,,,,2,1,0,1,2.0,CLEAR,1.0,DRY,False,7.0,STATE,2.0,COLLISION WITH BICYCLE,9.0,SINGLE VEHICLE,6.0,STRAIGHT & LEVEL,2.0,DAYLIGHT,,,False,38.2458366,-85.7550671,2011,5,30,9,28
215,41916,71007856,LOUISVILLE METRO POLICE DEPT,8011041700,AC,,,WHITNEY,AVE  ,W ,0.452,,CLIFF,AVE  ,,,,,,,2,1,0,1,2.0,CLEAR,1.0,DRY,False,5.0,LOCAL STREET,2.0,COLLISION WITH BICYCLE,9.0,SINGLE VEHICLE,6.0,STRAIGHT & LEVEL,2.0,DAYLIGHT,,,False,38.1938612,-85.7748383,2011,5,31,18,25
216,42096,71008863,SHIVELY POLICE DEPARTMENT,0411000998,AC,,1810.0,CLINTON,PL   ,,0.105,,,,,,,,,,2,1,0,1,2.0,CLEAR,1.0,DRY,True,5.0,LOCAL STREET,37.0,COLLISION WITH BICYCLIST,9.0,SINGLE VEHICLE,6.0,STRAIGHT & LEVEL,2.0,DAYLIGHT,,,False,38.2052129,-85.8015523,2011,5,28,0,0
217,42116,71008472,LOUISVILLE METRO POLICE DEPT,8011042209,AC,,,KENWOOD,WAY  ,W ,0.2,,,,,1ST,ST   ,,KENWOOD,WAY  ,2,1,0,0,2.0,CLEAR,1.0,DRY,False,99.0,NONE OF THE ABOVE,37.0,COLLISION WITH BICYCLIST,9.0,SINGLE VEHICLE,6.0,STRAIGHT & LEVEL,2.0,DAYLIGHT,,,False,38.1791326,-85.7631176,2011,6,2,13,50
218,42293,71009447,LOUISVILLE METRO POLICE DEPT,8011043168,AC,KY1865  ,,NEW CUT,RD   ,,1.753,,,,,ANGELETTA,WAY  ,,HARPERS FERRY,RD   ,2,1,0,0,2.0,CLEAR,1.0,DRY,False,7.0,STATE,37.0,COLLISION WITH BICYCLIST,9.0,SINGLE VEHICLE,3.0,CURVE & LEVEL,2.0,DAYLIGHT,,,False,38.1326905,-85.7723993,2011,6,5,19,12
219,42420,71010101,LOUISVILLE METRO POLICE DEPT,8011040808,AC,,,DOWNING,WAY  ,,0.43,,HIKES,LN   ,,,,,,,2,1,0,1,2.0,CLEAR,1.0,DRY,True,5.0,LOCAL STREET,2.0,COLLISION WITH BICYCLE,9.0,SINGLE VEHICLE,6.0,STRAIGHT & LEVEL,2.0,DAYLIGHT,,,False,38.2027229,-85.654306,2011,5,28,14,40
220,42487,71010866,LOUISVILLE METRO POLICE DEPT,8011043468,AC,,,21ST,ST   ,N ,0.119,,,,,,,,,,2,1,0,1,2.0,CLEAR,1.0,DRY,False,5.0,LOCAL STREET,37.0,COLLISION WITH BICYCLIST,9.0,SINGLE VEHICLE,6.0,STRAIGHT & LEVEL,2.0,DAYLIGHT,,,False,38.264406,-85.7833661,2011,6,8,17,50
221,42577,71011052,LOUISVILLE METRO POLICE DEPT,8011044354,AC,KY2052  ,,SHEPHERDSVILLE,RD   ,,2.716,,,,,BUECHEL BANK,RD   ,,ARMSMERE,WAY  ,2,1,0,1,2.0,CLEAR,1.0,DRY,False,7.0,STATE,37.0,COLLISION WITH BICYCLIST,9.0,SINGLE VEHICLE,6.0,STRAIGHT & LEVEL,2.0,DAYLIGHT,,,False,38.1779791,-85.6593554,2011,6,9,12,20
222,42627,71011229,LOUISVILLE METRO POLICE DEPT,8011043017,AC,,,26TH,ST   ,N ,0.0,,MAIN,ST   ,,,,,,,2,1,0,1,2.0,CLEAR,1.0,DRY,False,5.0,LOCAL STREET,2.0,COLLISION WITH BICYCLE,9.0,SINGLE VEHICLE,6.0,STRAIGHT & LEVEL,5.0,DARK-HWY LIGHTED/ON,,,False,38.2607303,-85.7935655,2011,6,5,0,45
223,42709,71011944,ST. MATTHEWS POLICE DEPARTMENT,0311000781,AC,US0060  ,,SHELBYVILLE,RD   ,,4.563,,,,,FAIRMEADE,RD   ,,MCARTHUR,DR   ,2,1,0,1,2.0,CLEAR,1.0,DRY,False,2.0,FEDERAL,37.0,COLLISION WITH BICYCLIST,9.0,SINGLE VEHICLE,6.0,STRAIGHT & LEVEL,2.0,DAYLIGHT,,,False,38.2514189,-85.6371451,2011,6,12,18,41
224,42714,71011997,LOUISVILLE METRO POLICE DEPT,8011043397,AC,,,MUHAMMAD ALI,BLVD ,W ,0.78,,,,,VILLAGE WEST,DR   ,,PLACE VERT,,2,1,0,0,2.0,CLEAR,1.0,DRY,False,5.0,LOCAL STREET,37.0,COLLISION WITH BICYCLIST,9.0,SINGLE VEHICLE,6.0,STRAIGHT & LEVEL,2.0,DAYLIGHT,,,False,38.2521542,-85.7667197,2011,6,7,14,30
225,42778,71012188,LOUISVILLE METRO POLICE DEPT,8011045110,AC,,,APPLEGATE,LN   ,,1.218,,SHERRY LYNN,CT   ,,,,,,,2,1,0,1,2.0,CLEAR,1.0,DRY,False,5.0,LOCAL STREET,2.0,COLLISION WITH BICYCLE,9.0,SINGLE VEHICLE,6.0,STRAIGHT & LEVEL,2.0,DAYLIGHT,,,False,38.1304513,-85.6374084,2011,6,11,20,1
226,42871,71012784,LOUISVILLE METRO POLICE DEPT,8011044895,AC,KY0864  ,,POPLAR LEVEL,RD   ,,9.886,,,,,PRODUCE,RD   ,,HUNTINGTON PARK,DR   ,2,1,0,1,2.0,CLEAR,1.0,DRY,False,7.0,STATE,37.0,COLLISION WITH BICYCLIST,9.0,SINGLE VEHICLE,6.0,STRAIGHT & LEVEL,5.0,DARK-HWY LIGHTED/ON,,,False,38.1793096,-85.6922339,2011,6,10,22,29
227,43134,71014194,INDIAN HILLS POLICE DEPARTMENT,4411000050,AC,US0042  ,,BROWNSBORO,RD   ,,3.763,,PENNINGTON,LN   ,,,,,,,2,1,0,1,2.0,CLEAR,1.0,DRY,False,2.0,FEDERAL,2.0,COLLISION WITH BICYCLE,9.0,SINGLE VEHICLE,6.0,STRAIGHT & LEVEL,4.0,DARK-HWY LIGHTED/OFF,,,False,38.2652489,-85.6681032,2011,6,15,21,33
228,43419,71015798,LOUISVILLE METRO POLICE DEPT,8011047561,AC,,,VERMONT,AVE  ,,0.241,,32ND,ST   ,,,,,,,2,1,0,1,2.0,CLEAR,1.0,DRY,True,5.0,LOCAL STREET,2.0,COLLISION WITH BICYCLE,9.0,SINGLE VEHICLE,6.0,STRAIGHT & LEVEL,2.0,DAYLIGHT,,,False,38.2553001,-85.8051155,2011,6,19,18,30
229,43584,71016176,LOUISVILLE METRO POLICE DEPT,8011046378,AC,KY0061  ,,PRESTON,ST   ,S ,12.2,,ROSELANE,ST   ,,,,,,,2,1,0,1,2.0,CLEAR,1.0,DRY,False,7.0,STATE,2.0,COLLISION WITH BICYCLE,9.0,SINGLE VEHICLE,6.0,STRAIGHT & LEVEL,2.0,DAYLIGHT,,,False,38.2428808,-85.7479501,2011,6,15,20,10
230,43636,71016671,LOUISVILLE METRO POLICE DEPT,8011048172,AC,KY0864  ,,SHELBY,ST   ,S ,15.437,US0150  ,BROADWAY,,,,,,,,2,1,0,1,3.0,CLOUDY,1.0,DRY,False,7.0,STATE,2.0,COLLISION WITH BICYCLE,9.0,SINGLE VEHICLE,6.0,STRAIGHT & LEVEL,2.0,DAYLIGHT,,,False,38.2439846,-85.739709,2011,6,23,15,30
231,43652,71016222,LOUISVILLE METRO POLICE DEPT,8011048426,AC,US0031E ,,BUECHEL,BYP  ,,10.974,KY2052  ,HIKES,LN   ,,,,,,,2,1,0,1,2.0,CLEAR,1.0,DRY,False,2.0,FEDERAL,2.0,COLLISION WITH BICYCLE,9.0,SINGLE VEHICLE,6.0,STRAIGHT & LEVEL,2.0,DAYLIGHT,,,False,38.1983666,-85.6610276,2011,6,22,15,13
232,43661,71016237,LOUISVILLE METRO POLICE DEPT,8011048494,AC,,,CHESTNUT,ST   ,W ,0.348,,26TH,ST   ,,,,,,,2,1,0,0,3.0,CLOUDY,1.0,DRY,False,5.0,LOCAL STREET,2.0,COLLISION WITH BICYCLE,9.0,SINGLE VEHICLE,6.0,STRAIGHT & LEVEL,2.0,DAYLIGHT,,,False,38.2530886,-85.7945619,2011,6,22,18,10
233,43768,71017526,ST. MATTHEWS POLICE DEPARTMENT,0311000880,AC,,100.0,TEN PIN,LN   ,,0.014,,,,,,,,,,2,1,0,1,2.0,CLEAR,1.0,DRY,False,5.0,LOCAL STREET,37.0,COLLISION WITH BICYCLIST,9.0,SINGLE VEHICLE,6.0,STRAIGHT & LEVEL,2.0,DAYLIGHT,,,False,38.2503829,-85.6236494,2011,6,25,20,5
234,43785,71017589,LOUISVILLE METRO POLICE DEPT,8011048915,AC,,,VINE,ST   ,,0.096,,SWAN,ST   ,,,,,,,2,1,0,1,2.0,CLEAR,1.0,DRY,False,5.0,LOCAL STREET,2.0,COLLISION WITH BICYCLE,9.0,SINGLE VEHICLE,5.0,STRAIGHT & HILLCREST,2.0,DAYLIGHT,,,False,38.2424589,-85.7351532,2011,6,24,0,0
235,43800,71017680,LOUISVILLE METRO POLICE DEPT,8011048641,AC,KY1020  ,,3RD,ST   ,S ,12.517,,,,,MUHAMMAD ALI,BLVD ,,POST OFFICE,ALY  ,2,1,0,0,2.0,CLEAR,1.0,DRY,True,7.0,STATE,37.0,COLLISION WITH BICYCLIST,9.0,SINGLE VEHICLE,6.0,STRAIGHT & LEVEL,2.0,DAYLIGHT,,,False,38.2519707,-85.7556941,2011,6,23,10,30
236,43839,71017600,LOUISVILLE METRO POLICE DEPT,8011048961,AC,,,BLEVINS GAP,RD   ,,6.221,,GREYLING,DR   ,,,,,,,2,1,0,1,2.0,CLEAR,1.0,DRY,False,5.0,LOCAL STREET,2.0,COLLISION WITH BICYCLE,9.0,SINGLE VEHICLE,3.0,CURVE & LEVEL,2.0,DAYLIGHT,,,False,38.1071015,-85.804713,2011,6,24,11,30
237,44099,71019105,LOUISVILLE METRO POLICE DEPT,8011050420,AC,,,4TH,ST   ,S ,0.953,,,,,YORK,ST   ,,BRECKINRIDGE,ST   ,2,1,0,1,2.0,CLEAR,1.0,DRY,False,5.0,LOCAL STREET,37.0,COLLISION WITH BICYCLIST,9.0,SINGLE VEHICLE,6.0,STRAIGHT & LEVEL,2.0,DAYLIGHT,,,False,38.2429428,-85.7590099,2011,6,29,12,12
238,44208,71019538,LOUISVILLE METRO POLICE DEPT,8011050934,AC,,,MUHAMMAD ALI,BLVD ,W ,2.649,,30TH,ST   ,,,,,,,2,1,0,1,3.0,CLOUDY,1.0,DRY,False,5.0,LOCAL STREET,2.0,COLLISION WITH BICYCLE,9.0,SINGLE VEHICLE,6.0,STRAIGHT & LEVEL,2.0,DAYLIGHT,,,False,38.2559852,-85.8007244,2011,6,29,20,39
239,44597,1262478,LOUISVILLE METRO POLICE DEPT,8011059573,AC,,,7TH,ST   ,,,,9TH,ST   ,,,,,,,2,1,0,1,2.0,CLEAR,1.0,DRY,False,5.0,LOCAL STREET,2.0,COLLISION WITH BICYCLE,1.0,ANGLE,2.0,CURVE & HILLCREST,2.0,DAYLIGHT,,,False,38.224683333,-85.767116667,2011,7,29,15,30
240,44831,1926249,LOUISVILLE METRO POLICE DEPT,8011052375,AC,,,DOUP,AVE  ,,,,EASTVIEW,AVE  ,,,,,,,2,1,0,1,3.0,CLOUDY,1.0,DRY,False,5.0,LOCAL STREET,2.0,COLLISION WITH BICYCLE,1.0,ANGLE,6.0,STRAIGHT & LEVEL,2.0,DAYLIGHT,,,False,38.2226,-85.681233333,2011,7,5,10,0
241,44922,71020571,LOUISVILLE METRO POLICE DEPT,8011051445,AC,US0060A ,,EASTERN,PKWY ,,4.641,,,,,,,,,,2,1,0,1,2.0,CLEAR,1.0,DRY,False,2.0,FEDERAL,37.0,COLLISION WITH BICYCLIST,9.0,SINGLE VEHICLE,6.0,STRAIGHT & LEVEL,2.0,DAYLIGHT,,,False,38.2153033,-85.7417304,2011,7,2,13,0
242,44924,71020579,LOUISVILLE METRO POLICE DEPT,8011051477,AC,KY2054  ,,ALGONQUIN,PKWY ,,3.258,,,,,RODMAN,ST   ,,COMPTON,ST   ,2,1,0,1,2.0,CLEAR,1.0,DRY,False,7.0,STATE,37.0,COLLISION WITH BICYCLIST,9.0,SINGLE VEHICLE,6.0,STRAIGHT & LEVEL,1.0,DAWN,,,False,38.2113326,-85.7696208,2011,7,2,15,15
243,44954,71020720,LOUISVILLE METRO POLICE DEPT,8011051794,AC,,,DUNCAN,ST   ,,2.369,,LONGWORTH,AVE  ,,,,,,,2,1,0,1,3.0,CLOUDY,5.0,WET,True,5.0,LOCAL STREET,2.0,COLLISION WITH BICYCLE,9.0,SINGLE VEHICLE,6.0,STRAIGHT & LEVEL,5.0,DARK-HWY LIGHTED/ON,,,False,38.2679738,-85.8229483,2011,7,3,23,1
244,44972,71020750,LOUISVILLE METRO POLICE DEPT,8011052014,AC,,,NORWICH,BLVD ,,0.001,KY1931  ,GREENWOOD,RD   ,,,,,,,2,1,0,0,2.0,CLEAR,1.0,DRY,False,5.0,LOCAL STREET,2.0,COLLISION WITH BICYCLE,9.0,SINGLE VEHICLE,6.0,STRAIGHT & LEVEL,2.0,DAYLIGHT,,,False,38.1448206,-85.8761506,2011,7,4,19,50
245,45097,71022034,LOUISVILLE METRO POLICE DEPT,8011052250,AC,,,JEANINE,DR   ,,0.894,,INDIAN,TRL  ,,,,,,,2,1,0,1,2.0,CLEAR,1.0,DRY,False,1.0,COUNTY ROAD,2.0,COLLISION WITH BICYCLE,9.0,SINGLE VEHICLE,6.0,STRAIGHT & LEVEL,2.0,DAYLIGHT,,,False,38.1707166,-85.6886504,2011,7,5,14,0
246,45228,71022214,LOUISVILLE METRO POLICE DEPT,8011053147,AC,,,SOUTHERN,PKWY ,,0.517,,,,,FORUM,AVE  ,,KINGSTON,AVE  ,2,1,0,1,6.0,RAINING,5.0,WET,True,5.0,LOCAL STREET,37.0,COLLISION WITH BICYCLIST,9.0,SINGLE VEHICLE,3.0,CURVE & LEVEL,2.0,DAYLIGHT,,,False,38.1764275,-85.7724905,2011,7,8,8,29
247,45271,71023106,LOUISVILLE METRO POLICE DEPT,8011053214,AC,US0031W ,,MARKET,ST   ,W ,21.759,,5TH,ST   ,,,,,,,2,1,0,1,2.0,CLEAR,1.0,DRY,False,2.0,FEDERAL,2.0,COLLISION WITH BICYCLE,9.0,SINGLE VEHICLE,6.0,STRAIGHT & LEVEL,2.0,DAYLIGHT,,,False,38.2554345,-85.7584296,2011,7,8,13,13
248,45483,71024117,LOUISVILLE METRO POLICE DEPT,8011054147,AC,,,WHITNEY,AVE  ,W ,1.108,,,,,2ND,ST   ,,1ST,ST   ,2,1,0,1,2.0,CLEAR,1.0,DRY,False,5.0,LOCAL STREET,37.0,COLLISION WITH BICYCLIST,9.0,SINGLE VEHICLE,6.0,STRAIGHT & LEVEL,2.0,DAYLIGHT,,,False,38.1939964,-85.7627847,2011,7,11,19,20
249,45662,71024987,LOUISVILLE METRO POLICE DEPT,8011055046,AC,KY1865  ,,TAYLOR,BLVD ,,6.043,,CARLISLE,AVE  ,,,,,,,2,1,0,1,2.0,CLEAR,1.0,DRY,False,7.0,STATE,2.0,COLLISION WITH BICYCLE,9.0,SINGLE VEHICLE,6.0,STRAIGHT & LEVEL,2.0,DAYLIGHT,,,False,38.1940665,-85.7831566,2011,7,14,20,6
250,45668,71025035,LOUISVILLE METRO POLICE DEPT,8011055174,AC,,,BARRET,AVE  ,,0.143,,,,,RUBEL,AVE  ,US0150,BROADWAY,,2,1,0,0,2.0,CLEAR,1.0,DRY,False,5.0,LOCAL STREET,37.0,COLLISION WITH BICYCLIST,9.0,SINGLE VEHICLE,6.0,STRAIGHT & LEVEL,2.0,DAYLIGHT,,,False,38.246218,-85.7318591,2011,7,15,10,7
251,45731,71025695,LOUISVILLE METRO POLICE DEPT,8011054628,RE,,,DUMESNIL,ST   ,,1.301,,26TH,ST   ,,,,,,,2,2,0,1,2.0,CLEAR,1.0,DRY,False,5.0,LOCAL STREET,2.0,COLLISION WITH BICYCLE,1.0,ANGLE,6.0,STRAIGHT & LEVEL,2.0,DAYLIGHT,,,False,38.2364014,-85.7964194,2011,7,13,15,10
252,45808,71025761,LOUISVILLE METRO POLICE DEPT,8011055342,AC,,1121.0,BEECHER,ST   ,,0.158,,,,,,,,,,2,1,0,1,2.0,CLEAR,1.0,DRY,False,5.0,LOCAL STREET,37.0,COLLISION WITH BICYCLIST,9.0,SINGLE VEHICLE,6.0,STRAIGHT & LEVEL,2.0,DAYLIGHT,,,False,38.1916769,-85.7803677,2011,7,15,18,32
253,45903,71025963,LOUISVILLE METRO POLICE DEPT,8011055922,AC,,,LAKE FOREST,PKWY ,,0.702,,,,,ASHMONT,PL   ,,WOODLAKE,DR   ,2,1,0,0,2.0,CLEAR,1.0,DRY,False,5.0,LOCAL STREET,37.0,COLLISION WITH BICYCLIST,9.0,SINGLE VEHICLE,4.0,STRAIGHT & GRADE,2.0,DAYLIGHT,,,False,38.247868,-85.4869571,2011,7,17,16,0