,Unnamed: 0,master_file_number,investigating_agency,local_code,collision_status_code,roadway_number,building_number,roadway_name,roadway_suffix,roadway_direction,milepoint,intersection_roadway_number,intersection_roadway_name,intersection_roadway_suffix,between_street_number_1,between_street_name_1,between_street_suffix_1,between_street_number_2,between_street_name_2,between_street_suffix_2,units_involved,motor_vehicles_involved,killed,injured,weather_code,weather,roadway_condition_code,roadway_condition,hit_and_run,roadway_type_code,roadway_type,directional_analysis_code,directional_analysis,manner_of_collision_code,manner_of_collision,roadway_character_code,roadway_character,light_condition_code,light_condition,ramp_from_roadway_id,ramp_to_roadway_id,secondary_collision,latitude,longitude,year,month,day,hour,minute
254,46033,71027177,LOUISVILLE METRO POLICE DEPT,8011056532,AC,,,BLUEGRASS PARK,DR   ,,0.115,,CROSSLAND,WAY  ,,,,,,,2,1,0,1,2.0,CLEAR,1.0,DRY,False,5.0,LOCAL STREET,2.0,COLLISION WITH BICYCLE,9.0,SINGLE VEHICLE,6.0,STRAIGHT & LEVEL,2.0,DAYLIGHT,,,False,38.1912049,-85.6759888,2011,7,19,17,52
255,46128,71027633,LOUISVILLE METRO POLICE DEPT,8011057165,AC,,,GRIFFITHS,AVE  ,,0.421,,23RD,ST   ,,,,,,,2,1,0,1,2.0,CLEAR,1.0,DRY,True,5.0,LOCAL STREET,2.0,COLLISION WITH BICYCLE,9.0,SINGLE VEHICLE,6.0,STRAIGHT & LEVEL,2.0,DAYLIGHT,,,False,38.2649012,-85.7864926,2011,7,21,15,30
256,46171,71027628,LOUISVILLE METRO POLICE DEPT,8011057144,AC,US0031  ,,CLARK MEMORIAL BRIDGE,,,0.548,,,,,,,,,,2,1,0,0,2.0,CLEAR,1.0,DRY,False,2.0,FEDERAL,37.0,COLLISION WITH BICYCLIST,9.0,SINGLE VEHICLE,6.0,STRAIGHT & LEVEL,2.0,DAYLIGHT,,,False,38.2640921,-85.7516079,2011,7,21,16,45
257,46178,71027641,LOUISVILLE METRO POLICE DEPT,8011057224,AC,,,41ST,ST   ,S ,0.355,,FORDSON,WAY  ,,,,,,,2,1,0,1,2.0,CLEAR,1.0,DRY,False,5.0,LOCAL STREET,2.0,COLLISION WITH BICYCLE,9.0,SINGLE VEHICLE,6.0,STRAIGHT & LEVEL,5.0,DARK-HWY LIGHTED/ON,,,False,38.2380818,-85.8210519,2011,7,21,21,27
258,46217,71028336,LOUISVILLE METRO POLICE DEPT,8011057360,AC,,,SKY BLUE,AVE  ,,0.007,,,,,,,,,,2,1,0,1,2.0,CLEAR,1.0,DRY,False,1.0,COUNTY ROAD,37.0,COLLISION WITH BICYCLIST,9.0,SINGLE VEHICLE,6.0,STRAIGHT & LEVEL,2.0,DAYLIGHT,,,False,38.1441344,-85.8519788,2011,7,22,13,6
259,46240,71028383,LOUISVILLE METRO POLICE DEPT,8011057538,AC,,,CLAY,ST   ,S ,0.372,,,,,,,,,,2,1,0,1,2.0,CLEAR,1.0,DRY,True,5.0,LOCAL STREET,37.0,COLLISION WITH BICYCLIST,9.0,SINGLE VEHICLE,6.0,STRAIGHT & LEVEL,5.0,DARK-HWY LIGHTED/ON,,,False,38.249443,-85.7407698,2011,7,23,0,30
260,46351,71028416,LOUISVILLE METRO POLICE DEPT,8011057725,AC,KY1020  ,,KENWOOD,WAY  ,W ,7.66,,,,,3RD,ST   ,,BURKLEY,AVE  ,2,1,0,1,2.0,CLEAR,1.0,DRY,False,7.0,STATE,37.0,COLLISION WITH BICYCLIST,9.0,SINGLE VEHICLE,3.0,CURVE & LEVEL,2.0,DAYLIGHT,,,False,38.1795781,-85.7672473,2011,7,23,16,20
261,46512,71029441,SHIVELY POLICE DEPARTMENT,0411001373,AC,,,HILLSIDE,DR   ,,0.003,,,,,,,,,,2,1,0,0,2.0,CLEAR,1.0,DRY,True,,,37.0,COLLISION WITH BICYCLIST,9.0,SINGLE VEHICLE,4.0,STRAIGHT & GRADE,2.0,DAYLIGHT,,,False,38.1754838,-85.8259329,2011,7,19,17,0
262,46921,71032030,LOUISVILLE METRO POLICE DEPT,8011060368,AC,KY1932  ,,BRECKENRIDGE,LN   ,,2.564,,,,,HIKES,LN   ,,CHURCHILL PARK,DR   ,2,1,0,1,3.0,CLOUDY,1.0,DRY,False,7.0,STATE,37.0,COLLISION WITH BICYCLIST,9.0,SINGLE VEHICLE,6.0,STRAIGHT & LEVEL,2.0,DAYLIGHT,,,False,38.2165406,-85.6274084,2011,8,1,10,45
263,46966,71032033,LOUISVILLE METRO POLICE DEPT,8011060452,AC,,,WILKIE,RD   ,,0.312,,MARY ROSE,DR   ,,,,,,,2,1,0,1,2.0,CLEAR,1.0,DRY,False,5.0,LOCAL STREET,2.0,COLLISION WITH BICYCLE,9.0,SINGLE VEHICLE,6.0,STRAIGHT & LEVEL,2.0,DAYLIGHT,,,False,38.176073,-85.8559005,2011,8,1,15,6
264,46983,71032067,LOUISVILLE METRO POLICE DEPT,8011060776,AC,KY1747  ,,FERN VALLEY,RD   ,,2.161,,,,,JEANINE,DR   ,KY0061,PRESTON,HWY  ,2,1,0,1,2.0,CLEAR,1.0,DRY,False,7.0,STATE,37.0,COLLISION WITH BICYCLIST,9.0,SINGLE VEHICLE,6.0,STRAIGHT & LEVEL,2.0,DAYLIGHT,,,False,38.1580294,-85.6930531,2011,8,2,15,40
265,47005,71032198,LOUISVILLE METRO POLICE DEPT,8011060965,AC,,,BANK,ST   ,,0.001,US0150  ,22ND,ST   ,,,,,,,2,1,0,1,3.0,CLOUDY,1.0,DRY,False,5.0,LOCAL STREET,2.0,COLLISION WITH BICYCLE,9.0,SINGLE VEHICLE,6.0,STRAIGHT & LEVEL,2.0,DAYLIGHT,,,False,38.2665561,-85.783538,2011,8,3,8,35
266,47099,71032854,JEFFERSONTOWN POLICE DEPT,A0812902  ,AC,KY0155  ,,TAYLORSVILLE,RD   ,,9.586,,,,,JEFFERSON,ST   ,,SPROWL,RD   ,2,1,0,1,2.0,CLEAR,1.0,DRY,False,7.0,STATE,37.0,COLLISION WITH BICYCLIST,9.0,SINGLE VEHICLE,6.0,STRAIGHT & LEVEL,3.0,DUSK,,,False,38.1969034,-85.5682004,2011,8,4,21,50
267,47151,71032920,LOUISVILLE METRO POLICE DEPT,8011061293,AC,,3706.0,WYNBROOKE,CIR  ,,0.254,,,,,,,,,,2,1,0,1,2.0,CLEAR,1.0,DRY,False,1.0,COUNTY ROAD,37.0,COLLISION WITH BICYCLIST,9.0,SINGLE VEHICLE,1.0,CURVE & GRADE,2.0,DAYLIGHT,,,False,38.2952156,-85.5654367,2011,8,4,7,49
268,47346,71033975,LOUISVILLE METRO POLICE DEPT,8011062151,AC,,,7TH,ST   ,S ,2.793,,,,,,,,,,2,1,0,0,2.0,CLEAR,1.0,DRY,False,5.0,LOCAL STREET,37.0,COLLISION WITH BICYCLIST,9.0,SINGLE VEHICLE,6.0,STRAIGHT & LEVEL,5.0,DARK-HWY LIGHTED/ON,,,False,38.2569703,-85.7615695,2011,8,6,22,20
269,47480,71035018,LOUISVILLE METRO POLICE DEPT,8011062904,AC,KY0864  ,,SHELBY,ST   ,S ,15.016,,,,,,,,,,2,1,0,1,2.0,CLEAR,1.0,DRY,False,7.0,STATE,37.0,COLLISION WITH BICYCLIST,9.0,SINGLE VEHICLE,6.0,STRAIGHT & LEVEL,2.0,DAYLIGHT,,,False,38.237877,-85.7406586,2011,8,9,16,53
270,47576,71035451,LOUISVILLE METRO POLICE DEPT,8011063275,AC,,,OAK,ST   ,W ,0.273,,4TH,ST   ,,,,,,,2,1,0,1,2.0,CLEAR,1.0,DRY,False,5.0,LOCAL STREET,2.0,COLLISION WITH BICYCLE,9.0,SINGLE VEHICLE,6.0,STRAIGHT & LEVEL,2.0,DAYLIGHT,,,False,38.2350184,-85.7603181,2011,8,10,13,0
271,47904,71036972,LOUISVILLE METRO POLICE DEPT,8011064389,AC,,,26TH,ST   ,N ,0.187,,DUNCAN,ST   ,,,,,,,2,1,0,1,2.0,CLEAR,1.0,DRY,True,5.0,LOCAL STREET,2.0,COLLISION WITH BICYCLE,9.0,SINGLE VEHICLE,6.0,STRAIGHT & LEVEL,2.0,DAYLIGHT,,,False,38.2634196,-85.7932449,2011,8,13,20,29
272,47945,71037233,LOUISVILLE METRO POLICE DEPT,8011064815,AC,,,COGAN,BLVD ,,0.001,,,,,ZACHARY,CIR  ,KY1865,NEW CUT,RD   ,2,1,0,1,3.0,CLOUDY,1.0,DRY,False,5.0,LOCAL STREET,37.0,COLLISION WITH BICYCLIST,9.0,SINGLE VEHICLE,6.0,STRAIGHT & LEVEL,2.0,DAYLIGHT,,,False,38.1421448,-85.7743904,2011,8,15,11,57
273,48140,71038453,LOUISVILLE METRO POLICE DEPT,8011065128,AC,,,BARRET,AVE  ,,1.005,,,,,WINTER,AVE  ,,OAK,ST   ,2,1,0,1,2.0,CLEAR,1.0,DRY,False,5.0,LOCAL STREET,37.0,COLLISION WITH BICYCLIST,9.0,SINGLE VEHICLE,6.0,STRAIGHT & LEVEL,2.0,DAYLIGHT,,,False,38.2357745,-85.7277478,2011,8,16,12,57
274,48154,71038495,LOUISVILLE METRO POLICE DEPT,8011065485,AC,US0031E ,,MAIN,ST   ,E ,17.587,,FLOYD,ST   ,,,,,,,2,1,0,1,2.0,CLEAR,1.0,DRY,False,2.0,FEDERAL,2.0,COLLISION WITH BICYCLE,9.0,SINGLE VEHICLE,6.0,STRAIGHT & LEVEL,2.0,DAYLIGHT,,,False,38.2556715,-85.7478894,2011,8,17,14,30
275,48368,71039055,LOUISVILLE METRO POLICE DEPT,8011066083,AC,KY0864  ,,SHELBY,ST   ,S ,15.156,,BRECKINRIDGE,ST   ,,,,,,,2,1,0,1,2.0,CLEAR,1.0,DRY,False,7.0,STATE,2.0,COLLISION WITH BICYCLE,9.0,SINGLE VEHICLE,6.0,STRAIGHT & LEVEL,2.0,DAYLIGHT,,,False,38.2398952,-85.7403311,2011,8,19,10,35
276,48429,71039802,LOUISVILLE METRO POLICE DEPT,8011066484,AC,,,AQUA,LN   ,,0.046,,INGLEWOOD,DR   ,,,,,,,2,1,0,0,2.0,CLEAR,1.0,DRY,False,5.0,LOCAL STREET,2.0,COLLISION WITH BICYCLE,9.0,SINGLE VEHICLE,6.0,STRAIGHT & LEVEL,2.0,DAYLIGHT,,,False,38.1117548,-85.7704354,2011,8,20,17,0
277,48434,71039813,LOUISVILLE METRO POLICE DEPT,8011066528,AC,KY0061  ,,JACKSON,ST   ,S ,12.167,,JACOB,ST   ,,,,,,,2,1,0,1,2.0,CLEAR,1.0,DRY,False,7.0,STATE,2.0,COLLISION WITH BICYCLE,9.0,SINGLE VEHICLE,6.0,STRAIGHT & LEVEL,2.0,DAYLIGHT,,,False,38.2433954,-85.7458943,2011,8,20,20,47
278,48725,71041194,LOUISVILLE METRO POLICE DEPT,8011067633,AC,,,UPPER HUNTERS,TRCE ,,1.351,,MARIAN,DR   ,,,,,,,2,1,0,0,2.0,CLEAR,1.0,DRY,False,5.0,LOCAL STREET,2.0,COLLISION WITH BICYCLE,9.0,SINGLE VEHICLE,3.0,CURVE & LEVEL,2.0,DAYLIGHT,,,False,38.1589396,-85.846547,2011,8,24,15,53
279,49171,71043332,LOUISVILLE METRO POLICE DEPT,8011069103,AC,,,PHILLIPS,LN   ,,1.259,,,,KY0061  ,PRESTON,HWY  ,,MONARCH,DR   ,2,1,0,1,2.0,CLEAR,1.0,DRY,False,5.0,LOCAL STREET,37.0,COLLISION WITH BICYCLIST,9.0,SINGLE VEHICLE,6.0,STRAIGHT & LEVEL,2.0,DAYLIGHT,,,False,38.197499,-85.7319606,2011,8,29,14,21
280,49276,71043913,LOUISVILLE METRO POLICE DEPT,8011068919,AC,US0031E ,,BAXTER,AVE  ,,15.901,US0150  ,BROADWAY,,,,,,,,2,1,0,0,2.0,CLEAR,1.0,DRY,False,2.0,FEDERAL,2.0,COLLISION WITH BICYCLE,9.0,SINGLE VEHICLE,6.0,STRAIGHT & LEVEL,3.0,DUSK,,,False,38.2437317,-85.7269965,2011,8,28,23,23
281,49358,71044135,LOUISVILLE METRO POLICE DEPT,8011069998,AC,KY1727  ,,TERRY,RD   ,,1.478,,TEAROSE,DR   ,,,,,,,2,1,0,1,2.0,CLEAR,1.0,DRY,False,7.0,STATE,2.0,COLLISION WITH BICYCLE,9.0,SINGLE VEHICLE,6.0,STRAIGHT & LEVEL,2.0,DAYLIGHT,,,False,38.1430731,-85.872148,2011,9,1,9,15
282,49443,71044465,LOUISVILLE METRO POLICE DEPT,8011070249,AC,,,LOTUS,AVE  ,,0.217,,VERA,AVE  ,,,,,,,2,1,0,1,2.0,CLEAR,1.0,DRY,True,99.0,NONE OF THE ABOVE,2.0,COLLISION WITH BICYCLE,9.0,SINGLE VEHICLE,6.0,STRAIGHT & LEVEL,5.0,DARK-HWY LIGHTED/ON,,,False,38.1708148,-85.7171567,2011,9,1,21,35
283,49693,71046945,SHIVELY POLICE DEPARTMENT,0411001700,AC,US0031W ,,DIXIE,HWY  ,,15.716,,NOBEL,PL   ,,,,,,,2,1,0,1,2.0,CLEAR,1.0,DRY,True,2.0,FEDERAL,2.0,COLLISION WITH BICYCLE,9.0,SINGLE VEHICLE,6.0,STRAIGHT & LEVEL,2.0,DAYLIGHT,,,False,38.1969229,-85.8048239,2011,9,3,12,58
284,49802,71047219,LOUISVILLE METRO POLICE DEPT,8011071787,AC,,,FLOYD,ST   ,S ,0.663,,,,,GRAY,ST   ,,PIN,ALY  ,2,1,0,0,3.0,CLOUDY,1.0,DRY,False,5.0,LOCAL STREET,37.0,COLLISION WITH BICYCLIST,9.0,SINGLE VEHICLE,6.0,STRAIGHT & LEVEL,2.0,DAYLIGHT,,,False,38.2461715,-85.749671,2011,9,7,14,20
285,49838,71047201,LOUISVILLE METRO POLICE DEPT,8011071678,AC,KY1020  ,,SOUTHSIDE,DR   ,,6.644,,,,,ALGER,AVE  ,,NAVY,DR   ,2,1,0,1,6.0,RAINING,5.0,WET,True,7.0,STATE,37.0,COLLISION WITH BICYCLIST,9.0,SINGLE VEHICLE,6.0,STRAIGHT & LEVEL,6.0,DARK-HWY NOT LIGHTED,,,False,38.1664829,-85.7647933,2011,9,7,0,10
286,49879,71047576,LOUISVILLE METRO POLICE DEPT,8011071893,AC,,,FLOYD,ST   ,S ,2.279,,LEE,ST   ,,,,,,,2,1,0,1,3.0,CLOUDY,5.0,WET,False,5.0,LOCAL STREET,2.0,COLLISION WITH BICYCLE,9.0,SINGLE VEHICLE,6.0,STRAIGHT & LEVEL,3.0,DUSK,,,False,38.2224452,-85.7537105,2011,9,7,10,0
287,49992,71048441,ANCHORAGE POLICE DEPARTMENT,11-001804 ,AC,KY0146  ,12100.0,PARK,RD   ,,4.571,,,,,,,,,,2,1,0,1,2.0,CLEAR,1.0,DRY,True,7.0,STATE,37.0,COLLISION WITH BICYCLIST,9.0,SINGLE VEHICLE,5.0,STRAIGHT & HILLCREST,6.0,DARK-HWY NOT LIGHTED,,,False,38.2674385,-85.5449474,2011,8,19,5,55
288,50077,71049257,LOUISVILLE METRO POLICE DEPT,8011072932,AC,US0060  ,,FRANKFORT,AVE  ,,1.527,,BAYLY,AVE  ,,,,,,,2,1,0,1,2.0,CLEAR,1.0,DRY,False,2.0,FEDERAL,2.0,COLLISION WITH BICYCLE,9.0,SINGLE VEHICLE,6.0,STRAIGHT & LEVEL,2.0,DAYLIGHT,,,False,38.2549708,-85.6919903,2011,9,11,12,15
289,50094,71049083,LOUISVILLE METRO POLICE DEPT,8011069083,AC,,,15TH,ST   ,S ,0.777,,OAK,ST   ,,,,,,,2,1,0,1,2.0,CLEAR,1.0,DRY,False,5.0,LOCAL STREET,2.0,COLLISION WITH BICYCLE,9.0,SINGLE VEHICLE,6.0,STRAIGHT & LEVEL,2.0,DAYLIGHT,,,False,38.2365947,-85.7783632,2011,8,29,13,28
290,50147,71049303,LOUISVILLE METRO POLICE DEPT,8011073182,AC,KY0061  ,,PRESTON,HWY  ,,2.917,,MILES,LN   ,,,,,,,2,1,0,1,2.0,CLEAR,1.0,DRY,False,7.0,STATE,2.0,COLLISION WITH BICYCLE,9.0,SINGLE VEHICLE,4.0,STRAIGHT & GRADE,2.0,DAYLIGHT,,,False,38.1244205,-85.6792937,2011,9,12,11,50
291,50356,71050270,LOUISVILLE METRO POLICE DEPT,8011073298,AC,,,WHIPPS MILL,RD   ,,0.313,,WOOD,RD   ,,,,,,,2,1,0,0,2.0,CLEAR,1.0,DRY,False,5.0,LOCAL STREET,2.0,COLLISION WITH BICYCLE,9.0,SINGLE VEHICLE,6.0,STRAIGHT & LEVEL,2.0,DAYLIGHT,,,False,38.2511441,-85.5982402,2011,9,12,16,9
292,50361,71050275,LOUISVILLE METRO POLICE DEPT,8011073626,AC,,,5TH,ST   ,S ,3.166,,MUHAMMAD ALI,BLVD ,,,,,,,2,1,0,0,3.0,CLOUDY,1.0,DRY,False,5.0,LOCAL STREET,2.0,COLLISION WITH BICYCLE,9.0,SINGLE VEHICLE,6.0,STRAIGHT & LEVEL,2.0,DAYLIGHT,,,False,38.2514232,-85.7592557,2011,9,13,10,0
293,51329,71054832,LOUISVILLE METRO POLICE DEPT,8011077127,AC,,,RANGELAND,RD   ,,0.042,,,,,LAGOONA,DR   ,KY0864,POPLAR LEVEL,RD   ,2,1,0,1,2.0,CLEAR,1.0,DRY,True,1.0,COUNTY ROAD,37.0,COLLISION WITH BICYCLIST,9.0,SINGLE VEHICLE,6.0,STRAIGHT & LEVEL,2.0,DAYLIGHT,,,False,38.1673084,-85.6809606,2011,9,24,18,40
294,51385,71054852,LOUISVILLE METRO POLICE DEPT,8011077219,AC,US0060  ,,FRANKFORT,AVE  ,,0.778,,CLIFTON,AVE  ,,,,,,,2,1,0,1,2.0,CLEAR,1.0,DRY,True,2.0,FEDERAL,2.0,COLLISION WITH BICYCLE,9.0,SINGLE VEHICLE,6.0,STRAIGHT & LEVEL,2.0,DAYLIGHT,,,False,38.2536116,-85.7061316,2011,9,25,8,23
295,51393,71054866,LOUISVILLE METRO POLICE DEPT,8011077308,AC,,,15TH,ST   ,S ,2.021,,CEDAR,ST   ,,,,,,,2,1,0,1,2.0,CLEAR,1.0,DRY,False,5.0,LOCAL STREET,2.0,COLLISION WITH BICYCLE,9.0,SINGLE VEHICLE,6.0,STRAIGHT & LEVEL,2.0,DAYLIGHT,,,False,38.2544764,-85.7754514,2011,9,25,16,32
296,51436,71054861,LOUISVILLE METRO POLICE DEPT,8011077288,AC,KY3064  ,,PORTLAND,AVE  ,,0.573,,,,,,,,,,2,1,0,0,3.0,CLOUDY,1.0,DRY,False,7.0,STATE,37.0,COLLISION WITH BICYCLIST,9.0,SINGLE VEHICLE,6.0,STRAIGHT & LEVEL,2.0,DAYLIGHT,,,False,38.271804,-85.7921323,2011,9,25,14,56
297,51544,71055534,LOUISVILLE METRO POLICE DEPT,8011077767,AC,US0031E ,,MARKET,ST   ,E ,17.383,KY0061  ,PRESTON,ST   ,,,,,,,2,1,0,1,2.0,CLEAR,1.0,DRY,False,2.0,FEDERAL,2.0,COLLISION WITH BICYCLE,9.0,SINGLE VEHICLE,6.0,STRAIGHT & LEVEL,1.0,DAWN,,,False,38.2541348,-85.7462308,2011,9,27,8,38
298,51587,71055974,LOUISVILLE METRO POLICE DEPT,8011077801,AC,,,FACTORY,LN   ,,0.016,,,,,,,,,,2,1,0,0,3.0,CLOUDY,1.0,DRY,True,1.0,COUNTY ROAD,37.0,COLLISION WITH BICYCLIST,9.0,SINGLE VEHICLE,6.0,STRAIGHT & LEVEL,2.0,DAYLIGHT,,,False,38.2893316,-85.5120607,2011,9,27,10,15
299,51863,71057517,LOUISVILLE METRO POLICE DEPT,8011078898,AC,KY1020  ,,2ND,ST   ,S ,12.193,,,,,CHESTNUT,ST   ,US0150,BROADWAY,,2,1,0,1,3.0,CLOUDY,1.0,DRY,False,7.0,STATE,37.0,COLLISION WITH BICYCLIST,9.0,SINGLE VEHICLE,6.0,STRAIGHT & LEVEL,2.0,DAYLIGHT,,,False,38.247226,-85.7548395,2011,9,30,17,0
300,52106,1178750,LOUISVILLE METRO POLICE DEPT,8011100036,AC,,,3RD,ST   ,,,,FLORENCE,,,,,,,,2,1,0,1,3.0,CLOUDY,1.0,DRY,False,5.0,LOCAL STREET,2.0,COLLISION WITH BICYCLE,1.0,ANGLE,6.0,STRAIGHT & LEVEL,2.0,DAYLIGHT,,,False,38.191066667,-85.765016667,2011,12,9,16,0
301,52155,1187478,LOUISVILLE METRO POLICE DEPT,8011090700,AC,US0031  ,,MAIN,ST   ,,,,PRESTON,,,,,,,,2,1,0,0,2.0,CLEAR,1.0,DRY,False,2.0,FEDERAL,2.0,COLLISION WITH BICYCLE,8.0,SIDESWIPE-SAME DIRECTION,6.0,STRAIGHT & LEVEL,2.0,DAYLIGHT,,,False,38.253333333,-85.740666667,2011,11,8,14,57
302,52281,1263077,LOUISVILLE METRO POLICE DEPT,8011100092,AC,US0060  ,,FRANKFORT,AVE  ,,,,BLACKBURN,AVE  ,,,,,,,2,1,0,0,3.0,CLOUDY,1.0,DRY,True,2.0,FEDERAL,2.0,COLLISION WITH BICYCLE,5.0,REAR END,6.0,STRAIGHT & LEVEL,5.0,DARK-HWY LIGHTED/ON,,,False,38.252516667,-85.671816667,2011,12,10,18,40
303,52312,1263539,LOUISVILLE METRO POLICE DEPT,8011092351,AC,,,MONTGOMERY,ST   ,,,,25TH,ST   ,,,,,,,2,1,0,1,2.0,CLEAR,1.0,DRY,True,5.0,LOCAL STREET,2.0,COLLISION WITH BICYCLE,5.0,REAR END,6.0,STRAIGHT & LEVEL,2.0,DAYLIGHT,,,False,38.27195,-85.788166667,2011,11,14,15,30
304,52470,1689356,LOUISVILLE METRO POLICE DEPT,8011095381,AC,,,LOWER RIVER,RD   ,,,,JOHNSONTOWN,RD   ,,,,,,,2,1,0,0,2.0,CLEAR,1.0,DRY,False,5.0,LOCAL STREET,2.0,COLLISION WITH BICYCLE,1.0,ANGLE,6.0,STRAIGHT & LEVEL,5.0,DARK-HWY LIGHTED/ON,,,False,38.1097,-85.889566667,2011,11,24,0,51
305,52519,1948539,LOUISVILLE METRO POLICE DEPT,8011093952,AC,US0060  ,,LEXINGTON,RD   ,,10.55,,WALLACE,AVE  ,,,,,,,2,1,0,1,3.0,CLOUDY,1.0,DRY,False,2.0,FEDERAL,2.0,COLLISION WITH BICYCLE,4.0,OPPOSING LEFT TURN,6.0,STRAIGHT & LEVEL,2.0,DAYLIGHT,,,False,38.251633333,-85.6547,2011,11,19,16,30
306,52850,71059154,LOUISVILLE METRO POLICE DEPT,8011080340,AC,KY1020  ,,2ND,ST   ,S ,12.098,US0150  ,BROADWAY,,,,,,,,2,1,0,0,2.0,CLEAR,1.0,DRY,False,7.0,STATE,2.0,COLLISION WITH BICYCLE,9.0,SINGLE VEHICLE,6.0,STRAIGHT & LEVEL,2.0,DAYLIGHT,,,False,38.2458563,-85.7550178,2011,10,5,17,0
307,52910,71059652,LOUISVILLE METRO POLICE DEPT,8011080241,AC,US0150  ,,BROADWAY,,W ,1.094,,18TH,ST   ,,,,,,,2,1,0,0,2.0,CLEAR,1.0,DRY,False,2.0,FEDERAL,2.0,COLLISION WITH BICYCLE,9.0,SINGLE VEHICLE,6.0,STRAIGHT & LEVEL,2.0,DAYLIGHT,,,False,38.2489317,-85.7815245,2011,10,5,13,0
308,52929,71060088,ST. MATTHEWS POLICE DEPARTMENT,0311001609,AC,,4100.0,OECHSLI,AVE  ,,0.08,,,,,,,,,,2,1,0,0,2.0,CLEAR,1.0,DRY,False,5.0,LOCAL STREET,37.0,COLLISION WITH BICYCLIST,9.0,SINGLE VEHICLE,6.0,STRAIGHT & LEVEL,2.0,DAYLIGHT,,,False,38.2543961,-85.6462471,2011,10,8,12,0
309,53007,71060321,LOUISVILLE METRO POLICE DEPT,8011080982,AC,,,FERN CREEK,RD   ,,0.539,,,,,,,,,,2,1,0,0,2.0,CLEAR,1.0,DRY,False,1.0,COUNTY ROAD,37.0,COLLISION WITH BICYCLIST,9.0,SINGLE VEHICLE,6.0,STRAIGHT & LEVEL,2.0,DAYLIGHT,,,False,38.1547494,-85.5922186,2011,10,7,15,29
310,53056,71060495,LOUISVILLE METRO POLICE DEPT,8011080999,AC,,,WELLINGTON,AVE  ,W ,0.276,,2ND,ST   ,,,,,,,2,1,0,1,2.0,CLEAR,1.0,DRY,False,5.0,LOCAL STREET,2.0,COLLISION WITH BICYCLE,9.0,SINGLE VEHICLE,6.0,STRAIGHT & LEVEL,2.0,DAYLIGHT,,,False,38.1835521,-85.7625777,2011,10,7,15,56
311,53120,71060620,LOUISVILLE METRO POLICE DEPT,8011081591,AC,KY1931  ,,ST ANDREWS CHURCH,RD   ,,4.521,,,,,BLANTON,LN   ,,BROOKVIEW,DR   ,2,1,0,1,2.0,CLEAR,1.0,DRY,False,7.0,STATE,37.0,COLLISION WITH BICYCLIST,9.0,SINGLE VEHICLE,6.0,STRAIGHT & LEVEL,5.0,DARK-HWY LIGHTED/ON,,,False,38.152634,-85.8178661,2011,10,9,19,51
312,53154,71060594,LOUISVILLE METRO POLICE DEPT,8011081450,AC,KY2049  ,,CRUMS,LN   ,,0.024,,,,,,,,,,3,2,0,1,2.0,CLEAR,1.0,DRY,True,7.0,STATE,37.0,COLLISION WITH BICYCLIST,5.0,REAR END,6.0,STRAIGHT & LEVEL,5.0,DARK-HWY LIGHTED/ON,,,True,38.1991711,-85.8369648,2011,10,9,5,30
313,53509,71063477,LOUISVILLE METRO POLICE DEPT,8011082154,AC,US0031W ,,MARKET,ST   ,W ,21.797,,,,,5TH,ST   ,,4TH,ST   ,2,1,0,1,3.0,CLOUDY,1.0,DRY,False,2.0,FEDERAL,37.0,COLLISION WITH BICYCLIST,9.0,SINGLE VEHICLE,6.0,STRAIGHT & LEVEL,2.0,DAYLIGHT,,,False,38.2553905,-85.7578176,2011,10,11,17,10
314,54263,71066890,LOUISVILLE METRO POLICE DEPT,8011085254,AC,,,BANK,ST   ,,0.019,US0150  ,22ND,ST   ,,,,,,,2,1,0,1,2.0,CLEAR,1.0,DRY,False,5.0,LOCAL STREET,2.0,COLLISION WITH BICYCLE,9.0,SINGLE VEHICLE,6.0,STRAIGHT & LEVEL,2.0,DAYLIGHT,,,False,38.2663431,-85.783328,2011,10,21,15,45
315,54494,71067663,LOUISVILLE METRO POLICE DEPT,8011086163,AC,,,SENECA PARK,RD   ,,0.764,,,,,,,,,,2,1,0,0,2.0,CLEAR,1.0,DRY,False,5.0,LOCAL STREET,37.0,COLLISION WITH BICYCLIST,9.0,SINGLE VEHICLE,3.0,CURVE & LEVEL,2.0,DAYLIGHT,,,False,38.2343971,-85.6771366,2011,10,24,16,10
316,54547,71068444,LOUISVILLE METRO POLICE DEPT,8011086509,AC,,,GOLDSMITH,LN   ,,1.001,,,,,TRAFALGAR,SQ   ,US0031E,BARDSTOWN,RD   ,2,1,0,1,2.0,CLEAR,1.0,DRY,False,5.0,LOCAL STREET,37.0,COLLISION WITH BICYCLIST,9.0,SINGLE VEHICLE,6.0,STRAIGHT & LEVEL,2.0,DAYLIGHT,,,False,38.2079448,-85.6697516,2011,10,25,18,17
317,54588,71068403,LOUISVILLE METRO POLICE DEPT,8011086526,AC,,,HANCOCK,ST   ,S ,1.452,,CAMP,ST   ,,,,,,,2,1,0,1,2.0,CLEAR,1.0,DRY,False,5.0,LOCAL STREET,2.0,COLLISION WITH BICYCLE,9.0,SINGLE VEHICLE,6.0,STRAIGHT & LEVEL,5.0,DARK-HWY LIGHTED/ON,,,False,38.2315207,-85.7458835,2011,10,25,19,23
318,54980,71070331,LOUISVILLE METRO POLICE DEPT,8011087733,AC,,,SCOTTSDALE,BLVD ,,0.0,KY1865  ,NEW CUT,RD   ,,,,,,,2,1,0,0,2.0,CLEAR,1.0,DRY,True,5.0,LOCAL STREET,2.0,COLLISION WITH BICYCLE,9.0,SINGLE VEHICLE,4.0,STRAIGHT & GRADE,2.0,DAYLIGHT,,,False,38.1391771,-85.7738041,2011,10,29,16,0