,Unnamed: 0,master_file_number,investigating_agency,local_code,collision_status_code,roadway_number,building_number,roadway_name,roadway_suffix,roadway_direction,milepoint,intersection_roadway_number,intersection_roadway_name,intersection_roadway_suffix,between_street_number_1,between_street_name_1,between_street_suffix_1,between_street_number_2,between_street_name_2,between_street_suffix_2,units_involved,motor_vehicles_involved,killed,injured,weather_code,weather,roadway_condition_code,roadway_condition,hit_and_run,roadway_type_code,roadway_type,directional_analysis_code,directional_analysis,manner_of_collision_code,manner_of_collision,roadway_character_code,roadway_character,light_condition_code,light_condition,ramp_from_roadway_id,ramp_to_roadway_id,secondary_collision,latitude,longitude,year,month,day,hour,minute
319,55073,71070879,LOUISVILLE METRO POLICE DEPT,8011086178,AC,US0060  ,,FRANKFORT,AVE  ,,0.778,,CLIFTON,AVE  ,,,,,,,2,1,0,1,2.0,CLEAR,1.0,DRY,False,2.0,FEDERAL,2.0,COLLISION WITH BICYCLE,9.0,SINGLE VEHICLE,5.0,STRAIGHT & HILLCREST,2.0,DAYLIGHT,,,False,38.2536077,-85.7061282,2011,10,24,10,0
320,55154,71071200,JEFFERSONTOWN POLICE DEPT,A1118396  ,AC,,,STONY BROOK,DR   ,,0.747,KY1747  ,HURSTBOURNE,PKWY ,,,,,,,2,1,0,0,2.0,CLEAR,1.0,DRY,False,5.0,LOCAL STREET,2.0,COLLISION WITH BICYCLE,9.0,SINGLE VEHICLE,6.0,STRAIGHT & LEVEL,2.0,DAYLIGHT,,,False,38.2109004,-85.5975865,2011,11,1,9,27
321,55175,71071513,LOUISVILLE METRO POLICE DEPT,8011088493,AC,US0150  ,,BROADWAY,,E ,2.688,,,,,,,,,,2,1,0,0,2.0,CLEAR,1.0,DRY,False,2.0,FEDERAL,37.0,COLLISION WITH BICYCLIST,9.0,SINGLE VEHICLE,6.0,STRAIGHT & LEVEL,2.0,DAYLIGHT,,,False,38.2456618,-85.7526504,2011,11,1,12,21
322,55407,71072766,LOUISVILLE METRO POLICE DEPT,8011089341,AC,US0031E ,,BUECHEL,BYP  ,,10.068,,,,,PLAZA,AVE  ,,BUECHEL BANK,RD   ,2,1,0,1,6.0,RAINING,5.0,WET,False,2.0,FEDERAL,37.0,COLLISION WITH BICYCLIST,9.0,SINGLE VEHICLE,6.0,STRAIGHT & LEVEL,4.0,DARK-HWY LIGHTED/OFF,,,False,38.190769,-85.6482377,2011,11,3,20,0
323,55488,71073487,LOUISVILLE METRO POLICE DEPT,8011088692,AC,,,VIRGINIA,AVE  ,,0.002,,26TH,ST   ,,,,,,,2,1,0,1,2.0,CLEAR,1.0,DRY,False,5.0,LOCAL STREET,2.0,COLLISION WITH BICYCLE,9.0,SINGLE VEHICLE,6.0,STRAIGHT & LEVEL,5.0,DARK-HWY LIGHTED/ON,,,False,38.237757,-85.7962691,2011,11,1,20,5
324,55739,71074299,LOUISVILLE METRO POLICE DEPT,8011090382,AC,US0060  ,,FRANKFORT,AVE  ,,2.495,,MCCREADY,AVE  ,,,,,,,2,1,0,1,2.0,CLEAR,1.0,DRY,False,2.0,FEDERAL,2.0,COLLISION WITH BICYCLE,9.0,SINGLE VEHICLE,6.0,STRAIGHT & LEVEL,2.0,DAYLIGHT,,,False,38.2543229,-85.6748288,2011,11,7,14,50
325,55742,71074308,LOUISVILLE METRO POLICE DEPT,8011090432,AC,,,LIBERTY,ST   ,W ,0.476,,ARMORY,PL   ,,,,,,,2,1,0,0,2.0,CLEAR,1.0,DRY,False,5.0,LOCAL STREET,2.0,COLLISION WITH BICYCLE,9.0,SINGLE VEHICLE,6.0,STRAIGHT & LEVEL,2.0,DAYLIGHT,,,False,38.2533279,-85.7595586,2011,11,7,13,30
326,55776,71074820,LOUISVILLE METRO POLICE DEPT,8011090560,AC,,,BROADWAY,,W ,0.363,,26TH,ST   ,,,,,,,2,1,0,1,2.0,CLEAR,1.0,DRY,False,5.0,LOCAL STREET,2.0,COLLISION WITH BICYCLE,9.0,SINGLE VEHICLE,6.0,STRAIGHT & LEVEL,2.0,DAYLIGHT,,,False,38.2494484,-85.7948788,2011,11,8,6,59
327,55963,71075783,LOUISVILLE METRO POLICE DEPT,8011091294,AC,,,BROADWAY,,W ,0.506,,,,,,,,,,2,1,0,0,2.0,CLEAR,1.0,DRY,False,5.0,LOCAL STREET,37.0,COLLISION WITH BICYCLIST,9.0,SINGLE VEHICLE,6.0,STRAIGHT & LEVEL,2.0,DAYLIGHT,,,False,38.2495518,-85.7974962,2011,11,10,15,50
328,56004,71075770,LOUISVILLE METRO POLICE DEPT,8011091170,AC,US0060A ,,7TH STREET,RD   ,,0.481,,,,,,,,,,2,1,0,0,2.0,CLEAR,1.0,DRY,True,2.0,FEDERAL,37.0,COLLISION WITH BICYCLIST,9.0,SINGLE VEHICLE,6.0,STRAIGHT & LEVEL,2.0,DAYLIGHT,,,False,38.1962723,-85.8008298,2011,11,10,7,40
329,56154,71076720,LOUISVILLE METRO POLICE DEPT,8011092116,AC,US0031E ,,MAIN,ST   ,E ,17.326,KY0061  ,JACKSON,ST   ,,,,,,,2,1,0,1,3.0,CLOUDY,1.0,DRY,True,2.0,FEDERAL,2.0,COLLISION WITH BICYCLE,9.0,SINGLE VEHICLE,6.0,STRAIGHT & LEVEL,5.0,DARK-HWY LIGHTED/ON,,,False,38.2552455,-85.743516,2011,11,13,18,56
330,56386,71077994,LOUISVILLE METRO POLICE DEPT,8011092627,AC,,,LIBERTY,ST   ,E ,0.409,,,,KY0061  ,PRESTON,ST   ,KY0061,JACKSON,ST   ,2,1,0,1,6.0,RAINING,5.0,WET,False,5.0,LOCAL STREET,37.0,COLLISION WITH BICYCLIST,9.0,SINGLE VEHICLE,6.0,STRAIGHT & LEVEL,2.0,DAYLIGHT,,,False,38.2516617,-85.745072,2011,11,15,13,42
331,56455,71078580,LOUISVILLE METRO POLICE DEPT,8011092019,AC,,,LINDELL,AVE  ,,0.008,,BROADWAY,,,,,,,,2,1,0,0,2.0,CLEAR,1.0,DRY,True,5.0,LOCAL STREET,2.0,COLLISION WITH BICYCLE,9.0,SINGLE VEHICLE,6.0,STRAIGHT & LEVEL,2.0,DAYLIGHT,,,False,38.2501458,-85.8122386,2011,11,13,13,8
332,57252,71083032,LOUISVILLE METRO POLICE DEPT,8011094174,AC,,,GARFIELD,AVE  ,,0.634,,,,,,,,,,2,1,0,2,3.0,CLOUDY,5.0,WET,True,5.0,LOCAL STREET,37.0,COLLISION WITH BICYCLIST,9.0,SINGLE VEHICLE,6.0,STRAIGHT & LEVEL,2.0,DAYLIGHT,,,False,38.2684021,-85.8110417,2011,11,20,13,30
333,57287,71083096,LOUISVILLE METRO POLICE DEPT,8011095464,AC,US0031E ,,BUECHEL,BYP  ,,11.019,,,,KY2251  ,BARDSTOWN,RD   ,,HIKES,LN   ,2,1,0,0,2.0,CLEAR,1.0,DRY,True,2.0,FEDERAL,37.0,COLLISION WITH BICYCLIST,9.0,SINGLE VEHICLE,6.0,STRAIGHT & LEVEL,2.0,DAYLIGHT,,,False,38.1987968,-85.6614391,2011,11,24,16,50
334,57830,71085689,LOUISVILLE METRO POLICE DEPT,8011088628,AC,US0031W ,,MARKET,ST   ,W ,21.891,,,,,4TH,ST   ,US0031E,3RD,ST   ,2,1,0,1,3.0,CLOUDY,1.0,DRY,False,2.0,FEDERAL,37.0,COLLISION WITH BICYCLIST,9.0,SINGLE VEHICLE,6.0,STRAIGHT & LEVEL,2.0,DAYLIGHT,,,False,38.2551272,-85.7561813,2011,11,1,17,30
335,58459,71089195,LOUISVILLE METRO POLICE DEPT,8011099423,AC,,,CHRISTY,AVE  ,,0.303,,,,,BARRET,AVE  ,,EDWARD,ST   ,2,1,0,0,2.0,CLEAR,1.0,DRY,False,5.0,LOCAL STREET,37.0,COLLISION WITH BICYCLIST,9.0,SINGLE VEHICLE,6.0,STRAIGHT & LEVEL,3.0,DUSK,,,False,38.239749,-85.7304727,2011,11,7,19,56
336,58468,71089210,LOUISVILLE METRO POLICE DEPT,8011099607,AC,KY1020  ,,2ND,ST   ,S ,11.69,,,,,KENTUCKY,ST   ,,BRECKINRIDGE,ST   ,2,1,0,1,2.0,CLEAR,1.0,DRY,False,7.0,STATE,37.0,COLLISION WITH BICYCLIST,9.0,SINGLE VEHICLE,6.0,STRAIGHT & LEVEL,2.0,DAYLIGHT,,,False,38.239941,-85.7561199,2011,12,8,11,59
337,58511,71089205,LOUISVILLE METRO POLICE DEPT,8011099567,AC,,,4TH,ST   ,S ,1.343,,ST CATHERINE,ST   ,,,,,,,2,1,0,1,2.0,CLEAR,1.0,DRY,False,5.0,LOCAL STREET,2.0,COLLISION WITH BICYCLE,9.0,SINGLE VEHICLE,6.0,STRAIGHT & LEVEL,2.0,DAYLIGHT,,,False,38.2373318,-85.7598697,2011,12,8,0,0
338,58671,71090090,LOUISVILLE METRO POLICE DEPT,8011099750,AC,,,DOUGLASS,BLVD ,,0.418,,,,,BOULEVARD NAPOLEON,,,SEWANEE,DR   ,2,1,0,1,2.0,CLEAR,1.0,DRY,False,5.0,LOCAL STREET,37.0,COLLISION WITH BICYCLIST,9.0,SINGLE VEHICLE,6.0,STRAIGHT & LEVEL,3.0,DUSK,,,False,38.2234387,-85.6962597,2011,12,8,18,28
339,59263,71093438,LOUISVILLE METRO POLICE DEPT,8011102155,AC,KY0864  ,4901.0,POPLAR LEVEL,RD   ,,9.2,,,,,,,,,,2,1,0,1,2.0,CLEAR,1.0,DRY,True,7.0,STATE,37.0,COLLISION WITH BICYCLIST,9.0,SINGLE VEHICLE,4.0,STRAIGHT & GRADE,5.0,DARK-HWY LIGHTED/ON,,,False,38.1714031,-85.6847229,2011,12,16,10,0
340,59384,71093869,LOUISVILLE METRO POLICE DEPT,8011103002,AC,,,BRECKINRIDGE,ST   ,E ,0.429,,VINE,ST   ,,,,,,,2,1,0,1,3.0,CLOUDY,1.0,DRY,False,5.0,LOCAL STREET,2.0,COLLISION WITH BICYCLE,9.0,SINGLE VEHICLE,6.0,STRAIGHT & LEVEL,2.0,DAYLIGHT,,,False,38.23942,-85.732906,2011,12,20,0,0
341,59884,71096712,LOUISVILLE METRO POLICE DEPT,8011104862,AC,,,HELCK,AVE  ,,0.0,,,,,,,,,,2,1,0,0,6.0,RAINING,5.0,WET,False,5.0,LOCAL STREET,37.0,COLLISION WITH BICYCLIST,9.0,SINGLE VEHICLE,6.0,STRAIGHT & LEVEL,2.0,DAYLIGHT,,,False,38.1772158,-85.7088083,2011,12,27,14,4
342,60060,71097874,LOUISVILLE METRO POLICE DEPT,8011105355,AC,KY0155  ,,TAYLORSVILLE,RD   ,,15.32,,CARSON,WAY  ,,,,,,,2,1,0,1,2.0,CLEAR,1.0,DRY,False,7.0,STATE,2.0,COLLISION WITH BICYCLE,9.0,SINGLE VEHICLE,6.0,STRAIGHT & LEVEL,2.0,DAYLIGHT,,,False,38.2224294,-85.6623395,2011,12,29,10,20
343,60327,71105970,LOUISVILLE METRO POLICE DEPT,8011101726,AC,KY1703  ,,BAXTER,AVE  ,,5.326,,LUCIA,AVE  ,,,,,,,2,1,0,1,2.0,CLEAR,1.0,DRY,True,7.0,STATE,2.0,COLLISION WITH BICYCLE,9.0,SINGLE VEHICLE,6.0,STRAIGHT & LEVEL,2.0,DAYLIGHT,,,False,38.2358005,-85.7208108,2011,12,13,11,20
344,60412,1177695,LOUISVILLE METRO POLICE DEPT,8012012491,AC,KY0907  ,,3RD,ST   ,,,,MARKET,ST   ,,,,,,,2,1,0,0,2.0,CLEAR,1.0,DRY,False,7.0,STATE,2.0,COLLISION WITH BICYCLE,3.0,HEAD ON,6.0,STRAIGHT & LEVEL,2.0,DAYLIGHT,,,False,38.25495,-85.7551,2012,2,16,7,42
345,60742,1925986,LOUISVILLE METRO POLICE DEPT,8012020480,AC,US0031  ,,DIXIE,HWY  ,,,,,,,STANDARD,AVE  ,,WOODLAND,,2,1,0,1,3.0,CLOUDY,1.0,DRY,False,2.0,FEDERAL,37.0,COLLISION WITH BICYCLIST,1.0,ANGLE,4.0,STRAIGHT & GRADE,2.0,DAYLIGHT,,,False,38.230983333,-85.789416667,2012,3,16,11,40
346,61069,71100690,LOUISVILLE METRO POLICE DEPT,8012001331,AC,,,MINOR,LN   ,,0.478,,,,,EDLIN,LN   ,,ZIB,LN   ,2,1,0,1,2.0,CLEAR,1.0,DRY,False,5.0,LOCAL STREET,37.0,COLLISION WITH BICYCLIST,9.0,SINGLE VEHICLE,6.0,STRAIGHT & LEVEL,5.0,DARK-HWY LIGHTED/ON,,,False,38.1284087,-85.7112429,2012,1,5,19,8
347,61328,71102647,LOUISVILLE METRO POLICE DEPT,8012002751,AC,KY0841  ,,,,,0.258,KY1865  ,NEW CUT,RD   ,,,,,,,3,1,0,0,3.0,CLOUDY,1.0,DRY,False,7.0,STATE,2.0,COLLISION WITH BICYCLE,9.0,SINGLE VEHICLE,1.0,CURVE & GRADE,6.0,DARK-HWY NOT LIGHTED,,,False,38.1193407,-85.7772031,2012,1,10,19,36
348,61680,71104853,LOUISVILLE METRO POLICE DEPT,8012003591,AC,,,MUD,LN   ,,0.012,KY0061  ,PRESTON,HWY  ,,,,,,,2,1,0,0,9.0,SNOWING,1.0,DRY,True,1.0,COUNTY ROAD,2.0,COLLISION WITH BICYCLE,9.0,SINGLE VEHICLE,5.0,STRAIGHT & HILLCREST,2.0,DAYLIGHT,,,False,38.0928635,-85.6693706,2012,1,13,14,8
349,62103,71107150,LOUISVILLE METRO POLICE DEPT,8012005517,AC,KY0907  ,,SOUTHSIDE,DR   ,,6.375,KY1865  ,NEW CUT,RD   ,,,,,,,2,1,0,1,2.0,CLEAR,1.0,DRY,False,7.0,STATE,2.0,COLLISION WITH BICYCLE,9.0,SINGLE VEHICLE,6.0,STRAIGHT & LEVEL,2.0,DAYLIGHT,,,False,38.1463129,-85.774281,2012,1,20,10,0
350,62129,71107015,LOUISVILLE METRO POLICE DEPT,8012001617,RE,,,41ST,ST   ,N ,0.398,,DUNCAN,ST   ,,,,,,,2,1,0,3,2.0,CLEAR,1.0,DRY,False,5.0,LOCAL STREET,2.0,COLLISION WITH BICYCLE,9.0,SINGLE VEHICLE,6.0,STRAIGHT & LEVEL,2.0,DAYLIGHT,,,False,38.2663042,-85.8156794,2012,1,6,17,1
351,62389,71108384,LOUISVILLE METRO POLICE DEPT,8012006833,AC,,,FLOYD,ST   ,S ,1.489,,OAK,ST   ,,,,,,,2,1,0,0,3.0,CLOUDY,1.0,DRY,False,5.0,LOCAL STREET,2.0,COLLISION WITH BICYCLE,9.0,SINGLE VEHICLE,6.0,STRAIGHT & LEVEL,2.0,DAYLIGHT,,,False,38.2342799,-85.7516731,2012,1,25,0,0
352,62816,71110492,LOUISVILLE METRO POLICE DEPT,8012008193,AC,,,BEECHER,ST   ,,0.332,,WARREN,AVE  ,,,,,,,2,1,0,1,2.0,CLEAR,1.0,DRY,True,5.0,LOCAL STREET,2.0,COLLISION WITH BICYCLE,9.0,SINGLE VEHICLE,6.0,STRAIGHT & LEVEL,4.0,DARK-HWY LIGHTED/OFF,,,False,38.1917632,-85.7771726,2012,1,30,23,10
353,63340,71113611,LOUISVILLE METRO POLICE DEPT,8012010465,AC,,,4TH,ST   ,S ,2.302,,LEE,ST   ,,,,,,,2,1,0,1,9.0,SNOWING,5.0,WET,True,5.0,LOCAL STREET,2.0,COLLISION WITH BICYCLE,9.0,SINGLE VEHICLE,6.0,STRAIGHT & LEVEL,5.0,DARK-HWY LIGHTED/ON,,,False,38.2235666,-85.762372,2012,2,8,6,37
354,64167,71117905,LOUISVILLE METRO POLICE DEPT,8012013090,AC,US0060  ,,FRANKFORT,AVE  ,,3.46,US0060A ,LEXINGTON,RD   ,,,,,,,2,1,0,1,2.0,CLEAR,1.0,DRY,True,2.0,FEDERAL,2.0,COLLISION WITH BICYCLE,9.0,SINGLE VEHICLE,3.0,CURVE & LEVEL,2.0,DAYLIGHT,,,False,38.2530212,-85.6570943,2012,2,18,10,5
355,64168,71117906,LOUISVILLE METRO POLICE DEPT,8012013103,AC,,,5TH,ST   ,S ,1.295,,KENTON,ST   ,,,,,,,2,1,0,1,3.0,CLOUDY,1.0,DRY,False,5.0,LOCAL STREET,2.0,COLLISION WITH BICYCLE,9.0,SINGLE VEHICLE,6.0,STRAIGHT & LEVEL,2.0,DAYLIGHT,,,False,38.1981358,-85.7684375,2012,2,18,11,2
356,64714,71120317,LOUISVILLE METRO POLICE DEPT,8012015259,AC,US0031W ,,DIXIE,HWY  ,,8.787,,ALANADALE,DR   ,,,,,,,2,1,0,1,2.0,CLEAR,1.0,DRY,False,2.0,FEDERAL,2.0,COLLISION WITH BICYCLE,9.0,SINGLE VEHICLE,6.0,STRAIGHT & LEVEL,4.0,DARK-HWY LIGHTED/OFF,,,False,38.1096068,-85.8654169,2012,2,26,21,6
357,64750,71120680,LOUISVILLE METRO POLICE DEPT,8012015443,AC,,8412.0,WATTERSON,TRL  ,,1.327,,,,,,,,,,2,1,0,1,2.0,CLEAR,1.0,DRY,False,5.0,LOCAL STREET,37.0,COLLISION WITH BICYCLIST,9.0,SINGLE VEHICLE,4.0,STRAIGHT & GRADE,2.0,DAYLIGHT,,,False,38.1839537,-85.6021637,2012,2,27,13,56
358,65022,71121948,LOUISVILLE METRO POLICE DEPT,8012016458,AC,KY0061  ,,PRESTON,HWY  ,,4.933,,,,,,,,,,2,1,0,1,2.0,CLEAR,1.0,DRY,False,7.0,STATE,37.0,COLLISION WITH BICYCLIST,9.0,SINGLE VEHICLE,6.0,STRAIGHT & LEVEL,6.0,DARK-HWY NOT LIGHTED,,,False,38.1514685,-85.693968,2012,3,2,22,5
359,65141,71122643,LOUISVILLE METRO POLICE DEPT,8012016887,AC,,,SCENIC,LOOP ,,1.858,,,,,,,,,,2,1,0,0,2.0,CLEAR,1.0,DRY,False,5.0,LOCAL STREET,37.0,COLLISION WITH BICYCLIST,9.0,SINGLE VEHICLE,3.0,CURVE & LEVEL,2.0,DAYLIGHT,,,False,38.2409676,-85.6968391,2012,3,3,16,0
360,65386,71123789,LOUISVILLE METRO POLICE DEPT,8012017674,AC,,,HILL,ST   ,W ,0.094,,,,,,,,,,3,2,0,1,2.0,CLEAR,1.0,DRY,False,5.0,LOCAL STREET,37.0,COLLISION WITH BICYCLIST,1.0,ANGLE,6.0,STRAIGHT & LEVEL,2.0,DAYLIGHT,,,False,38.2256451,-85.7586431,2012,3,6,17,13
361,65397,71123806,LOUISVILLE METRO POLICE DEPT,8012017789,AC,KY1447  ,,WESTPORT,RD   ,,4.93,,,,,,,,,,2,1,0,1,2.0,CLEAR,1.0,DRY,False,7.0,STATE,37.0,COLLISION WITH BICYCLIST,9.0,SINGLE VEHICLE,6.0,STRAIGHT & LEVEL,4.0,DARK-HWY LIGHTED/OFF,,,False,38.2860264,-85.5777642,2012,3,7,6,7
362,65653,71125597,LOUISVILLE METRO POLICE DEPT,8012018634,AC,,,OAK,ST   ,E ,0.528,,HANCOCK,ST   ,,,,,,,2,1,0,1,2.0,CLEAR,1.0,DRY,False,1.0,COUNTY ROAD,2.0,COLLISION WITH BICYCLE,9.0,SINGLE VEHICLE,6.0,STRAIGHT & LEVEL,5.0,DARK-HWY LIGHTED/ON,,,False,38.2341435,-85.7457715,2012,3,9,20,34
363,65905,71126545,SHIVELY POLICE DEPARTMENT,0412000478,AC,US0031W ,,DIXIE,HWY  ,,15.719,,NOBEL,PL   ,,,,,,,2,1,0,1,2.0,CLEAR,1.0,DRY,False,2.0,FEDERAL,2.0,COLLISION WITH BICYCLE,9.0,SINGLE VEHICLE,4.0,STRAIGHT & GRADE,2.0,DAYLIGHT,,,False,38.1969718,-85.8048366,2012,3,13,18,54
364,65979,71126906,LOUISVILLE METRO POLICE DEPT,8012018156,AC,,,BROADWAY,,W ,0.401,,,,,,,,,,2,1,0,1,6.0,RAINING,5.0,WET,False,99.0,NONE OF THE ABOVE,37.0,COLLISION WITH BICYCLIST,9.0,SINGLE VEHICLE,6.0,STRAIGHT & LEVEL,2.0,DAYLIGHT,,,False,38.2494775,-85.7955668,2012,3,8,12,3
365,66148,71127515,LOUISVILLE METRO POLICE DEPT,8012020441,AC,US0150  ,,BROADWAY,,E ,3.567,,,,,BRENT,ST   ,KY0864,CAMPBELL,ST   ,2,1,0,0,3.0,CLOUDY,5.0,WET,False,2.0,FEDERAL,37.0,COLLISION WITH BICYCLIST,9.0,SINGLE VEHICLE,6.0,STRAIGHT & LEVEL,2.0,DAYLIGHT,,,False,38.2444627,-85.7365801,2012,3,16,8,50
366,66500,71129547,ST. MATTHEWS POLICE DEPARTMENT,0312000608,AC,KY1932  ,,CHENOWETH,LN   ,,6.103,,LELAND,RD   ,,,,,,,2,1,0,0,2.0,CLEAR,1.0,DRY,False,7.0,STATE,2.0,COLLISION WITH BICYCLE,9.0,SINGLE VEHICLE,4.0,STRAIGHT & GRADE,2.0,DAYLIGHT,,,False,38.2598627,-85.6611451,2012,3,21,16,55
367,66663,71130652,SHIVELY POLICE DEPARTMENT,0412000512,AC,US0031W ,,DIXIE,HWY  ,,15.352,,,,,,,,,,2,1,0,1,2.0,CLEAR,1.0,DRY,False,2.0,FEDERAL,37.0,COLLISION WITH BICYCLIST,9.0,SINGLE VEHICLE,6.0,STRAIGHT & LEVEL,2.0,DAYLIGHT,,,False,38.1921808,-85.8079622,2012,3,19,18,38
368,66887,71131250,LOUISVILLE METRO POLICE DEPT,8012023190,AC,,,NAOMI,DR   ,,0.204,,,,,NORENE,LN   ,,LULA,WAY  ,2,1,0,1,2.0,CLEAR,1.0,DRY,False,5.0,LOCAL STREET,37.0,COLLISION WITH BICYCLIST,9.0,SINGLE VEHICLE,6.0,STRAIGHT & LEVEL,5.0,DARK-HWY LIGHTED/ON,,,False,38.1644236,-85.6838494,2012,3,24,20,55
369,66962,71131328,LOUISVILLE METRO POLICE DEPT,8012023487,AC,US0150  ,,BROADWAY,,E ,2.899,,,,,,,,,,2,1,0,1,2.0,CLEAR,1.0,DRY,False,2.0,FEDERAL,37.0,COLLISION WITH BICYCLIST,9.0,SINGLE VEHICLE,6.0,STRAIGHT & LEVEL,2.0,DAYLIGHT,,,False,38.2453637,-85.7487457,2012,3,26,9,0
370,67348,71133761,LOUISVILLE METRO POLICE DEPT,8012024126,AC,US0150  ,,BROADWAY,,W ,2.383,,4TH,ST   ,,,,,,,2,1,0,0,2.0,CLEAR,1.0,DRY,False,2.0,FEDERAL,2.0,COLLISION WITH BICYCLE,9.0,SINGLE VEHICLE,6.0,STRAIGHT & LEVEL,2.0,DAYLIGHT,,,False,38.2460774,-85.7583687,2012,3,28,11,35
371,67681,71148179,INDIAN HILLS POLICE DEPARTMENT,4412000025,AC,,,BLANKENBAKER,LN   ,,0.323,,APACHE,RD   ,,,,,,,2,1,0,1,2.0,CLEAR,1.0,DRY,False,5.0,LOCAL STREET,2.0,COLLISION WITH BICYCLE,9.0,SINGLE VEHICLE,6.0,STRAIGHT & LEVEL,2.0,DAYLIGHT,,,False,38.2781829,-85.6485848,2012,3,16,15,30
372,67760,816627,LOUISVILLE METRO POLICE DEPT,8012036202,AC,,,WINDSOR,PL   ,,12.53,,,,,MOSSROSE,AVE  ,,BELLWOOD,AVE  ,2,1,0,1,3.0,CLOUDY,1.0,DRY,False,5.0,LOCAL STREET,37.0,COLLISION WITH BICYCLIST,8.0,SIDESWIPE-SAME DIRECTION,6.0,STRAIGHT & LEVEL,3.0,DUSK,,,False,38.23285,-85.716033333,2012,5,7,20,14
373,68121,1366040,LOUISVILLE METRO POLICE DEPT,8012032125,AC,US0060  ,,FRANKFORT,AVE  ,,1.91,,KENNEDY,AVE  ,,,,,,,2,1,0,0,3.0,CLOUDY,1.0,DRY,False,,,2.0,COLLISION WITH BICYCLE,8.0,SIDESWIPE-SAME DIRECTION,6.0,STRAIGHT & LEVEL,2.0,DAYLIGHT,,,False,38.201666667,-85.536666667,2012,4,24,17,35
374,68129,1471126,LOUISVILLE METRO POLICE DEPT,8012038163,AC,US0031  ,2100.0,DIXIE,HWY  ,,,,,,,,,,,,2,1,0,1,2.0,CLEAR,1.0,DRY,False,2.0,FEDERAL,37.0,COLLISION WITH BICYCLIST,1.0,ANGLE,6.0,STRAIGHT & LEVEL,2.0,DAYLIGHT,,,False,38.2452,-85.795366667,2012,5,14,16,15
375,68320,71134797,LOUISVILLE METRO POLICE DEPT,8012025953,AC,,,ALTA VISTA,RD   ,,0.309,,,,,MAPLE,RD   ,,BEALS BRANCH,RD   ,2,1,0,1,2.0,CLEAR,1.0,DRY,False,5.0,LOCAL STREET,37.0,COLLISION WITH BICYCLIST,9.0,SINGLE VEHICLE,1.0,CURVE & GRADE,2.0,DAYLIGHT,,,False,38.2409979,-85.6874386,2012,4,3,16,7
376,68581,71135992,LOUISVILLE METRO POLICE DEPT,8012026690,AC,,,HASKIN,AVE  ,,0.0,KY1865  ,TAYLOR,BLVD ,,,,,,,2,1,0,0,2.0,CLEAR,1.0,DRY,False,5.0,LOCAL STREET,2.0,COLLISION WITH BICYCLE,9.0,SINGLE VEHICLE,6.0,STRAIGHT & LEVEL,2.0,DAYLIGHT,,,False,38.1725341,-85.7819755,2012,4,5,19,0
377,68692,71136863,LOUISVILLE METRO POLICE DEPT,8012027028,AC,,,6TH,ST   ,S ,0.742,US0150  ,BROADWAY,,,,,,,,2,1,0,1,2.0,CLEAR,1.0,DRY,False,5.0,LOCAL STREET,2.0,COLLISION WITH BICYCLE,9.0,SINGLE VEHICLE,6.0,STRAIGHT & LEVEL,2.0,DAYLIGHT,,,False,38.2463243,-85.7617167,2012,4,6,10,0
378,68758,71137065,LOUISVILLE METRO POLICE DEPT,8012027249,AC,,,BARRET HILL,RD   ,,0.559,,PARK BOUNDARY,RD   ,,,,,,,2,1,0,0,2.0,CLEAR,1.0,DRY,False,5.0,LOCAL STREET,2.0,COLLISION WITH BICYCLE,9.0,SINGLE VEHICLE,4.0,STRAIGHT & GRADE,2.0,DAYLIGHT,,,False,38.2373022,-85.6901282,2012,4,7,16,0
379,68954,71138451,LOUISVILLE METRO POLICE DEPT,8012026452,AC,US0031W ,,2ND,ST   ,S ,22.123,,,,US0031E ,MAIN,ST   ,US0031E,MARKET,ST   ,2,1,0,0,6.0,RAINING,5.0,WET,False,2.0,FEDERAL,37.0,COLLISION WITH BICYCLIST,9.0,SINGLE VEHICLE,6.0,STRAIGHT & LEVEL,5.0,DARK-HWY LIGHTED/ON,,,False,38.2561125,-85.7532983,2012,4,5,0,5
380,68983,71138582,LOUISVILLE METRO POLICE DEPT,8012028444,AC,KY1631  ,,CRITTENDEN,DR   ,,0.421,,HURON,AVE  ,,,,,,,2,1,0,1,2.0,CLEAR,1.0,DRY,False,7.0,STATE,2.0,COLLISION WITH BICYCLE,9.0,SINGLE VEHICLE,6.0,STRAIGHT & LEVEL,2.0,DAYLIGHT,,,False,38.1940132,-85.7509267,2012,4,12,6,55
381,69111,71139182,JEFFERSONTOWN POLICE DEPT,A0426492  ,AC,KY0155  ,,TAYLORSVILLE,RD   ,,9.855,,GRAND,AVE  ,,,,,,,2,1,0,1,2.0,CLEAR,1.0,DRY,False,7.0,STATE,2.0,COLLISION WITH BICYCLE,9.0,SINGLE VEHICLE,1.0,CURVE & GRADE,2.0,DAYLIGHT,,,False,38.1998912,-85.5713871,2012,4,13,13,58
382,69796,71142375,LOUISVILLE METRO POLICE DEPT,8012031467,AC,,,BROOK,ST   ,S ,2.787,,BRECKINRIDGE,ST   ,,,,,,,2,1,0,1,2.0,CLEAR,1.0,DRY,False,5.0,LOCAL STREET,2.0,COLLISION WITH BICYCLE,9.0,SINGLE VEHICLE,6.0,STRAIGHT & LEVEL,2.0,DAYLIGHT,,,False,38.241315,-85.752539,2012,4,22,16,20