,Unnamed: 0,master_file_number,investigating_agency,local_code,collision_status_code,roadway_number,building_number,roadway_name,roadway_suffix,roadway_direction,milepoint,intersection_roadway_number,intersection_roadway_name,intersection_roadway_suffix,between_street_number_1,between_street_name_1,between_street_suffix_1,between_street_number_2,between_street_name_2,between_street_suffix_2,units_involved,motor_vehicles_involved,killed,injured,weather_code,weather,roadway_condition_code,roadway_condition,hit_and_run,roadway_type_code,roadway_type,directional_analysis_code,directional_analysis,manner_of_collision_code,manner_of_collision,roadway_character_code,roadway_character,light_condition_code,light_condition,ramp_from_roadway_id,ramp_to_roadway_id,secondary_collision,latitude,longitude,year,month,day,hour,minute
383,70169,71144280,LOUISVILLE METRO POLICE DEPT,8012032791,AC,,,STRADER,AVE  ,,0.023,KY1865  ,TAYLOR,BLVD ,,,,,,,2,1,0,1,2.0,CLEAR,1.0,DRY,False,5.0,LOCAL STREET,2.0,COLLISION WITH BICYCLE,9.0,SINGLE VEHICLE,6.0,STRAIGHT & LEVEL,2.0,DAYLIGHT,,,False,38.1911295,-85.7837235,2012,4,26,18,50
384,70573,71146172,LOUISVILLE METRO POLICE DEPT,8012034251,AC,,,17TH,ST   ,S ,0.555,,,,,,,,,,2,1,0,1,2.0,CLEAR,1.0,DRY,False,5.0,LOCAL STREET,37.0,COLLISION WITH BICYCLIST,9.0,SINGLE VEHICLE,6.0,STRAIGHT & LEVEL,1.0,DAWN,,,True,38.2497055,-85.779737,2012,5,1,18,34
385,70748,71147794,LOUISVILLE METRO POLICE DEPT,8012029930,AC,,,BROADWAY,,W ,0.742,,,,,,,,,,2,1,0,1,2.0,CLEAR,1.0,DRY,False,5.0,LOCAL STREET,37.0,COLLISION WITH BICYCLIST,9.0,SINGLE VEHICLE,6.0,STRAIGHT & LEVEL,2.0,DAYLIGHT,,,False,38.2497015,-85.8018214,2012,4,17,13,49
386,70793,71147880,LOUISVILLE METRO POLICE DEPT,8012034856,AC,KY0061  ,,PRESTON,HWY  ,,6.56,,LORETTA,ST   ,,,,,,,2,1,0,0,2.0,CLEAR,1.0,DRY,False,7.0,STATE,2.0,COLLISION WITH BICYCLE,9.0,SINGLE VEHICLE,6.0,STRAIGHT & LEVEL,2.0,DAYLIGHT,,,False,38.171236,-85.7091755,2012,5,3,17,46
387,70828,71147862,LOUISVILLE METRO POLICE DEPT,8012034811,AC,,,INVERNESS,AVE  ,,0.006,,,,,,,,,,2,1,0,1,2.0,CLEAR,1.0,DRY,False,5.0,LOCAL STREET,37.0,COLLISION WITH BICYCLIST,9.0,SINGLE VEHICLE,6.0,STRAIGHT & LEVEL,2.0,DAYLIGHT,,,False,38.1670298,-85.7648886,2012,5,3,16,15
388,70862,71147932,LOUISVILLE METRO POLICE DEPT,8012035068,AC,,,ROY WILKINS,AVE  ,,0.537,,,,,,,,,,2,1,0,1,2.0,CLEAR,1.0,DRY,False,5.0,LOCAL STREET,37.0,COLLISION WITH BICYCLIST,9.0,SINGLE VEHICLE,6.0,STRAIGHT & LEVEL,2.0,DAYLIGHT,,,False,38.2498525,-85.7659933,2012,5,4,10,9
389,71023,71148065,LOUISVILLE METRO POLICE DEPT,8012035588,AC,,,CENTRAL,AVE  ,,1.028,US0060A ,TAYLOR,BLVD ,,,,,,,2,1,0,0,3.0,CLOUDY,1.0,DRY,True,99.0,NONE OF THE ABOVE,2.0,COLLISION WITH BICYCLE,9.0,SINGLE VEHICLE,6.0,STRAIGHT & LEVEL,5.0,DARK-HWY LIGHTED/ON,,,False,38.2063312,-85.7762696,2012,5,5,23,0
390,71454,71151009,LOUISVILLE METRO POLICE DEPT,8012037049,AC,,,DUNCAN,ST   ,,0.897,,26TH,ST   ,,,,,,,2,1,0,1,2.0,CLEAR,1.0,DRY,False,5.0,LOCAL STREET,2.0,COLLISION WITH BICYCLE,9.0,SINGLE VEHICLE,6.0,STRAIGHT & LEVEL,2.0,DAYLIGHT,,,False,38.2633986,-85.7932794,2012,5,10,16,37
391,71791,71151878,LOUISVILLE METRO POLICE DEPT,8012038215,AC,KY1931  ,,MANSLICK,RD   ,,8.441,,CONN,ST   ,,,,,,,2,1,0,1,2.0,CLEAR,1.0,DRY,False,7.0,STATE,2.0,COLLISION WITH BICYCLE,9.0,SINGLE VEHICLE,3.0,CURVE & LEVEL,2.0,DAYLIGHT,,,False,38.1959538,-85.79908,2012,5,14,17,40
392,72057,71154099,LOUISVILLE METRO POLICE DEPT,8012037599,AC,,,THEILER,LN   ,,0.134,,NEW MAPLE,RD   ,,,,,,,2,1,0,1,3.0,CLOUDY,1.0,DRY,False,5.0,LOCAL STREET,2.0,COLLISION WITH BICYCLE,9.0,SINGLE VEHICLE,6.0,STRAIGHT & LEVEL,2.0,DAYLIGHT,,,False,38.1147215,-85.6464066,2012,5,12,15,15
393,72433,71155768,LOUISVILLE METRO POLICE DEPT,8012040779,AC,,,CARDINAL,BLVD ,W ,0.235,,,,KY1020  ,3RD,ST   ,,4TH,ST   ,2,1,0,0,2.0,CLEAR,1.0,DRY,True,5.0,LOCAL STREET,37.0,COLLISION WITH BICYCLIST,9.0,SINGLE VEHICLE,6.0,STRAIGHT & LEVEL,2.0,DAYLIGHT,,,False,38.220703,-85.7621563,2012,5,23,12,0
394,72697,71157738,LOUISVILLE METRO POLICE DEPT,8012041012,AC,KY1865  ,,TAYLOR,BLVD ,,6.062,,CARLISLE,AVE  ,,,,,,,2,1,0,0,2.0,CLEAR,1.0,DRY,True,7.0,STATE,2.0,COLLISION WITH BICYCLE,9.0,SINGLE VEHICLE,6.0,STRAIGHT & LEVEL,2.0,DAYLIGHT,,,False,38.1943381,-85.7831716,2012,5,27,17,51
395,72812,71157873,LOUISVILLE METRO POLICE DEPT,8012041919,AC,US0031W ,,MARKET,ST   ,W ,21.208,,,,,11TH,ST   ,,CHAPEL,ST   ,2,1,0,1,2.0,CLEAR,1.0,DRY,False,2.0,FEDERAL,37.0,COLLISION WITH BICYCLIST,9.0,SINGLE VEHICLE,6.0,STRAIGHT & LEVEL,2.0,DAYLIGHT,,,False,38.2564806,-85.7680489,2012,5,27,0,0
396,72973,71158010,LOUISVILLE METRO POLICE DEPT,8012042604,AC,,,LONG RUN PARK,RD   ,,0.659,,,,,,,,,,2,1,0,1,3.0,CLOUDY,1.0,DRY,False,99.0,NONE OF THE ABOVE,37.0,COLLISION WITH BICYCLIST,9.0,SINGLE VEHICLE,2.0,CURVE & HILLCREST,2.0,DAYLIGHT,,,False,38.2653868,-85.4143887,2012,5,29,19,22
397,73158,71158891,LOUISVILLE METRO POLICE DEPT,8012043249,AC,,,WASHBURN,AVE  ,,0.652,,CENTRAL,AVE  ,,,,,,,2,1,0,1,6.0,RAINING,5.0,WET,False,5.0,LOCAL STREET,2.0,COLLISION WITH BICYCLE,9.0,SINGLE VEHICLE,6.0,STRAIGHT & LEVEL,2.0,DAYLIGHT,,,False,38.2620923,-85.6185718,2012,5,31,19,2
398,73207,71159629,LOUISVILLE METRO POLICE DEPT,8012043176,AC,,,BROOK,ST   ,S ,3.433,,MUHAMMAD ALI,BLVD ,,,,,,,2,1,0,0,2.0,CLEAR,1.0,DRY,False,5.0,LOCAL STREET,2.0,COLLISION WITH BICYCLE,9.0,SINGLE VEHICLE,6.0,STRAIGHT & LEVEL,2.0,DAYLIGHT,,,False,38.2505292,-85.7516033,2012,5,31,15,32
399,73689,71161713,LOUISVILLE METRO POLICE DEPT,8012045140,AC,,,32ND,ST   ,S ,1.035,,GRAND,AVE  ,,,,,,,2,1,0,1,2.0,CLEAR,1.0,DRY,False,5.0,LOCAL STREET,2.0,COLLISION WITH BICYCLE,9.0,SINGLE VEHICLE,6.0,STRAIGHT & LEVEL,2.0,DAYLIGHT,,,False,38.2416023,-85.8064504,2012,6,7,12,5
400,73781,71162343,LOUISVILLE METRO POLICE DEPT,8012044810,AC,,,7TH,ST   ,S ,2.024,US0150  ,BROADWAY,,,,,,,,2,1,0,0,2.0,CLEAR,1.0,DRY,False,5.0,LOCAL STREET,2.0,COLLISION WITH BICYCLE,9.0,SINGLE VEHICLE,6.0,STRAIGHT & LEVEL,2.0,DAYLIGHT,,,False,38.2464772,-85.7633332,2012,6,6,11,51
401,74203,71164100,LOUISVILLE METRO POLICE DEPT,8012046842,AC,,,TENNY,AVE  ,W ,0.078,,3RD,ST   ,,,,,,,2,1,0,1,2.0,CLEAR,1.0,DRY,False,5.0,LOCAL STREET,2.0,COLLISION WITH BICYCLE,9.0,SINGLE VEHICLE,6.0,STRAIGHT & LEVEL,2.0,DAYLIGHT,,,False,38.1769186,-85.767051,2012,6,13,10,5
402,74265,71164538,LOUISVILLE METRO POLICE DEPT,8012047237,AC,,,NORTON HEALTHCARE,BLVD ,,0.102,,VON ALLMEN,CT   ,,,,,,,2,1,0,1,2.0,CLEAR,1.0,DRY,False,5.0,LOCAL STREET,2.0,COLLISION WITH BICYCLE,9.0,SINGLE VEHICLE,6.0,STRAIGHT & LEVEL,1.0,DAWN,,,False,38.312028,-85.5712926,2012,6,14,16,52
403,74443,71165462,LOUISVILLE METRO POLICE DEPT,8012047796,AC,US0060A ,,EASTERN,PKWY ,,4.477,,,,,ELLSWORTH,AVE  ,KY0061,PRESTON,ST   ,2,1,0,1,2.0,CLEAR,1.0,DRY,False,2.0,FEDERAL,37.0,COLLISION WITH BICYCLIST,9.0,SINGLE VEHICLE,6.0,STRAIGHT & LEVEL,2.0,DAYLIGHT,,,False,38.213991,-85.7441949,2012,6,16,10,51
404,74609,71166066,LOUISVILLE METRO POLICE DEPT,8012048457,AC,,,DAISY,AVE  ,,0.35,,PRINCETON,AVE  ,,,,,,,2,1,0,1,2.0,CLEAR,1.0,DRY,False,5.0,LOCAL STREET,2.0,COLLISION WITH BICYCLE,9.0,SINGLE VEHICLE,6.0,STRAIGHT & LEVEL,2.0,DAYLIGHT,,,False,38.1490447,-85.8498995,2012,6,18,17,56
405,74746,71167277,LOUISVILLE METRO POLICE DEPT,8012045458,AC,,,BROADWAY,,W ,0.549,,28TH,ST   ,,,,,,,2,1,0,1,2.0,CLEAR,1.0,DRY,True,5.0,LOCAL STREET,2.0,COLLISION WITH BICYCLE,9.0,SINGLE VEHICLE,6.0,STRAIGHT & LEVEL,2.0,DAYLIGHT,,,False,38.249566,-85.7982802,2012,6,5,13,0
406,74939,71168130,LOUISVILLE METRO POLICE DEPT,8012049799,AC,,,KIRBY,AVE  ,,0.062,,34TH,ST   ,,,,,,,2,1,0,1,6.0,RAINING,5.0,WET,True,5.0,LOCAL STREET,2.0,COLLISION WITH BICYCLE,9.0,SINGLE VEHICLE,6.0,STRAIGHT & LEVEL,5.0,DARK-HWY LIGHTED/ON,,,False,38.236373,-85.8106657,2012,5,7,22,30
407,75264,71169582,LOUISVILLE METRO POLICE DEPT,8012041114,AC,,3600.0,DUMESNIL,ST   ,,0.258,,,,,,,,,,2,1,0,0,97.0,OTHER,1.0,DRY,True,5.0,LOCAL STREET,37.0,COLLISION WITH BICYCLIST,9.0,SINGLE VEHICLE,6.0,STRAIGHT & LEVEL,5.0,DARK-HWY LIGHTED/ON,,,False,38.2381448,-85.8154649,2012,5,23,5,0
408,75277,71169607,LOUISVILLE METRO POLICE DEPT,8012050887,AC,,,MUHAMMAD ALI,BLVD ,E ,0.725,KY0061  ,PRESTON,ST   ,,,,,,,2,1,0,1,2.0,CLEAR,1.0,DRY,False,5.0,LOCAL STREET,2.0,COLLISION WITH BICYCLE,9.0,SINGLE VEHICLE,6.0,STRAIGHT & LEVEL,5.0,DARK-HWY LIGHTED/ON,,,False,38.2500202,-85.7468211,2012,6,26,21,21
409,75330,71169618,LOUISVILLE METRO POLICE DEPT,8012050988,AC,I 0264  ,,,,,0.305,,,,,,,,,,2,1,0,1,2.0,CLEAR,1.0,DRY,False,4.0,INTERSTATE,37.0,COLLISION WITH BICYCLIST,9.0,SINGLE VEHICLE,4.0,STRAIGHT & GRADE,2.0,DAYLIGHT,,,False,38.1943827,-85.7072832,2012,6,27,9,30
410,75348,71169654,LOUISVILLE METRO POLICE DEPT,8012051151,AC,,3804.0,SOUTHERN,PKWY ,,0.093,,,,,,,,,,3,1,0,2,2.0,CLEAR,1.0,DRY,False,5.0,LOCAL STREET,37.0,COLLISION WITH BICYCLIST,9.0,SINGLE VEHICLE,6.0,STRAIGHT & LEVEL,2.0,DAYLIGHT,,,False,38.180916,-85.7697026,2012,6,27,18,40
411,75493,71170793,LOUISVILLE METRO POLICE DEPT,8012051432,AC,,,KENTON,ST   ,E ,0.043,,RANKIN,ST   ,,,,,,,2,1,0,0,2.0,CLEAR,1.0,DRY,False,5.0,LOCAL STREET,2.0,COLLISION WITH BICYCLE,9.0,SINGLE VEHICLE,6.0,STRAIGHT & LEVEL,2.0,DAYLIGHT,,,False,38.1982434,-85.7607983,2012,6,28,10,0
412,75706,71172620,LOUISVILLE METRO POLICE DEPT,8012051684,AC,KY2251  ,,BARDSTOWN,RD   ,,1.191,US0031E ,BUECHEL,BYP  ,,,,,,,2,1,0,0,2.0,CLEAR,1.0,DRY,True,7.0,STATE,2.0,COLLISION WITH BICYCLE,9.0,SINGLE VEHICLE,6.0,STRAIGHT & LEVEL,2.0,DAYLIGHT,,,False,38.2001838,-85.6624557,2012,6,29,15,0
413,75741,71171844,LOUISVILLE METRO POLICE DEPT,8012051623,AC,US0150  ,,BROADWAY,,W ,2.105,,7TH,ST   ,,,,,,,2,1,0,0,2.0,CLEAR,1.0,DRY,True,2.0,FEDERAL,2.0,COLLISION WITH BICYCLE,9.0,SINGLE VEHICLE,3.0,CURVE & LEVEL,2.0,DAYLIGHT,,,False,38.2464515,-85.7633706,2012,6,29,12,3
414,75809,559494,LOUISVILLE METRO POLICE DEPT,8012052840,AC,US0031  ,,BARDSTOWN,,,,,,,,TRAVILLIAN,WAY  ,,LAKESIDE,DR   ,2,1,0,1,2.0,CLEAR,1.0,DRY,False,2.0,FEDERAL,37.0,COLLISION WITH BICYCLIST,9.0,SINGLE VEHICLE,6.0,STRAIGHT & LEVEL,2.0,DAYLIGHT,,,False,38.217016667,-85.683366667,2012,7,3,17,35
415,76070,1816614,LOUISVILLE METRO POLICE DEPT,8012068499,AC,,,SHELBYVILLE,RD   ,,,,MOSER,RD   ,,,,,,,2,1,0,1,3.0,CLOUDY,1.0,DRY,False,5.0,LOCAL STREET,2.0,COLLISION WITH BICYCLE,1.0,ANGLE,6.0,STRAIGHT & LEVEL,2.0,DAYLIGHT,,,False,38.2452,-85.559183333,2012,8,27,17,45
416,76136,1925394,LOUISVILLE METRO POLICE DEPT,8012065990,AC,,,36TH,ST   ,,,,DOERHOEFER,,,,,,,,2,1,0,1,2.0,CLEAR,1.0,DRY,False,5.0,LOCAL STREET,2.0,COLLISION WITH BICYCLE,1.0,ANGLE,6.0,STRAIGHT & LEVEL,2.0,DAYLIGHT,,,False,38.2479,-85.81095,2012,8,18,19,55
417,76261,1952002,LOUISVILLE METRO POLICE DEPT,8012054981,AC,,,7TH STREET,RD   ,,,,INDUSTRY,RD   ,,,,,,,2,1,0,1,2.0,CLEAR,1.0,DRY,False,5.0,LOCAL STREET,2.0,COLLISION WITH BICYCLE,1.0,ANGLE,6.0,STRAIGHT & LEVEL,2.0,DAYLIGHT,,,False,38.219583333,-85.77175,2012,7,11,16,40
418,76268,1954056,LOUISVILLE METRO POLICE DEPT,8012076296,AC,,,POINSETTIA,DR   ,,,,,,,AZALEA,LN   ,,JESSAMINE,DR   ,2,1,0,1,2.0,CLEAR,1.0,DRY,False,5.0,LOCAL STREET,37.0,COLLISION WITH BICYCLIST,1.0,ANGLE,6.0,STRAIGHT & LEVEL,2.0,DAYLIGHT,,,False,38.138,-85.85725,2012,9,24,18,31
419,76272,1959986,LOUISVILLE METRO POLICE DEPT,8012067992,AC,,,40TH,ST   ,,,,KENTUCKY,ST   ,,,,,,,2,1,0,1,2.0,CLEAR,1.0,DRY,False,5.0,LOCAL STREET,2.0,COLLISION WITH BICYCLE,1.0,ANGLE,6.0,STRAIGHT & LEVEL,3.0,DUSK,,,False,38.201666667,-85.536666667,2012,8,25,20,30
420,76282,1951103,LOUISVILLE METRO POLICE DEPT,8012070216,AC,,,CECIL,AVE  ,,,,ELLIOTT,AVE  ,,,,,,,2,1,0,1,2.0,CLEAR,1.0,DRY,False,5.0,LOCAL STREET,2.0,COLLISION WITH BICYCLE,1.0,ANGLE,6.0,STRAIGHT & LEVEL,2.0,DAYLIGHT,,,False,38.251666667,-85.82,2012,9,2,16,53
421,76460,71172228,LOUISVILLE METRO POLICE DEPT,8012052891,AC,US0031E ,,MARKET,ST   ,W ,17.8,KY1020  ,2ND,ST   ,,,,,,,2,1,0,1,2.0,CLEAR,1.0,DRY,False,2.0,FEDERAL,2.0,COLLISION WITH BICYCLE,9.0,SINGLE VEHICLE,6.0,STRAIGHT & LEVEL,3.0,DUSK,,,False,38.2549492,-85.7535902,2012,7,3,20,15
422,76557,71172752,LOUISVILLE METRO POLICE DEPT,8012053577,AC,,,MANNER DALE,DR   ,,0.001,KY1932  ,BRECKENRIDGE,LN   ,,,,,,,2,1,0,0,2.0,CLEAR,1.0,DRY,False,5.0,LOCAL STREET,2.0,COLLISION WITH BICYCLE,9.0,SINGLE VEHICLE,6.0,STRAIGHT & LEVEL,2.0,DAYLIGHT,,,False,38.2025698,-85.6223878,2012,7,6,11,3
423,76623,71173392,LOUISVILLE METRO POLICE DEPT,8012053497,AC,,,MUHAMMAD ALI,BLVD ,W ,0.91,,11TH,ST   ,,,,,,,2,1,0,1,2.0,CLEAR,1.0,DRY,False,5.0,LOCAL STREET,2.0,COLLISION WITH BICYCLE,9.0,SINGLE VEHICLE,6.0,STRAIGHT & LEVEL,5.0,DARK-HWY LIGHTED/ON,,,False,38.2524461,-85.7690858,2012,7,5,23,38
424,76705,71174030,LOUISVILLE METRO POLICE DEPT,8012054322,AC,,,PRINCETON,DR   ,,0.001,US0031E ,BARDSTOWN,RD   ,,,,,,,2,1,0,1,3.0,CLOUDY,1.0,DRY,False,5.0,LOCAL STREET,2.0,COLLISION WITH BICYCLE,9.0,SINGLE VEHICLE,6.0,STRAIGHT & LEVEL,2.0,DAYLIGHT,,,False,38.2251652,-85.6952648,2012,7,9,11,55
425,76803,71174045,LOUISVILLE METRO POLICE DEPT,8012054431,AC,KY1020  ,,2ND,ST   ,S ,12.165,,,,,CHESTNUT,ST   ,US0150,BROADWAY,,2,1,0,0,2.0,CLEAR,1.0,DRY,False,7.0,STATE,37.0,COLLISION WITH BICYCLIST,9.0,SINGLE VEHICLE,6.0,STRAIGHT & LEVEL,2.0,DAYLIGHT,,,False,38.2468082,-85.7548792,2012,7,9,18,10
426,77004,71175141,LOUISVILLE METRO POLICE DEPT,8012055260,AC,,,DENA,DR   ,,0.088,,,,,,,,,,2,1,0,1,2.0,CLEAR,1.0,DRY,False,5.0,LOCAL STREET,37.0,COLLISION WITH BICYCLIST,9.0,SINGLE VEHICLE,6.0,STRAIGHT & LEVEL,2.0,DAYLIGHT,,,False,38.1919257,-85.8020252,2012,7,12,14,55
427,77221,71176195,LOUISVILLE METRO POLICE DEPT,8012056193,AC,KY0061  ,,JACKSON,ST   ,S ,12.067,,LAMPTON,ST   ,,,,,,,2,1,0,1,2.0,CLEAR,1.0,DRY,False,7.0,STATE,2.0,COLLISION WITH BICYCLE,9.0,SINGLE VEHICLE,6.0,STRAIGHT & LEVEL,2.0,DAYLIGHT,,,False,38.2419605,-85.7461425,2012,7,15,18,51
428,77336,71177165,LOUISVILLE METRO POLICE DEPT,8012055701,AC,US0150  ,,22ND,ST   ,N ,0.57,,,,,DUNCAN,ST   ,,COLUMBIA,ST   ,2,1,0,1,2.0,CLEAR,1.0,DRY,True,2.0,FEDERAL,37.0,COLLISION WITH BICYCLIST,9.0,SINGLE VEHICLE,6.0,STRAIGHT & LEVEL,5.0,DARK-HWY LIGHTED/ON,,,False,38.2624011,-85.7859004,2012,7,13,10,51
429,77409,71177260,LOUISVILLE METRO POLICE DEPT,8012056823,AC,,,NORTHWESTERN,PKWY ,,1.366,,,,,,,,,,2,1,0,0,2.0,CLEAR,1.0,DRY,False,5.0,LOCAL STREET,37.0,COLLISION WITH BICYCLIST,9.0,SINGLE VEHICLE,6.0,STRAIGHT & LEVEL,2.0,DAYLIGHT,,,False,38.2747671,-85.7922321,2012,7,17,20,40
430,77827,71179103,LOUISVILLE METRO POLICE DEPT,8012058368,AC,US0031E ,,BARDSTOWN,RD   ,,15.464,,,,,GRINSTEAD,DR   ,KY1703,BAXTER,AVE  ,2,1,0,1,2.0,CLEAR,1.0,DRY,False,2.0,FEDERAL,37.0,COLLISION WITH BICYCLIST,9.0,SINGLE VEHICLE,6.0,STRAIGHT & LEVEL,2.0,DAYLIGHT,,,False,38.2387768,-85.7215351,2012,7,23,11,53
431,77980,71179829,LOUISVILLE METRO POLICE DEPT,8012058782,AC,,,MEADE,AVE  ,,0.085,,ENGLISH,AVE  ,,,,,,,2,1,0,1,3.0,CLOUDY,1.0,DRY,False,5.0,LOCAL STREET,2.0,COLLISION WITH BICYCLE,9.0,SINGLE VEHICLE,6.0,STRAIGHT & LEVEL,2.0,DAYLIGHT,,,False,38.210443,-85.7273398,2012,7,24,18,25
432,78006,71180197,LOUISVILLE METRO POLICE DEPT,8012058967,AC,,,GOLDSMITH,LN   ,,0.262,,,,,RIO RITA,AVE  ,,DELL BROOKE,AVE  ,2,1,0,1,2.0,CLEAR,1.0,DRY,False,5.0,LOCAL STREET,37.0,COLLISION WITH BICYCLIST,9.0,SINGLE VEHICLE,6.0,STRAIGHT & LEVEL,2.0,DAYLIGHT,,,False,38.2084517,-85.6526874,2012,7,25,12,5
433,78018,71180221,LOUISVILLE METRO POLICE DEPT,8012059099,AC,,,BROWNS,LN   ,,1.972,,LYNNBROOK,DR   ,,,,,,,2,1,0,1,2.0,CLEAR,1.0,DRY,False,1.0,COUNTY ROAD,2.0,COLLISION WITH BICYCLE,9.0,SINGLE VEHICLE,6.0,STRAIGHT & LEVEL,2.0,DAYLIGHT,,,False,38.2303465,-85.6249668,2012,7,25,18,35
434,78113,71180832,LOUISVILLE METRO POLICE DEPT,8012059537,AC,US0031W ,,DR W J HODGE,ST   ,,19.851,,CHESTNUT,ST   ,,,,,,,2,1,0,1,2.0,CLEAR,1.0,DRY,False,2.0,FEDERAL,2.0,COLLISION WITH BICYCLE,9.0,SINGLE VEHICLE,6.0,STRAIGHT & LEVEL,2.0,DAYLIGHT,,,False,38.2520777,-85.7860228,2012,7,27,11,0
435,78180,71181365,LOUISVILLE METRO POLICE DEPT,8012055530,AC,US0031W ,,2ND,ST   ,S ,22.037,US0031E ,MARKET,ST   ,,,,,,,2,1,0,0,2.0,CLEAR,1.0,DRY,False,2.0,FEDERAL,2.0,COLLISION WITH BICYCLE,9.0,SINGLE VEHICLE,6.0,STRAIGHT & LEVEL,2.0,DAYLIGHT,,,False,38.2548491,-85.7535754,2012,7,13,12,58
436,78215,71181506,LOUISVILLE METRO POLICE DEPT,8012059724,AC,KY1020  ,,3RD,ST   ,S ,9.868,US0060A ,EASTERN,PKWY ,,,,,,,2,1,0,1,6.0,RAINING,5.0,WET,True,7.0,STATE,2.0,COLLISION WITH BICYCLE,9.0,SINGLE VEHICLE,6.0,STRAIGHT & LEVEL,5.0,DARK-HWY LIGHTED/ON,,,False,38.2137362,-85.7622841,2012,7,27,21,21
437,78380,71182077,LOUISVILLE METRO POLICE DEPT,8012060358,AC,KY2054  ,,ALGONQUIN,PKWY ,,2.522,,7TH,ST   ,,,,,,,2,1,0,1,3.0,CLOUDY,1.0,DRY,False,7.0,STATE,2.0,COLLISION WITH BICYCLE,9.0,SINGLE VEHICLE,6.0,STRAIGHT & LEVEL,2.0,DAYLIGHT,,,False,38.2200231,-85.7773392,2012,7,30,13,45
438,78435,71182134,LOUISVILLE METRO POLICE DEPT,8012060401,AC,US0031W ,,MARKET,ST   ,W ,21.722,,,,,5TH,ST   ,,6TH,ST   ,2,1,0,1,2.0,CLEAR,1.0,DRY,False,2.0,FEDERAL,37.0,COLLISION WITH BICYCLIST,9.0,SINGLE VEHICLE,6.0,STRAIGHT & LEVEL,2.0,DAYLIGHT,,,False,38.2554281,-85.7590292,2012,7,30,16,5
439,78469,71182546,LOUISVILLE METRO POLICE DEPT,8012060718,AC,KY1020  ,,2ND,ST   ,S ,12.085,,,,,JACOB,ST   ,US0150,BROADWAY,,2,1,0,1,2.0,CLEAR,1.0,DRY,False,7.0,STATE,37.0,COLLISION WITH BICYCLIST,9.0,SINGLE VEHICLE,6.0,STRAIGHT & LEVEL,2.0,DAYLIGHT,,,False,38.2455781,-85.7549697,2012,7,31,17,15
440,78724,71184175,LOUISVILLE METRO POLICE DEPT,8012061861,AC,KY1931  ,,GREENWOOD,RD   ,,1.798,,COLUMBINE,DR   ,,,,,,,2,1,0,1,2.0,CLEAR,1.0,DRY,False,7.0,STATE,2.0,COLLISION WITH BICYCLE,9.0,SINGLE VEHICLE,6.0,STRAIGHT & LEVEL,2.0,DAYLIGHT,,,False,38.1445402,-85.8642844,2012,8,4,14,29
441,78725,71184176,LOUISVILLE METRO POLICE DEPT,8012061872,AC,,,4TH,ST   ,S ,3.588,,CENTRAL,AVE  ,,,,,,,2,1,0,1,2.0,CLEAR,1.0,DRY,False,5.0,LOCAL STREET,2.0,COLLISION WITH BICYCLE,9.0,SINGLE VEHICLE,6.0,STRAIGHT & LEVEL,2.0,DAYLIGHT,,,False,38.2051376,-85.7655794,2012,8,4,14,57
442,78790,71184730,LOUISVILLE METRO POLICE DEPT,8012062483,AC,,,PEE WEE REESE,RD   ,,2.065,,,,,ROCK CREEK,DR   ,KY2048,CANNONS,LN   ,2,1,0,1,2.0,CLEAR,1.0,DRY,False,5.0,LOCAL STREET,37.0,COLLISION WITH BICYCLIST,9.0,SINGLE VEHICLE,6.0,STRAIGHT & LEVEL,2.0,DAYLIGHT,,,False,38.246015,-85.665699,2012,8,6,19,0
443,78826,71184712,LOUISVILLE METRO POLICE DEPT,8012062387,AC,,,CHAMBERLAIN,LN   ,,3.399,,,,,,,,,,2,1,0,1,2.0,CLEAR,1.0,DRY,False,1.0,COUNTY ROAD,37.0,COLLISION WITH BICYCLIST,9.0,SINGLE VEHICLE,6.0,STRAIGHT & LEVEL,2.0,DAYLIGHT,,,False,38.3092066,-85.5600538,2012,8,6,14,35
444,78979,71185729,LOUISVILLE METRO POLICE DEPT,8012061866,AC,KY0061  ,,PRESTON,ST   ,S ,12.055,,,,,,,,,,2,1,0,1,2.0,CLEAR,1.0,DRY,False,7.0,STATE,37.0,COLLISION WITH BICYCLIST,9.0,SINGLE VEHICLE,6.0,STRAIGHT & LEVEL,2.0,DAYLIGHT,,,False,38.2407961,-85.7483218,2012,8,4,14,0
445,79116,71187020,LOUISVILLE METRO POLICE DEPT,8012058189,AC,,,COLUMBIA,AVE  ,,0.25,,KENTUCKY,AVE  ,,,,,,,2,1,0,1,2.0,CLEAR,1.0,DRY,False,1.0,COUNTY ROAD,2.0,COLLISION WITH BICYCLE,9.0,SINGLE VEHICLE,6.0,STRAIGHT & LEVEL,2.0,DAYLIGHT,,,False,38.1508045,-85.8479443,2012,7,22,15,46
446,79229,71187248,LOUISVILLE METRO POLICE DEPT,8012063959,AC,,,DIXIE,HWY  ,,0.005,US0150  ,BROADWAY,,,,,,,,2,1,0,1,2.0,CLEAR,1.0,DRY,False,5.0,LOCAL STREET,2.0,COLLISION WITH BICYCLE,9.0,SINGLE VEHICLE,6.0,STRAIGHT & LEVEL,2.0,DAYLIGHT,,,False,38.2489611,-85.7820492,2012,8,11,19,0