,Unnamed: 0,master_file_number,investigating_agency,local_code,collision_status_code,roadway_number,building_number,roadway_name,roadway_suffix,roadway_direction,milepoint,intersection_roadway_number,intersection_roadway_name,intersection_roadway_suffix,between_street_number_1,between_street_name_1,between_street_suffix_1,between_street_number_2,between_street_name_2,between_street_suffix_2,units_involved,motor_vehicles_involved,killed,injured,weather_code,weather,roadway_condition_code,roadway_condition,hit_and_run,roadway_type_code,roadway_type,directional_analysis_code,directional_analysis,manner_of_collision_code,manner_of_collision,roadway_character_code,roadway_character,light_condition_code,light_condition,ramp_from_roadway_id,ramp_to_roadway_id,secondary_collision,latitude,longitude,year,month,day,hour,minute
447,79468,71188552,LOUISVILLE METRO POLICE DEPT,8012065081,AC,US0031E ,,MARKET,ST   ,W ,17.774,US0031W ,2ND,ST   ,,,,,,,2,1,0,1,2.0,CLEAR,1.0,DRY,False,2.0,FEDERAL,2.0,COLLISION WITH BICYCLE,9.0,SINGLE VEHICLE,6.0,STRAIGHT & LEVEL,2.0,DAYLIGHT,,,False,38.2549938,-85.7532875,2012,8,15,17,18
448,79700,71189527,LOUISVILLE METRO POLICE DEPT,8012065965,AC,,5022.0,LESABRE,DR   ,,0.04,,,,,,,,,,2,1,0,0,2.0,CLEAR,1.0,DRY,False,5.0,LOCAL STREET,37.0,COLLISION WITH BICYCLIST,9.0,SINGLE VEHICLE,6.0,STRAIGHT & LEVEL,2.0,DAYLIGHT,,,False,38.1662013,-85.8255786,2012,8,18,17,0
449,80118,71191490,LOUISVILLE METRO POLICE DEPT,8012067542,AC,US0042  ,,BROWNSBORO,RD   ,,1.935,,IDLEWYLDE,DR   ,,,,,,,2,1,0,1,2.0,CLEAR,1.0,DRY,False,2.0,FEDERAL,2.0,COLLISION WITH BICYCLE,9.0,SINGLE VEHICLE,6.0,STRAIGHT & LEVEL,2.0,DAYLIGHT,,,False,38.258421,-85.7003631,2012,8,24,8,16
450,80143,71192119,LOUISVILLE METRO POLICE DEPT,8012065689,AC,,,GOLDSMITH,LN   ,,0.806,,,,,BELMONT,RD   ,,SUMNER,RD   ,2,1,0,1,2.0,CLEAR,1.0,DRY,False,5.0,LOCAL STREET,37.0,COLLISION WITH BICYCLIST,9.0,SINGLE VEHICLE,6.0,STRAIGHT & LEVEL,2.0,DAYLIGHT,,,False,38.2064035,-85.6727827,2012,8,17,17,55
451,80171,71191623,SHIVELY POLICE DEPARTMENT,0412001460,AC,US0031W ,,DIXIE,HWY  ,,15.361,,,,,CRUMS,LN   ,US0060A,7TH STREET,RD   ,2,1,0,1,2.0,CLEAR,1.0,DRY,False,2.0,FEDERAL,37.0,COLLISION WITH BICYCLIST,9.0,SINGLE VEHICLE,6.0,STRAIGHT & LEVEL,2.0,DAYLIGHT,,,False,38.1923028,-85.8079149,2012,7,30,15,53
452,80192,71192126,LOUISVILLE METRO POLICE DEPT,8012066648,AC,US0031E ,,BAXTER,AVE  ,,15.653,,HIGHLAND,AVE  ,,,,,,,2,1,0,1,2.0,CLEAR,1.0,DRY,False,2.0,FEDERAL,2.0,COLLISION WITH BICYCLE,9.0,SINGLE VEHICLE,6.0,STRAIGHT & LEVEL,2.0,DAYLIGHT,,,False,38.2402621,-85.7242726,2012,8,21,9,20
453,80219,71192244,LOUISVILLE METRO POLICE DEPT,8012067718,AC,KY3064  ,,PORTLAND,AVE  ,,0.557,,,,,,,,,,2,1,0,1,2.0,CLEAR,1.0,DRY,False,7.0,STATE,37.0,COLLISION WITH BICYCLIST,9.0,SINGLE VEHICLE,6.0,STRAIGHT & LEVEL,2.0,DAYLIGHT,,,False,38.2717248,-85.7918435,2012,8,24,18,28
454,80225,71192256,LOUISVILLE METRO POLICE DEPT,8012067798,AC,,2700.0,CEDAR,ST   ,,1.208,,,,,,,,,,2,1,0,0,2.0,CLEAR,1.0,DRY,False,5.0,LOCAL STREET,37.0,COLLISION WITH BICYCLIST,9.0,SINGLE VEHICLE,6.0,STRAIGHT & LEVEL,5.0,DARK-HWY LIGHTED/ON,,,False,38.2567497,-85.7957937,2012,8,25,0,22
455,80275,71192264,LOUISVILLE METRO POLICE DEPT,8012067838,AC,,,2ND,ST   ,S ,2.253,,CENTRAL STATION,BLVD ,,,,,,,2,1,0,1,2.0,CLEAR,1.0,DRY,False,5.0,LOCAL STREET,2.0,COLLISION WITH BICYCLE,9.0,SINGLE VEHICLE,6.0,STRAIGHT & LEVEL,2.0,DAYLIGHT,,,False,38.2034347,-85.7631976,2012,8,25,9,5
456,80444,71193203,LOUISVILLE METRO POLICE DEPT,8012068767,AC,,,TRAPPERS,TRL  ,,0.009,KY1934  ,CANE RUN,RD   ,,,,,,,2,1,0,1,2.0,CLEAR,1.0,DRY,False,5.0,LOCAL STREET,2.0,COLLISION WITH BICYCLE,9.0,SINGLE VEHICLE,6.0,STRAIGHT & LEVEL,2.0,DAYLIGHT,,,False,38.2033976,-85.8321425,2012,8,28,15,18
457,80660,71194002,LOUISVILLE METRO POLICE DEPT,8012069130,AC,US0150  ,,BROADWAY,,E ,2.97,KY0061  ,PRESTON,ST   ,,,,,,,2,1,0,1,2.0,CLEAR,1.0,DRY,False,2.0,FEDERAL,2.0,COLLISION WITH BICYCLE,9.0,SINGLE VEHICLE,6.0,STRAIGHT & LEVEL,3.0,DUSK,,,False,38.2453271,-85.7474973,2012,8,29,18,50
458,80858,71195420,LOUISVILLE METRO POLICE DEPT,8012069870,AC,,,ZORN,AVE  ,,0.873,,CLEVELAND,BLVD ,,,,,,,2,1,0,1,3.0,CLOUDY,1.0,DRY,False,5.0,LOCAL STREET,2.0,COLLISION WITH BICYCLE,9.0,SINGLE VEHICLE,4.0,STRAIGHT & GRADE,2.0,DAYLIGHT,,,False,38.2666184,-85.6906418,2012,9,1,8,30
459,81106,71196601,LOUISVILLE METRO POLICE DEPT,8012071017,AC,US0031W ,,DIXIE,HWY  ,,6.713,,ORELL,RD   ,,,,,,,2,1,0,1,3.0,CLOUDY,1.0,DRY,False,2.0,FEDERAL,2.0,COLLISION WITH BICYCLE,9.0,SINGLE VEHICLE,6.0,STRAIGHT & LEVEL,2.0,DAYLIGHT,,,False,38.0823887,-85.8816424,2012,9,5,15,16
460,81127,71196550,LOUISVILLE METRO POLICE DEPT,8012070714,AC,US0060A ,,BERRY,BLVD ,,0.609,,,,,,,,,,2,1,0,1,2.0,CLEAR,1.0,DRY,False,2.0,FEDERAL,37.0,COLLISION WITH BICYCLIST,9.0,SINGLE VEHICLE,6.0,STRAIGHT & LEVEL,2.0,DAYLIGHT,,,False,38.19662,-85.7987078,2012,9,4,15,45
461,81246,71197021,LOUISVILLE METRO POLICE DEPT,8012071294,AC,,5913.0,BAY HARBOR,DR   ,,0.402,,,,,,,,,,2,1,0,1,2.0,CLEAR,1.0,DRY,False,1.0,COUNTY ROAD,37.0,COLLISION WITH BICYCLIST,9.0,SINGLE VEHICLE,6.0,STRAIGHT & LEVEL,2.0,DAYLIGHT,,,False,38.1726035,-85.6391492,2012,9,6,16,27
462,81250,71197031,LOUISVILLE METRO POLICE DEPT,8012071317,AC,I 0264  ,,,,,0.23,,HALE,AVE  ,,,,,,,2,1,0,1,2.0,CLEAR,1.0,DRY,False,4.0,INTERSTATE,2.0,COLLISION WITH BICYCLE,9.0,SINGLE VEHICLE,3.0,CURVE & LEVEL,2.0,DAYLIGHT,,,False,38.2407888,-85.8165066,2012,9,6,10,0
463,81657,71199076,LOUISVILLE METRO POLICE DEPT,8012072583,AC,US0031E ,,BARDSTOWN,RD   ,,12.09,I 0264  ,I264 W EXIT16 OFF RAMP TO US31E N,,,,,,,,2,1,0,1,2.0,CLEAR,1.0,DRY,False,2.0,FEDERAL,2.0,COLLISION WITH BICYCLE,9.0,SINGLE VEHICLE,6.0,STRAIGHT & LEVEL,2.0,DAYLIGHT,,,False,38.2118428,-85.6716002,2012,9,11,13,2
464,81679,71199301,LOUISVILLE METRO POLICE DEPT,8012072921,AC,KY1065  ,,OUTER,LOOP ,,6.405,,NOLTEMEYER WYNDE,,,,,,,,2,1,0,1,2.0,CLEAR,1.0,DRY,False,7.0,STATE,2.0,COLLISION WITH BICYCLE,9.0,SINGLE VEHICLE,6.0,STRAIGHT & LEVEL,2.0,DAYLIGHT,,,False,38.1382579,-85.6804451,2012,9,12,14,53
465,81698,71198968,LOUISVILLE METRO POLICE DEPT,8012072698,AC,US0060  ,,FRANKFORT,AVE  ,,1.712,,KENNEDY,AVE  ,,,,,,,2,1,0,0,2.0,CLEAR,1.0,DRY,False,2.0,FEDERAL,2.0,COLLISION WITH BICYCLE,9.0,SINGLE VEHICLE,6.0,STRAIGHT & LEVEL,2.0,DAYLIGHT,,,False,38.2547044,-85.6887878,2012,9,11,19,8
466,81900,71200497,LOUISVILLE METRO POLICE DEPT,8012060885,AC,,,NORRIS,PL   ,,0.393,,DEERWOOD,AVE  ,,,,,,,2,1,0,1,2.0,CLEAR,1.0,DRY,True,5.0,LOCAL STREET,2.0,COLLISION WITH BICYCLE,9.0,SINGLE VEHICLE,6.0,STRAIGHT & LEVEL,2.0,DAYLIGHT,,,False,38.2269728,-85.708405,2012,8,1,11,17
467,81909,71200512,LOUISVILLE METRO POLICE DEPT,8012073091,AC,KY0155  ,,TAYLORSVILLE,RD   ,,15.883,,GLADSTONE,AVE  ,,,,,,,2,1,0,1,2.0,CLEAR,1.0,DRY,False,7.0,STATE,2.0,COLLISION WITH BICYCLE,9.0,SINGLE VEHICLE,6.0,STRAIGHT & LEVEL,5.0,DARK-HWY LIGHTED/ON,,,False,38.2231552,-85.672732,2012,9,13,1,20
468,81987,71200572,LOUISVILLE METRO POLICE DEPT,8012073562,AC,US0031E ,,BARDSTOWN,RD   ,,15.428,,GRINSTEAD,DR   ,,,,,,,2,1,0,1,3.0,CLOUDY,1.0,DRY,False,2.0,FEDERAL,2.0,COLLISION WITH BICYCLE,9.0,SINGLE VEHICLE,6.0,STRAIGHT & LEVEL,2.0,DAYLIGHT,,,False,38.2384156,-85.7210864,2012,9,14,16,50
469,82285,71201727,LOUISVILLE METRO POLICE DEPT,8012074602,AC,US0042  ,,STORY,AVE  ,,0.256,,,,,,,,,,2,1,0,0,3.0,CLOUDY,1.0,DRY,False,2.0,FEDERAL,37.0,COLLISION WITH BICYCLIST,9.0,SINGLE VEHICLE,6.0,STRAIGHT & LEVEL,2.0,DAYLIGHT,,,False,38.2558466,-85.728299,2012,9,18,15,28
470,82303,71201847,SHIVELY POLICE DEPARTMENT,0412001503,AC,US0031W ,,DIXIE,HWY  ,,14.0,,GAGEL,AVE  ,,,,,,,2,1,0,1,2.0,CLEAR,1.0,DRY,False,2.0,FEDERAL,2.0,COLLISION WITH BICYCLE,9.0,SINGLE VEHICLE,6.0,STRAIGHT & LEVEL,2.0,DAYLIGHT,,,False,38.1759532,-85.8214224,2012,8,5,13,33
471,82342,71202411,LOUISVILLE METRO POLICE DEPT,8012074927,AC,,,OAK,ST   ,W ,0.044,,,,,1ST,ST   ,KY1020,2ND,ST   ,2,1,0,1,2.0,CLEAR,1.0,DRY,True,5.0,LOCAL STREET,37.0,COLLISION WITH BICYCLIST,9.0,SINGLE VEHICLE,6.0,STRAIGHT & LEVEL,2.0,DAYLIGHT,,,False,38.234812,-85.7560779,2012,9,19,17,35
472,82365,71202673,LOUISVILLE METRO POLICE DEPT,8012075096,AC,KY1447  ,,WESTPORT,RD   ,,1.678,,,,,AMBRIDGE,DR   ,,WALSER,RD   ,2,1,0,1,2.0,CLEAR,1.0,DRY,False,7.0,STATE,37.0,COLLISION WITH BICYCLIST,9.0,SINGLE VEHICLE,3.0,CURVE & LEVEL,2.0,DAYLIGHT,,,False,38.2634858,-85.628924,2012,9,20,10,20
473,82525,71203511,LOUISVILLE METRO POLICE DEPT,8012075169,AC,,,FLOYD,ST   ,S ,0.624,,GRAY,ST   ,,,,,,,2,1,0,1,2.0,CLEAR,1.0,DRY,True,5.0,LOCAL STREET,2.0,COLLISION WITH BICYCLE,9.0,SINGLE VEHICLE,6.0,STRAIGHT & LEVEL,2.0,DAYLIGHT,,,False,38.2467049,-85.7494595,2012,9,15,11,0
474,82844,71205139,LOUISVILLE METRO POLICE DEPT,8012076635,AC,,,CLAY,ST   ,S ,0.693,US0150  ,BROADWAY,,,,,,,,2,1,0,1,6.0,RAINING,5.0,WET,True,5.0,LOCAL STREET,2.0,COLLISION WITH BICYCLE,9.0,SINGLE VEHICLE,6.0,STRAIGHT & LEVEL,5.0,DARK-HWY LIGHTED/ON,,,False,38.2448319,-85.7415217,2012,9,26,0,47
475,83568,1184144,LOUISVILLE METRO POLICE DEPT,8012081667,AC,,,MUHAMMAD ALI,BLVD ,,,,3RD,ST   ,,,,,,,2,1,0,1,2.0,CLEAR,1.0,DRY,False,5.0,LOCAL STREET,2.0,COLLISION WITH BICYCLE,1.0,ANGLE,6.0,STRAIGHT & LEVEL,5.0,DARK-HWY LIGHTED/ON,,,False,38.255616667,-85.7535,2012,10,14,1,15
476,83956,71208263,LOUISVILLE METRO POLICE DEPT,8012078628,AC,US0031E ,,BARDSTOWN,RD   ,,15.423,,GRINSTEAD,DR   ,,,,,,,2,1,0,0,3.0,CLOUDY,1.0,DRY,False,2.0,FEDERAL,2.0,COLLISION WITH BICYCLE,9.0,SINGLE VEHICLE,6.0,STRAIGHT & LEVEL,5.0,DARK-HWY LIGHTED/ON,,,False,38.2384105,-85.7209814,2012,10,3,6,18
477,84056,71208822,LOUISVILLE METRO POLICE DEPT,8012079039,AC,,,ST CATHERINE,ST   ,E ,1.113,,,,,,,,,,2,1,0,1,2.0,CLEAR,1.0,DRY,False,5.0,LOCAL STREET,37.0,COLLISION WITH BICYCLIST,9.0,SINGLE VEHICLE,6.0,STRAIGHT & LEVEL,2.0,DAYLIGHT,,,False,38.2364834,-85.7512224,2012,10,4,15,0
478,84113,71208932,LOUISVILLE METRO POLICE DEPT,8012079005,AC,KY1631  ,,CRITTENDEN,DR   ,,0.179,,ADAIR,ST   ,,,,,,,2,1,0,1,2.0,CLEAR,1.0,DRY,False,7.0,STATE,2.0,COLLISION WITH BICYCLE,9.0,SINGLE VEHICLE,6.0,STRAIGHT & LEVEL,2.0,DAYLIGHT,,,False,38.1905118,-85.7508036,2012,10,4,13,10
479,84213,71209608,LOUISVILLE METRO POLICE DEPT,8012079624,AC,KY2049  ,,CRUMS,LN   ,,0.455,,MAE,AVE  ,,,,,,,2,1,0,1,2.0,CLEAR,1.0,DRY,False,7.0,STATE,2.0,COLLISION WITH BICYCLE,9.0,SINGLE VEHICLE,6.0,STRAIGHT & LEVEL,2.0,DAYLIGHT,,,False,38.1961731,-85.8298115,2012,10,6,15,51
480,84370,71210282,LOUISVILLE METRO POLICE DEPT,8012080310,AC,US0031E ,,BARDSTOWN,RD   ,,15.395,,,,,GRINSTEAD,DR   ,,ELLWOOD,AVE  ,2,1,0,1,2.0,CLEAR,1.0,DRY,False,2.0,FEDERAL,37.0,COLLISION WITH BICYCLIST,9.0,SINGLE VEHICLE,6.0,STRAIGHT & LEVEL,2.0,DAYLIGHT,,,False,38.2381775,-85.7205571,2012,10,9,0,0
481,84927,71213075,LOUISVILLE METRO POLICE DEPT,8012081991,AC,,,JACOB,ST   ,W ,0.04,,,,,,,,,,2,1,0,1,2.0,CLEAR,1.0,DRY,False,5.0,LOCAL STREET,37.0,COLLISION WITH BICYCLIST,9.0,SINGLE VEHICLE,6.0,STRAIGHT & LEVEL,2.0,DAYLIGHT,,,False,38.2443302,-85.7545984,2012,10,15,12,23
482,85082,71213957,ST. MATTHEWS POLICE DEPARTMENT,0312002241,AC,KY0146  ,,NEW LA GRANGE,RD   ,,0.236,,MARQUETTE,DR   ,,,,,,,2,1,0,1,2.0,CLEAR,1.0,DRY,False,7.0,STATE,2.0,COLLISION WITH BICYCLE,9.0,SINGLE VEHICLE,6.0,STRAIGHT & LEVEL,2.0,DAYLIGHT,,,False,38.2524212,-85.6153355,2012,10,18,11,7
483,85264,71214824,SHIVELY POLICE DEPARTMENT,8012082536,AC,,,RALPH,AVE  ,,0.442,,,,,FITZGERALD,RD   ,,RAMSER,AVE  ,2,1,0,1,2.0,CLEAR,1.0,DRY,True,1.0,COUNTY ROAD,37.0,COLLISION WITH BICYCLIST,9.0,SINGLE VEHICLE,6.0,STRAIGHT & LEVEL,1.0,DAWN,,,False,38.2065277,-85.8075591,2012,10,17,7,50
484,85787,71216938,SHIVELY POLICE DEPARTMENT,0412002138,AC,KY2051  ,,ROCKFORD,LN   ,,0.152,,HILLSIDE,DR   ,,,,,,,2,1,0,1,2.0,CLEAR,1.0,DRY,False,7.0,STATE,2.0,COLLISION WITH BICYCLE,9.0,SINGLE VEHICLE,6.0,STRAIGHT & LEVEL,2.0,DAYLIGHT,,,False,38.1754644,-85.8259201,2012,10,25,18,14
485,86112,71218313,LOUISVILLE METRO POLICE DEPT,8012085856,AC,,,VIRGINIA,AVE  ,,1.107,I 0264  ,I264 E EXIT3 OFF RAMP TO HALE AVE,,,,,,,,2,1,0,1,2.0,CLEAR,1.0,DRY,False,5.0,LOCAL STREET,2.0,COLLISION WITH BICYCLE,9.0,SINGLE VEHICLE,3.0,CURVE & LEVEL,6.0,DARK-HWY NOT LIGHTED,,,False,38.2404217,-85.8157829,2012,10,27,22,27
486,86292,71219247,LOUISVILLE METRO POLICE DEPT,8012086096,AC,,6700.0,GRADE,LN   ,,2.576,,,,,,,,,,2,1,1,0,3.0,CLOUDY,1.0,DRY,True,1.0,COUNTY ROAD,37.0,COLLISION WITH BICYCLIST,9.0,SINGLE VEHICLE,3.0,CURVE & LEVEL,6.0,DARK-HWY NOT LIGHTED,,,False,38.1512401,-85.7348288,2012,10,25,4,53
487,86453,71220203,LOUISVILLE METRO POLICE DEPT,8012086821,AC,,,MARKET,ST   ,W ,0.293,,,,,,,,,,2,1,0,1,2.0,CLEAR,1.0,DRY,False,5.0,LOCAL STREET,37.0,COLLISION WITH BICYCLIST,9.0,SINGLE VEHICLE,6.0,STRAIGHT & LEVEL,2.0,DAYLIGHT,,,False,38.2593387,-85.791772,2012,10,31,15,56
488,86563,71221041,SHIVELY POLICE DEPARTMENT,0412002206,AC,US0060A ,3820.0,7TH STREET,RD   ,,0.398,,,,,,,,,,2,1,0,1,2.0,CLEAR,1.0,DRY,False,2.0,FEDERAL,37.0,COLLISION WITH BICYCLIST,9.0,SINGLE VEHICLE,6.0,STRAIGHT & LEVEL,2.0,DAYLIGHT,,,False,38.1956193,-85.8020241,2012,11,2,12,13
489,87340,71225213,LOUISVILLE METRO POLICE DEPT,8012089916,AC,US0060A ,,TAYLOR,BLVD ,,1.545,,SALE,AVE  ,,,,,,,2,1,0,1,2.0,CLEAR,1.0,DRY,False,2.0,FEDERAL,2.0,COLLISION WITH BICYCLE,9.0,SINGLE VEHICLE,6.0,STRAIGHT & LEVEL,3.0,DUSK,,,True,38.1974352,-85.7828842,2012,11,11,21,0
490,87683,71227189,LOUISVILLE METRO POLICE DEPT,8012091068,AC,,,LOWER HUNTERS,TRCE ,,2.408,,CHRISTIAN RIDGE,CT   ,,,,,,,2,1,0,1,2.0,CLEAR,1.0,DRY,False,5.0,LOCAL STREET,2.0,COLLISION WITH BICYCLE,9.0,SINGLE VEHICLE,6.0,STRAIGHT & LEVEL,4.0,DARK-HWY LIGHTED/OFF,,,False,38.1692694,-85.8742562,2012,11,15,0,0
491,89354,71235788,LOUISVILLE METRO POLICE DEPT,8012095731,AC,,,MONTANA,AVE  ,,0.182,,6TH,ST   ,,,,,,,2,1,0,1,2.0,CLEAR,1.0,DRY,False,99.0,NONE OF THE ABOVE,2.0,COLLISION WITH BICYCLE,9.0,SINGLE VEHICLE,4.0,STRAIGHT & GRADE,1.0,DAWN,,,False,38.2119909,-85.7677447,2012,12,3,17,5
492,89565,71237288,LOUISVILLE METRO POLICE DEPT,8012096821,AC,,,OAK,ST   ,W ,2.161,,25TH,ST   ,,,,,,,2,1,0,1,6.0,RAINING,5.0,WET,True,5.0,LOCAL STREET,2.0,COLLISION WITH BICYCLE,9.0,SINGLE VEHICLE,6.0,STRAIGHT & LEVEL,5.0,DARK-HWY LIGHTED/ON,,,False,38.2378685,-85.7947395,2012,12,6,20,0
493,90611,71241703,LOUISVILLE METRO POLICE DEPT,8012100148,AC,KY1934  ,,CANE RUN,RD   ,,7.781,,ROCKFORD,LN   ,,,,,,,2,1,0,1,2.0,CLEAR,1.0,DRY,False,7.0,STATE,2.0,COLLISION WITH BICYCLE,9.0,SINGLE VEHICLE,6.0,STRAIGHT & LEVEL,2.0,DAYLIGHT,,,False,38.1844071,-85.8545621,2012,12,18,15,39
494,90645,71242108,LOUISVILLE METRO POLICE DEPT,8012100511,AC,US0031E ,,BAXTER,AVE  ,,15.784,,CHRISTY,AVE  ,,,,,,,2,1,0,0,2.0,CLEAR,1.0,DRY,False,2.0,FEDERAL,2.0,COLLISION WITH BICYCLE,9.0,SINGLE VEHICLE,6.0,STRAIGHT & LEVEL,3.0,DUSK,,,False,38.2420857,-85.7257468,2012,12,19,18,58
495,90838,71242703,LOUISVILLE METRO POLICE DEPT,8012100916,AC,,,4TH,ST   ,S ,2.13,,,,,,,,,,2,1,0,2,3.0,CLOUDY,4.0,SNOW/SLUSH,False,5.0,LOCAL STREET,37.0,COLLISION WITH BICYCLIST,9.0,SINGLE VEHICLE,6.0,STRAIGHT & LEVEL,5.0,DARK-HWY LIGHTED/ON,,,True,38.2260368,-85.7619079,2012,12,21,0,21
496,91277,71245653,SHIVELY POLICE DEPARTMENT,0412002607,AC,,,GLENVIEW,PL   ,,0.023,,,,,LONEY,LN   ,US0031W,DIXIE,HWY  ,2,1,0,1,2.0,CLEAR,1.0,DRY,False,5.0,LOCAL STREET,37.0,COLLISION WITH BICYCLIST,9.0,SINGLE VEHICLE,6.0,STRAIGHT & LEVEL,6.0,DARK-HWY NOT LIGHTED,,,False,38.2124411,-85.7964527,2012,12,28,6,0
497,91684,71247289,LOUISVILLE METRO POLICE DEPT,8013000453,AC,KY1865  ,,TAYLOR,BLVD ,,5.544,,ASHLAND,AVE  ,,,,,,,2,1,0,0,3.0,CLOUDY,1.0,DRY,False,7.0,STATE,2.0,COLLISION WITH BICYCLE,9.0,SINGLE VEHICLE,6.0,STRAIGHT & LEVEL,5.0,DARK-HWY LIGHTED/ON,,,False,38.1867727,-85.7835932,2013,1,2,18,49
498,91818,71248537,LOUISVILLE METRO POLICE DEPT,8013000883,AC,KY3082  ,,BANK,ST   ,,1.072,,,,,LOCHER,ALY  ,,26TH,ST   ,2,1,0,1,2.0,CLEAR,1.0,DRY,False,7.0,STATE,37.0,COLLISION WITH BICYCLIST,9.0,SINGLE VEHICLE,6.0,STRAIGHT & LEVEL,2.0,DAYLIGHT,,,False,38.2694459,-85.7912649,2013,1,4,16,2
499,92072,71249068,LOUISVILLE METRO POLICE DEPT,8013001648,AC,KY2052  ,,SHEPHERDSVILLE,RD   ,,3.264,,INDIAN,TRL  ,,,,,,,2,1,0,1,2.0,CLEAR,1.0,DRY,True,7.0,STATE,2.0,COLLISION WITH BICYCLE,9.0,SINGLE VEHICLE,6.0,STRAIGHT & LEVEL,5.0,DARK-HWY LIGHTED/ON,,,False,38.1858278,-85.659659,2013,1,8,0,25
500,92110,71252329,LOUISVILLE METRO POLICE DEPT,8013001719,AC,US0031W ,,MARKET,ST   ,W ,21.942,,,,,,,,,,2,1,0,0,2.0,CLEAR,1.0,DRY,False,2.0,FEDERAL,37.0,COLLISION WITH BICYCLIST,9.0,SINGLE VEHICLE,6.0,STRAIGHT & LEVEL,2.0,DAYLIGHT,,,False,38.2550475,-85.7551695,2013,1,8,11,30
501,92671,71252355,LOUISVILLE METRO POLICE DEPT,8013003557,AC,KY0061  ,,PRESTON,ST   ,S ,12.525,,,,,CHESTNUT,ST   ,,SPRINGER,ALY  ,2,1,0,0,3.0,CLOUDY,1.0,DRY,False,7.0,STATE,37.0,COLLISION WITH BICYCLIST,9.0,SINGLE VEHICLE,6.0,STRAIGHT & LEVEL,2.0,DAYLIGHT,,,False,38.2467614,-85.7473665,2013,1,15,14,37
502,92768,71252438,LOUISVILLE METRO POLICE DEPT,8013003871,AC,,,PAYNE,ST   ,,0.152,,BISHOP,ST   ,,,,,,,2,1,0,1,3.0,CLOUDY,5.0,WET,False,5.0,LOCAL STREET,2.0,COLLISION WITH BICYCLE,9.0,SINGLE VEHICLE,6.0,STRAIGHT & LEVEL,5.0,DARK-HWY LIGHTED/ON,,,False,38.2466088,-85.7282902,2013,1,16,18,12
503,92804,71252848,LOUISVILLE METRO POLICE DEPT,8013003965,AC,US0060  ,,SHELBYVILLE,RD   ,,11.534,,PARK PLACE,DR   ,,,,,,,2,1,0,1,2.0,CLEAR,1.0,DRY,False,2.0,FEDERAL,2.0,COLLISION WITH BICYCLE,9.0,SINGLE VEHICLE,6.0,STRAIGHT & LEVEL,5.0,DARK-HWY LIGHTED/ON,,,False,38.24301,-85.512329,2013,1,17,7,2
504,93040,71254759,LOUISVILLE METRO POLICE DEPT,8013004703,AC,,,CORTLAND,DR   ,,0.05,,DUCHESS,DR   ,,,,,,,2,1,0,1,2.0,CLEAR,1.0,DRY,False,5.0,LOCAL STREET,2.0,COLLISION WITH BICYCLE,9.0,SINGLE VEHICLE,6.0,STRAIGHT & LEVEL,2.0,DAYLIGHT,,,False,38.1339358,-85.6215401,2013,1,19,17,10
505,93097,71254786,LOUISVILLE METRO POLICE DEPT,8013004874,AC,,,BROADWAY,,W ,0.366,,26TH,ST   ,,,,,,,2,1,0,1,2.0,CLEAR,1.0,DRY,False,5.0,LOCAL STREET,2.0,COLLISION WITH BICYCLE,9.0,SINGLE VEHICLE,6.0,STRAIGHT & LEVEL,2.0,DAYLIGHT,,,False,38.2494573,-85.794925,2013,1,20,14,50
506,93699,71258284,LOUISVILLE METRO POLICE DEPT,8013007384,RE,,,SPRING,ST   ,N ,0.193,,,,,,,,,,2,2,0,0,3.0,CLOUDY,6.0,WATER (STANDING OR MOVING),False,5.0,LOCAL STREET,37.0,COLLISION WITH BICYCLIST,8.0,SIDESWIPE-SAME DIRECTION,6.0,STRAIGHT & LEVEL,2.0,DAYLIGHT,,,False,38.2555105,-85.7222177,2013,1,30,16,10
507,94184,71261354,LOUISVILLE METRO POLICE DEPT,8013008749,AC,,,ST ANTHONY,PL   ,,0.195,,,,,,,,,,2,1,0,0,2.0,CLEAR,1.0,DRY,False,5.0,LOCAL STREET,37.0,COLLISION WITH BICYCLIST,9.0,SINGLE VEHICLE,5.0,STRAIGHT & HILLCREST,2.0,DAYLIGHT,,,False,38.2419979,-85.7320013,2013,2,5,14,0
508,94213,71261629,LOUISVILLE METRO POLICE DEPT,8013009086,AC,KY0061  ,,PRESTON,HWY  ,,4.317,,,,,,,,,,2,1,0,1,2.0,CLEAR,1.0,DRY,False,7.0,STATE,37.0,COLLISION WITH BICYCLIST,9.0,SINGLE VEHICLE,4.0,STRAIGHT & GRADE,4.0,DARK-HWY LIGHTED/OFF,,,False,38.1433247,-85.6893657,2013,2,5,18,37
509,94371,71263958,LOUISVILLE METRO POLICE DEPT,8013009369,AC,,,28TH,ST   ,S ,1.405,,GRAND,AVE  ,,,,,,,2,1,0,1,2.0,CLEAR,1.0,DRY,False,5.0,LOCAL STREET,2.0,COLLISION WITH BICYCLE,9.0,SINGLE VEHICLE,6.0,STRAIGHT & LEVEL,2.0,DAYLIGHT,,,False,38.2408568,-85.799807,2013,2,7,18,13
510,94477,71262780,LOUISVILLE METRO POLICE DEPT,8013009881,AC,US0031W ,,DIXIE,HWY  ,,12.703,,,,,FLINTLOCK,DR   ,,BLANTON,LN   ,2,1,0,0,2.0,CLEAR,1.0,DRY,False,2.0,FEDERAL,37.0,COLLISION WITH BICYCLIST,9.0,SINGLE VEHICLE,6.0,STRAIGHT & LEVEL,2.0,DAYLIGHT,,,False,38.1596878,-85.8328698,2013,2,9,16,8