,Unnamed: 0,master_file_number,investigating_agency,local_code,collision_status_code,roadway_number,building_number,roadway_name,roadway_suffix,roadway_direction,milepoint,intersection_roadway_number,intersection_roadway_name,intersection_roadway_suffix,between_street_number_1,between_street_name_1,between_street_suffix_1,between_street_number_2,between_street_name_2,between_street_suffix_2,units_involved,motor_vehicles_involved,killed,injured,weather_code,weather,roadway_condition_code,roadway_condition,hit_and_run,roadway_type_code,roadway_type,directional_analysis_code,directional_analysis,manner_of_collision_code,manner_of_collision,roadway_character_code,roadway_character,light_condition_code,light_condition,ramp_from_roadway_id,ramp_to_roadway_id,secondary_collision,latitude,longitude,year,month,day,hour,minute
511,94623,71263541,LOUISVILLE METRO POLICE DEPT,8013010181,AC,,,KENTUCKY,ST   ,W ,0.004,,1ST,ST   ,,,,,,,2,1,0,0,3.0,CLOUDY,1.0,DRY,False,5.0,LOCAL STREET,2.0,COLLISION WITH BICYCLE,9.0,SINGLE VEHICLE,6.0,STRAIGHT & LEVEL,2.0,DAYLIGHT,,,False,38.2383966,-85.7547289,2013,2,11,10,33
512,94642,71263304,LOUISVILLE METRO POLICE DEPT,8013010428,AC,,,BASHFORD MANOR,LN   ,,0.012,US0031E ,BARDSTOWN,RD   ,,,,,,,2,1,0,0,2.0,CLEAR,1.0,DRY,False,5.0,LOCAL STREET,2.0,COLLISION WITH BICYCLE,9.0,SINGLE VEHICLE,6.0,STRAIGHT & LEVEL,2.0,DAYLIGHT,,,False,38.2031069,-85.6642845,2013,2,12,8,34
513,94677,71263393,LOUISVILLE METRO POLICE DEPT,8013010501,AC,,,ZORN,AVE  ,,0.259,US0042  ,BROWNSBORO,RD   ,,,,,,,2,1,0,1,2.0,CLEAR,1.0,DRY,False,5.0,LOCAL STREET,2.0,COLLISION WITH BICYCLE,9.0,SINGLE VEHICLE,6.0,STRAIGHT & LEVEL,2.0,DAYLIGHT,,,False,38.2610813,-85.6841717,2013,2,12,13,2
514,94853,71264441,LOUISVILLE METRO POLICE DEPT,8013011028,AC,,,TENNESSEE,AVE  ,,0.55,KY1931  ,7TH STREET,RD   ,,,,,,,2,1,0,0,2.0,CLEAR,1.0,DRY,False,5.0,LOCAL STREET,2.0,COLLISION WITH BICYCLE,9.0,SINGLE VEHICLE,6.0,STRAIGHT & LEVEL,2.0,DAYLIGHT,,,False,38.2177488,-85.7798359,2013,2,14,10,5
515,95220,71267725,LOUISVILLE METRO POLICE DEPT,8013012125,AC,,,9TH,ST   ,S ,0.003,US0150  ,BROADWAY,,,,,,,,2,1,0,1,2.0,CLEAR,1.0,DRY,False,5.0,LOCAL STREET,2.0,COLLISION WITH BICYCLE,9.0,SINGLE VEHICLE,6.0,STRAIGHT & LEVEL,5.0,DARK-HWY LIGHTED/ON,,,False,38.2468848,-85.7666568,2013,2,18,18,45
516,95685,1959533,LOUISVILLE METRO POLICE DEPT,8013013747,AC,,,28TH,ST   ,,,,MADISON,,,,,,,,2,1,0,0,2.0,CLEAR,1.0,DRY,True,5.0,LOCAL STREET,2.0,COLLISION WITH BICYCLE,1.0,ANGLE,6.0,STRAIGHT & LEVEL,2.0,DAYLIGHT,,,False,38.201666667,-85.536666667,2013,2,25,12,0
517,96382,71271783,LOUISVILLE METRO POLICE DEPT,8013015749,AC,I 0064  ,,I64 E,,,17.0,,,,,,,,,,2,1,0,1,6.0,RAINING,5.0,WET,False,4.0,INTERSTATE,37.0,COLLISION WITH BICYCLIST,9.0,SINGLE VEHICLE,6.0,STRAIGHT & LEVEL,2.0,DAYLIGHT,,,False,38.223806,-85.5423076,2013,3,5,12,23
518,96571,71272622,LOUISVILLE METRO POLICE DEPT,8013016285,AC,KY1020  ,,2ND,ST   ,S ,11.711,,,,,KENTUCKY,ST   ,,BRECKINRIDGE,ST   ,2,1,0,1,3.0,CLOUDY,1.0,DRY,False,7.0,STATE,37.0,COLLISION WITH BICYCLIST,9.0,SINGLE VEHICLE,6.0,STRAIGHT & LEVEL,2.0,DAYLIGHT,,,False,38.240247,-85.7560177,2013,3,7,15,55
519,96786,71273712,LOUISVILLE METRO POLICE DEPT,8013016896,AC,US0031E ,,BARDSTOWN,RD   ,,15.06,,LONGEST,AVE  ,,,,,,,2,1,0,1,2.0,CLEAR,1.0,DRY,False,2.0,FEDERAL,2.0,COLLISION WITH BICYCLE,9.0,SINGLE VEHICLE,6.0,STRAIGHT & LEVEL,5.0,DARK-HWY LIGHTED/ON,,,False,38.2354077,-85.7155098,2013,3,9,23,15
520,96796,1959631,LOUISVILLE METRO POLICE DEPT,8013017015,AC,,,NEW CUT,RD   ,,,,WOODMORE,AVE  ,,,,,,,2,1,0,1,2.0,CLEAR,1.0,DRY,False,5.0,LOCAL STREET,2.0,COLLISION WITH BICYCLE,1.0,ANGLE,6.0,STRAIGHT & LEVEL,2.0,DAYLIGHT,,,False,38.15165,-85.776583333,2013,3,10,17,37
521,96840,71275026,LOUISVILLE METRO POLICE DEPT,8013017027,AC,,,DONERAIL,WAY  ,,0.406,,,,,,,,,,2,1,0,0,3.0,CLOUDY,1.0,DRY,False,5.0,LOCAL STREET,37.0,COLLISION WITH BICYCLIST,9.0,SINGLE VEHICLE,1.0,CURVE & GRADE,2.0,DAYLIGHT,,,False,38.1145118,-85.8669637,2013,3,10,18,40
522,96952,71274641,PROSPECT POLICE DEPARTMENT,4513000044,AC,US0042  ,,US42,,,9.189,,,,,,,,,,2,1,0,1,3.0,CLOUDY,1.0,DRY,False,2.0,FEDERAL,37.0,COLLISION WITH BICYCLIST,9.0,SINGLE VEHICLE,1.0,CURVE & GRADE,6.0,DARK-HWY NOT LIGHTED,,,False,38.3264565,-85.6215575,2013,3,12,21,35
523,97817,71280320,UNIV. OF LOUISVILLE POLICE,R13000209 ,AC,,,FLOYD,ST   ,S ,2.547,,BRANDEIS,AVE  ,,,,,,,2,1,0,1,2.0,CLEAR,1.0,DRY,False,5.0,LOCAL STREET,2.0,COLLISION WITH BICYCLE,9.0,SINGLE VEHICLE,1.0,CURVE & GRADE,2.0,DAYLIGHT,,,False,38.2185896,-85.7542922,2013,3,21,17,9
524,98469,71281726,LOUISVILLE METRO POLICE DEPT,8013021911,AC,,,HIKES,LN   ,,2.998,,,,KY1932  ,BRECKENRIDGE,LN   ,,EL CONQUISTADOR,PL   ,2,1,0,1,2.0,CLEAR,1.0,DRY,False,5.0,LOCAL STREET,37.0,COLLISION WITH BICYCLIST,9.0,SINGLE VEHICLE,4.0,STRAIGHT & GRADE,2.0,DAYLIGHT,,,False,38.2178995,-85.62906,2013,3,29,15,28
525,98561,71281777,LOUISVILLE METRO POLICE DEPT,8013022154,AC,US0031  ,,CLARK MEMORIAL BRIDGE,,,0.431,,,,,,,,,,2,1,0,1,2.0,CLEAR,1.0,DRY,True,2.0,FEDERAL,37.0,COLLISION WITH BICYCLIST,9.0,SINGLE VEHICLE,6.0,STRAIGHT & LEVEL,2.0,DAYLIGHT,,,False,38.2624192,-85.7519261,2013,3,30,13,2
526,98566,71281788,LOUISVILLE METRO POLICE DEPT,8013022203,AC,,,5TH,ST   ,S ,3.271,,,,,,,,,,2,1,0,0,2.0,CLEAR,1.0,DRY,False,5.0,LOCAL STREET,37.0,COLLISION WITH BICYCLIST,9.0,SINGLE VEHICLE,6.0,STRAIGHT & LEVEL,2.0,DAYLIGHT,,,False,38.2529128,-85.7588583,2013,3,30,17,0
527,98681,71282576,LOUISVILLE METRO POLICE DEPT,8013022553,AC,US0150  ,,BROADWAY,,E ,2.943,,,,,FLOYD,ST   ,KY0061,PRESTON,ST   ,2,1,0,1,2.0,CLEAR,1.0,DRY,False,2.0,FEDERAL,37.0,COLLISION WITH BICYCLIST,9.0,SINGLE VEHICLE,6.0,STRAIGHT & LEVEL,2.0,DAYLIGHT,,,False,38.2453441,-85.7479682,2013,4,1,13,45
528,98724,71282348,LOUISVILLE METRO POLICE DEPT,8013022809,AC,KY0864  ,,POPLAR LEVEL,RD   ,,8.724,,,,,ALETHA,DR   ,,NAOMI,DR   ,2,1,0,1,2.0,CLEAR,1.0,DRY,False,7.0,STATE,37.0,COLLISION WITH BICYCLIST,9.0,SINGLE VEHICLE,6.0,STRAIGHT & LEVEL,2.0,DAYLIGHT,,,False,38.1654309,-85.6803145,2013,4,2,13,9
529,98753,71282597,UNIV. OF LOUISVILLE POLICE,R13000235 ,AC,US0060A ,2500.0,3RD,ST   ,S ,3.378,,,,,,,,,,2,1,0,1,2.0,CLEAR,1.0,DRY,False,2.0,FEDERAL,37.0,COLLISION WITH BICYCLIST,9.0,SINGLE VEHICLE,6.0,STRAIGHT & LEVEL,2.0,DAYLIGHT,,,False,38.213295,-85.7623804,2013,4,2,16,40
530,99058,71284236,LOUISVILLE METRO POLICE DEPT,8013024000,AC,,7806.0,SMYRNA,RD   ,,0.097,,,,,,,,,,2,1,0,0,2.0,CLEAR,1.0,DRY,True,5.0,LOCAL STREET,37.0,COLLISION WITH BICYCLIST,9.0,SINGLE VEHICLE,6.0,STRAIGHT & LEVEL,4.0,DARK-HWY LIGHTED/OFF,,,False,38.1393369,-85.6416397,2013,4,6,22,20
531,99120,71285785,LOUISVILLE METRO POLICE DEPT,8013024128,AC,,4133.0,VIRGINIA,AVE  ,W ,0.0,,,,,,,,,,2,1,0,1,2.0,CLEAR,1.0,DRY,True,5.0,LOCAL STREET,37.0,COLLISION WITH BICYCLIST,9.0,SINGLE VEHICLE,6.0,STRAIGHT & LEVEL,2.0,DAYLIGHT,,,False,38.2401066,-85.8224208,2013,4,7,14,57
532,99714,71286883,LOUISVILLE METRO POLICE DEPT,8013026053,AC,,,PLUME,DR   ,,0.0,,HASSOCK,DR   ,,,,,,,2,1,0,0,2.0,CLEAR,1.0,DRY,True,5.0,LOCAL STREET,2.0,COLLISION WITH BICYCLE,9.0,SINGLE VEHICLE,6.0,STRAIGHT & LEVEL,2.0,DAYLIGHT,,,False,38.1477055,-85.8541524,2013,4,14,14,55
533,99826,71310171,JEFFERSONTOWN POLICE DEPT,A0435160  ,AC,KY0913  ,,BLANKENBAKER,PKWY ,,2.19,,RESOURCE,WAY  ,,,,,,,2,1,0,1,3.0,CLOUDY,1.0,DRY,False,7.0,STATE,2.0,COLLISION WITH BICYCLE,9.0,SINGLE VEHICLE,6.0,STRAIGHT & LEVEL,2.0,DAYLIGHT,,,False,38.2157221,-85.538916,2013,4,15,15,41
534,99857,71287708,LOUISVILLE METRO POLICE DEPT,8013026668,AC,,,HILL,ST   ,W ,1.861,,DIXIE,HWY  ,,,,,,,2,1,0,1,2.0,CLEAR,1.0,DRY,True,5.0,LOCAL STREET,2.0,COLLISION WITH BICYCLE,9.0,SINGLE VEHICLE,6.0,STRAIGHT & LEVEL,2.0,DAYLIGHT,,,False,38.2283527,-85.7908731,2013,4,16,17,5
535,100004,71288315,LOUISVILLE METRO POLICE DEPT,8013027167,AC,KY0061  ,,PRESTON,HWY  ,,3.34,,,,,TRIO,AVE  ,,SERENITY HOPE,DR   ,3,2,0,1,2.0,CLEAR,1.0,DRY,False,7.0,STATE,37.0,COLLISION WITH BICYCLIST,4.0,OPPOSING LEFT TURN,6.0,STRAIGHT & LEVEL,2.0,DAYLIGHT,,,True,38.1301004,-85.68213,2013,4,18,11,35
536,100005,71288316,LOUISVILLE METRO POLICE DEPT,8013027173,AC,,,BARDSTOWN,RD   ,,0.0,,,,,,,,,,2,1,0,1,2.0,CLEAR,1.0,DRY,False,1.0,COUNTY ROAD,37.0,COLLISION WITH BICYCLIST,9.0,SINGLE VEHICLE,6.0,STRAIGHT & LEVEL,2.0,DAYLIGHT,,,False,38.197427,-85.6570115,2013,4,18,12,28
537,100037,71288311,LOUISVILLE METRO POLICE DEPT,8013027140,AC,,,32ND,ST   ,S ,1.897,,VERMONT,AVE  ,,,,,,,2,1,0,1,2.0,CLEAR,1.0,DRY,False,5.0,LOCAL STREET,2.0,COLLISION WITH BICYCLE,9.0,SINGLE VEHICLE,6.0,STRAIGHT & LEVEL,2.0,DAYLIGHT,,,False,38.2553418,-85.8050871,2013,4,18,10,3
538,100130,71289318,LOUISVILLE METRO POLICE DEPT,8013027517,AC,US0031W ,,MARKET,ST   ,W ,21.048,,,,,12TH,ST   ,,13TH,ST   ,2,1,0,0,3.0,CLOUDY,1.0,DRY,False,2.0,FEDERAL,37.0,COLLISION WITH BICYCLIST,9.0,SINGLE VEHICLE,6.0,STRAIGHT & LEVEL,2.0,DAYLIGHT,,,False,38.2567993,-85.7709459,2013,4,19,14,55
539,100397,71290103,LOUISVILLE METRO POLICE DEPT,8013028532,AC,,,LOWER HUNTERS,TRCE ,,1.023,,,,,GREENVIEW,DR   ,,GABRIEL,DR   ,2,1,0,1,3.0,CLOUDY,1.0,DRY,False,5.0,LOCAL STREET,37.0,COLLISION WITH BICYCLIST,9.0,SINGLE VEHICLE,6.0,STRAIGHT & LEVEL,2.0,DAYLIGHT,,,False,38.1600472,-85.8523156,2013,4,23,14,34
540,100792,71292283,LOUISVILLE METRO POLICE DEPT,8013029698,AC,,,SEVILLE,DR   ,,0.13,,LIBBY,LN   ,,,,,,,2,1,0,1,3.0,CLOUDY,1.0,DRY,False,5.0,LOCAL STREET,2.0,COLLISION WITH BICYCLE,9.0,SINGLE VEHICLE,3.0,CURVE & LEVEL,2.0,DAYLIGHT,,,False,38.1122586,-85.8523529,2013,4,27,14,40
541,100880,71292964,LOUISVILLE METRO POLICE DEPT,8013029951,AC,KY0061  ,,PRESTON,HWY  ,,3.587,,,,,,,,,,2,1,0,1,3.0,CLOUDY,1.0,DRY,False,7.0,STATE,37.0,COLLISION WITH BICYCLIST,9.0,SINGLE VEHICLE,6.0,STRAIGHT & LEVEL,2.0,DAYLIGHT,,,False,38.1333612,-85.6839638,2013,4,28,16,28
542,101003,71293274,JEFFERSONTOWN POLICE DEPT,A0435938  ,AC,KY0155  ,,TAYLORSVILLE,RD   ,,11.268,,AXMINSTER,DR   ,,,,,,,2,1,0,1,2.0,CLEAR,1.0,DRY,False,7.0,STATE,2.0,COLLISION WITH BICYCLE,9.0,SINGLE VEHICLE,6.0,STRAIGHT & LEVEL,2.0,DAYLIGHT,,,False,38.2142409,-85.5894478,2013,4,30,10,0
543,101079,71295680,LOUISVILLE METRO POLICE DEPT,8013031030,AC,,,OXMOOR,LN   ,,0.081,,,,US0060  ,SHELBYVILLE,RD   ,,BULLITT,LN   ,2,1,0,0,2.0,CLEAR,1.0,DRY,True,99.0,NONE OF THE ABOVE,37.0,COLLISION WITH BICYCLIST,9.0,SINGLE VEHICLE,6.0,STRAIGHT & LEVEL,2.0,DAYLIGHT,,,False,38.2482424,-85.6135369,2013,4,30,14,0
544,101401,71294911,SHIVELY POLICE DEPARTMENT,0413000864,AC,KY1931  ,,7TH STREET,RD   ,,9.639,,,,,PHYLLIS,AVE  ,,ARCADE,AVE  ,2,1,0,1,6.0,RAINING,5.0,WET,False,7.0,STATE,37.0,COLLISION WITH BICYCLIST,9.0,SINGLE VEHICLE,6.0,STRAIGHT & LEVEL,6.0,DARK-HWY NOT LIGHTED,,,False,38.2099333,-85.7869192,2013,5,4,20,55
545,101868,71297017,LOUISVILLE METRO POLICE DEPT,8013032715,AC,US0060A ,,EASTERN,PKWY ,,6.831,US0031E ,BARDSTOWN,RD   ,,,,,,,2,1,0,1,2.0,CLEAR,1.0,DRY,False,2.0,FEDERAL,2.0,COLLISION WITH BICYCLE,9.0,SINGLE VEHICLE,6.0,STRAIGHT & LEVEL,3.0,DUSK,,,False,38.2319923,-85.7093186,2013,5,8,22,36
546,101921,71297065,LOUISVILLE METRO POLICE DEPT,8013032921,AC,US0060  ,,FRANKFORT,AVE  ,,2.75,,,,KY2048  ,CANNONS,LN   ,,INGLE,AVE  ,2,1,0,0,3.0,CLOUDY,1.0,DRY,True,2.0,FEDERAL,37.0,COLLISION WITH BICYCLIST,9.0,SINGLE VEHICLE,6.0,STRAIGHT & LEVEL,2.0,DAYLIGHT,,,False,38.2540429,-85.6701964,2013,5,8,18,27
547,102607,71304719,LOUISVILLE METRO POLICE DEPT,8013034833,AC,,,ARTHUR,ST   ,,0.001,US0060A ,EASTERN,PKWY ,,,,,,,2,1,0,1,2.0,CLEAR,1.0,DRY,False,5.0,LOCAL STREET,2.0,COLLISION WITH BICYCLE,9.0,SINGLE VEHICLE,1.0,CURVE & GRADE,2.0,DAYLIGHT,,,False,38.2127739,-85.7535534,2013,5,15,10,40
548,102700,71311655,LOUISVILLE METRO POLICE DEPT,8013035093,AC,US0031W ,,MAIN,ST   ,W ,22.021,,,,,,,,,,2,1,0,0,2.0,CLEAR,1.0,DRY,False,2.0,FEDERAL,37.0,COLLISION WITH BICYCLIST,9.0,SINGLE VEHICLE,6.0,STRAIGHT & LEVEL,2.0,DAYLIGHT,,,False,38.2564489,-85.7548419,2013,5,16,7,0
549,102913,71304632,JEFFERSONTOWN POLICE DEPT,A0536918  ,AC,,,RAINTREE,DR   ,,0.089,,VELDEN,DR   ,,,,,,,2,1,0,1,2.0,CLEAR,1.0,DRY,False,5.0,LOCAL STREET,2.0,COLLISION WITH BICYCLE,9.0,SINGLE VEHICLE,3.0,CURVE & LEVEL,2.0,DAYLIGHT,,,False,38.2037953,-85.5917578,2013,5,19,20,14
550,102992,71310751,LOUISVILLE METRO POLICE DEPT,8013036349,AC,,,3RD,ST   ,N ,0.031,,,,US0031W ,MAIN,ST   ,,WASHINGTON,ST   ,2,1,0,1,2.0,CLEAR,1.0,DRY,False,5.0,LOCAL STREET,37.0,COLLISION WITH BICYCLIST,9.0,SINGLE VEHICLE,5.0,STRAIGHT & HILLCREST,2.0,DAYLIGHT,,,False,38.2568849,-85.7547735,2013,5,20,14,54
551,103112,71311748,LOUISVILLE METRO POLICE DEPT,8013036789,AC,KY1020  ,,3RD,ST   ,S ,9.379,,CENTRAL STATION,BLVD ,,,,,,,2,1,0,1,2.0,CLEAR,1.0,DRY,False,7.0,STATE,2.0,COLLISION WITH BICYCLE,9.0,SINGLE VEHICLE,6.0,STRAIGHT & LEVEL,2.0,DAYLIGHT,,,False,38.2035447,-85.7642095,2013,5,21,20,4
552,103200,71310942,LOUISVILLE METRO POLICE DEPT,8013036821,AC,KY0864  ,,GOSS,AVE  ,,14.423,KY0864  ,LOGAN,ST   ,,,,,,,2,1,0,0,2.0,CLEAR,1.0,DRY,False,7.0,STATE,2.0,COLLISION WITH BICYCLE,9.0,SINGLE VEHICLE,3.0,CURVE & LEVEL,3.0,DUSK,,,False,38.2303764,-85.7404244,2013,5,22,22,27
553,103233,71311791,LOUISVILLE METRO POLICE DEPT,8013037051,AC,,,HI VIEW,LN   ,,0.377,,LAKEWOOD,DR   ,,,,,,,2,1,0,1,3.0,CLOUDY,1.0,DRY,False,1.0,COUNTY ROAD,2.0,COLLISION WITH BICYCLE,9.0,SINGLE VEHICLE,4.0,STRAIGHT & GRADE,2.0,DAYLIGHT,,,False,38.1214571,-85.8303931,2013,5,22,15,49
554,103431,71307701,LOUISVILLE METRO POLICE DEPT,8013037760,AC,,,26TH,ST   ,S ,1.389,,,,,,,,,,2,1,0,1,2.0,CLEAR,1.0,DRY,False,5.0,LOCAL STREET,37.0,COLLISION WITH BICYCLIST,9.0,SINGLE VEHICLE,6.0,STRAIGHT & LEVEL,2.0,DAYLIGHT,,,False,38.2407016,-85.7959295,2013,5,24,20,5
555,103549,71307771,LOUISVILLE METRO POLICE DEPT,8013038363,AC,KY1447  ,,WESTPORT,RD   ,,1.443,,,,,FOEBURN,LN   ,,WESTPORT,TER  ,2,1,0,0,2.0,CLEAR,1.0,DRY,False,7.0,STATE,37.0,COLLISION WITH BICYCLIST,9.0,SINGLE VEHICLE,6.0,STRAIGHT & LEVEL,2.0,DAYLIGHT,,,False,38.2643977,-85.6334038,2013,5,27,15,30
556,103603,71308111,LOUISVILLE METRO POLICE DEPT,8013038644,AC,,,EVELYN,AVE  ,W ,0.6,,3RD,ST   ,,,,,,,2,1,0,0,3.0,CLOUDY,1.0,DRY,False,5.0,LOCAL STREET,2.0,COLLISION WITH BICYCLE,9.0,SINGLE VEHICLE,6.0,STRAIGHT & LEVEL,2.0,DAYLIGHT,,,False,38.1967597,-85.7659805,2013,5,28,15,20
557,103728,71308509,LOUISVILLE METRO POLICE DEPT,8013039047,AC,,,4TH,ST   ,S ,2.315,,LEE,ST   ,,,,,,,2,1,0,1,2.0,CLEAR,1.0,DRY,False,5.0,LOCAL STREET,2.0,COLLISION WITH BICYCLE,9.0,SINGLE VEHICLE,6.0,STRAIGHT & LEVEL,2.0,DAYLIGHT,,,False,38.2233833,-85.7623695,2013,5,29,18,30
558,103742,71311834,LOUISVILLE METRO POLICE DEPT,8013038868,AC,,,JEFFERSON,ST   ,E ,0.516,,HANCOCK,ST   ,,,,,,,2,1,0,1,2.0,CLEAR,1.0,DRY,False,5.0,LOCAL STREET,2.0,COLLISION WITH BICYCLE,9.0,SINGLE VEHICLE,6.0,STRAIGHT & LEVEL,2.0,DAYLIGHT,,,False,38.2522661,-85.7423182,2013,5,29,9,58
559,103965,71312412,LOUISVILLE METRO POLICE DEPT,8013039787,AC,,,2ND,ST   ,S ,1.071,,WELLINGTON,AVE  ,,,,,,,2,1,0,0,2.0,CLEAR,1.0,DRY,False,99.0,NONE OF THE ABOVE,2.0,COLLISION WITH BICYCLE,9.0,SINGLE VEHICLE,6.0,STRAIGHT & LEVEL,5.0,DARK-HWY LIGHTED/ON,,,False,38.1838463,-85.7642952,2013,5,31,21,28
560,104043,71312454,LOUISVILLE METRO POLICE DEPT,8013039958,AC,,,34TH,ST   ,S ,0.47,,VERMONT,AVE  ,,,,,,,2,1,0,0,3.0,CLOUDY,1.0,DRY,False,5.0,LOCAL STREET,2.0,COLLISION WITH BICYCLE,9.0,SINGLE VEHICLE,6.0,STRAIGHT & LEVEL,2.0,DAYLIGHT,,,False,38.2554996,-85.8073585,2013,6,1,15,33
561,104072,71312484,LOUISVILLE METRO POLICE DEPT,8013040141,AC,,,DOVER,RD   ,,0.004,US0060A ,LEXINGTON,RD   ,,,,,,,2,1,0,1,3.0,CLOUDY,1.0,DRY,False,5.0,LOCAL STREET,2.0,COLLISION WITH BICYCLE,9.0,SINGLE VEHICLE,6.0,STRAIGHT & LEVEL,2.0,DAYLIGHT,,,False,38.2485907,-85.6730559,2013,6,2,9,25
562,104096,71312503,LOUISVILLE METRO POLICE DEPT,8013040235,AC,,,HENRY,AVE  ,,0.242,,BEECHER,ST   ,,,,,,,2,1,0,0,2.0,CLEAR,1.0,DRY,False,5.0,LOCAL STREET,2.0,COLLISION WITH BICYCLE,9.0,SINGLE VEHICLE,6.0,STRAIGHT & LEVEL,2.0,DAYLIGHT,,,True,38.1917617,-85.7817725,2013,6,2,10,0
563,104100,71312509,LOUISVILLE METRO POLICE DEPT,8013040269,AC,,,COLONIAL OAKS,CT   ,,0.237,,,,,1ST,ST   ,,1ST,ST   ,2,1,0,1,2.0,CLEAR,1.0,DRY,False,5.0,LOCAL STREET,37.0,COLLISION WITH BICYCLIST,9.0,SINGLE VEHICLE,6.0,STRAIGHT & LEVEL,2.0,DAYLIGHT,,,False,38.1745803,-85.7607184,2013,6,2,19,33
564,104101,71312510,LOUISVILLE METRO POLICE DEPT,8013040278,AC,,,CLIFF,AVE  ,,0.518,,FLORENCE,AVE  ,,,,,,,2,1,0,1,2.0,CLEAR,1.0,DRY,True,5.0,LOCAL STREET,2.0,COLLISION WITH BICYCLE,9.0,SINGLE VEHICLE,6.0,STRAIGHT & LEVEL,2.0,DAYLIGHT,,,True,38.1911119,-85.7748446,2013,6,2,20,15
565,104314,71310997,LOUISVILLE METRO POLICE DEPT,8013041142,AC,,,PRESTWOOD,DR   ,,0.002,KY0061  ,PRESTON,HWY  ,,,,,,,2,1,0,0,2.0,CLEAR,1.0,DRY,False,5.0,LOCAL STREET,2.0,COLLISION WITH BICYCLE,9.0,SINGLE VEHICLE,4.0,STRAIGHT & GRADE,2.0,DAYLIGHT,,,False,38.1626571,-85.7003337,2013,6,5,16,45
566,104324,71311019,LOUISVILLE METRO POLICE DEPT,8013041255,AC,US0031E ,,BARDSTOWN,RD   ,,14.123,,SPEED,AVE  ,,,,,,,2,1,0,1,2.0,CLEAR,1.0,DRY,False,2.0,FEDERAL,2.0,COLLISION WITH BICYCLE,9.0,SINGLE VEHICLE,6.0,STRAIGHT & LEVEL,5.0,DARK-HWY LIGHTED/ON,,,False,38.2284675,-85.7010214,2013,6,5,22,39
567,104533,71312900,LOUISVILLE METRO POLICE DEPT,8013041722,AC,,,6TH,ST   ,S ,0.401,,,,,MUHAMMAD ALI,BLVD ,,CHESTNUT,ST   ,2,1,0,1,2.0,CLEAR,1.0,DRY,False,5.0,LOCAL STREET,37.0,COLLISION WITH BICYCLIST,9.0,SINGLE VEHICLE,6.0,STRAIGHT & LEVEL,2.0,DAYLIGHT,,,False,38.2512162,-85.7607716,2013,6,7,15,31
568,104761,71313612,LOUISVILLE METRO POLICE DEPT,8013042527,AC,,,GELLHAUS,LN   ,,0.041,,,,KY1819  ,BILLTOWN,RD   ,,LONGVIEW FARM,DR   ,2,1,0,1,3.0,CLOUDY,1.0,DRY,False,1.0,COUNTY ROAD,37.0,COLLISION WITH BICYCLIST,9.0,SINGLE VEHICLE,6.0,STRAIGHT & LEVEL,2.0,DAYLIGHT,,,False,38.1508855,-85.5488577,2013,6,10,16,59
569,104790,71313804,LOUISVILLE METRO POLICE DEPT,8013042750,AC,KY0864  ,,POPLAR LEVEL,RD   ,,12.719,,HESS,LN   ,,,,,,,2,1,0,1,2.0,CLEAR,1.0,DRY,False,7.0,STATE,2.0,COLLISION WITH BICYCLE,9.0,SINGLE VEHICLE,6.0,STRAIGHT & LEVEL,2.0,DAYLIGHT,,,False,38.2120131,-85.7208756,2013,6,11,12,14
570,104883,71314528,LOUISVILLE METRO POLICE DEPT,8013043148,AC,,,32ND,ST   ,S ,2.357,,,,,,,,,,2,1,0,1,2.0,CLEAR,1.0,DRY,False,5.0,LOCAL STREET,37.0,COLLISION WITH BICYCLIST,9.0,SINGLE VEHICLE,6.0,STRAIGHT & LEVEL,2.0,DAYLIGHT,,,False,38.2619499,-85.8043925,2013,6,12,17,30
571,104991,71314966,LOUISVILLE METRO POLICE DEPT,8013043578,AC,,,28TH,ST   ,S ,1.249,,,,,KENTUCKY,ST   ,,DIVINITY,LN   ,2,1,0,1,3.0,CLOUDY,1.0,DRY,False,5.0,LOCAL STREET,37.0,COLLISION WITH BICYCLIST,9.0,SINGLE VEHICLE,6.0,STRAIGHT & LEVEL,5.0,DARK-HWY LIGHTED/ON,,,False,38.2430945,-85.7994373,2013,6,13,20,3
572,105103,1806091,LOUISVILLE METRO POLICE DEPT,8013044132,AC,,,SIX MILE,LN   ,,,,,,,HURSTBOURNE RIDGE,BLVD ,,BROOK HOLLOW,DR   ,2,1,0,1,2.0,CLEAR,1.0,DRY,False,5.0,LOCAL STREET,37.0,COLLISION WITH BICYCLIST,8.0,SIDESWIPE-SAME DIRECTION,3.0,CURVE & LEVEL,6.0,DARK-HWY NOT LIGHTED,,,False,38.1992,-85.609716667,2013,6,15,21,48
573,105462,71317385,LOUISVILLE METRO POLICE DEPT,8013045224,AC,,,BOLLING,AVE  ,,0.613,,,,,23RD,ST   ,,25TH,ST   ,2,1,0,1,2.0,CLEAR,1.0,DRY,False,5.0,LOCAL STREET,37.0,COLLISION WITH BICYCLIST,9.0,SINGLE VEHICLE,6.0,STRAIGHT & LEVEL,2.0,DAYLIGHT,,,False,38.230559,-85.7956357,2013,6,19,17,30
574,105717,71318880,LOUISVILLE METRO POLICE DEPT,8013046020,AC,KY1020  ,,SOUTHERN,PKWY ,,8.862,,EVELYN,AVE  ,,,,,,,2,1,0,1,2.0,CLEAR,1.0,DRY,False,7.0,STATE,2.0,COLLISION WITH BICYCLE,9.0,SINGLE VEHICLE,6.0,STRAIGHT & LEVEL,2.0,DAYLIGHT,,,False,38.1967716,-85.7668623,2013,6,22,0,0