,Unnamed: 0,master_file_number,investigating_agency,local_code,collision_status_code,roadway_number,building_number,roadway_name,roadway_suffix,roadway_direction,milepoint,intersection_roadway_number,intersection_roadway_name,intersection_roadway_suffix,between_street_number_1,between_street_name_1,between_street_suffix_1,between_street_number_2,between_street_name_2,between_street_suffix_2,units_involved,motor_vehicles_involved,killed,injured,weather_code,weather,roadway_condition_code,roadway_condition,hit_and_run,roadway_type_code,roadway_type,directional_analysis_code,directional_analysis,manner_of_collision_code,manner_of_collision,roadway_character_code,roadway_character,light_condition_code,light_condition,ramp_from_roadway_id,ramp_to_roadway_id,secondary_collision,latitude,longitude,year,month,day,hour,minute
575,105760,71319279,LOUISVILLE METRO POLICE DEPT,8013046080,AC,,,SOUTHWESTERN,PKWY ,,1.67,,GREENWOOD,AVE  ,,,,,,,2,1,0,0,2.0,CLEAR,1.0,DRY,False,5.0,LOCAL STREET,2.0,COLLISION WITH BICYCLE,9.0,SINGLE VEHICLE,6.0,STRAIGHT & LEVEL,2.0,DAYLIGHT,,,False,38.2450027,-85.8299585,2013,6,22,14,0
576,105802,71318947,LOUISVILLE METRO POLICE DEPT,8013046382,AC,US0031W ,,DR W J HODGE,ST   ,,19.963,,MADISON,ST   ,,,,,,,2,1,0,1,2.0,CLEAR,1.0,DRY,False,2.0,FEDERAL,2.0,COLLISION WITH BICYCLE,9.0,SINGLE VEHICLE,6.0,STRAIGHT & LEVEL,3.0,DUSK,,,False,38.2532971,-85.7858492,2013,6,23,21,3
577,106158,71320773,LOUISVILLE METRO POLICE DEPT,8013047570,AC,KY2845  ,,MANSLICK,RD   ,E ,0.968,,,,,,,,,,2,1,0,2,2.0,CLEAR,1.0,DRY,False,7.0,STATE,37.0,COLLISION WITH BICYCLIST,9.0,SINGLE VEHICLE,6.0,STRAIGHT & LEVEL,2.0,DAYLIGHT,,,False,38.1179972,-85.6629276,2013,6,27,20,13
578,106233,71321439,LOUISVILLE METRO POLICE DEPT,8013047682,AC,US0031W ,,DIXIE,HWY  ,,8.765,,ALANADALE,DR   ,,,,,,,2,1,0,1,2.0,CLEAR,1.0,DRY,True,2.0,FEDERAL,2.0,COLLISION WITH BICYCLE,9.0,SINGLE VEHICLE,6.0,STRAIGHT & LEVEL,2.0,DAYLIGHT,,,False,38.1092777,-85.8654914,2013,6,28,0,0
579,106290,71322466,SHIVELY POLICE DEPARTMENT,0413001276,AC,US0031W ,,DIXIE,HWY  ,,16.319,,CLINTON,PL   ,,,,,,,2,1,0,1,2.0,CLEAR,1.0,DRY,False,2.0,FEDERAL,2.0,COLLISION WITH BICYCLE,9.0,SINGLE VEHICLE,6.0,STRAIGHT & LEVEL,5.0,DARK-HWY LIGHTED/ON,,,False,38.2048585,-85.8000232,2013,6,28,22,0
580,106299,71331908,INDIAN HILLS POLICE DEPARTMENT,4413000045,AC,,,COUNTRY,LN   ,,0.287,,PENNINGTON,LN   ,,,,,,,2,1,0,1,2.0,CLEAR,1.0,DRY,False,5.0,LOCAL STREET,2.0,COLLISION WITH BICYCLE,9.0,SINGLE VEHICLE,6.0,STRAIGHT & LEVEL,2.0,DAYLIGHT,,,False,38.2686034,-85.6719533,2013,6,28,19,15
581,106539,71322633,LOUISVILLE METRO POLICE DEPT,8013048928,AC,,,ARCADE,AVE  ,,0.0,US0060A ,TAYLOR,BLVD ,,,,,,,2,1,0,1,2.0,CLEAR,1.0,DRY,False,5.0,LOCAL STREET,2.0,COLLISION WITH BICYCLE,9.0,SINGLE VEHICLE,6.0,STRAIGHT & LEVEL,2.0,DAYLIGHT,,,False,38.2021221,-85.7814939,2013,7,2,18,38
582,106668,71323447,JEFFERSONTOWN POLICE DEPT,A0739669  ,AC,KY0155  ,,TAYLORSVILLE,RD   ,,10.547,,,,,PATTI,LN   ,,TUCKER,RD   ,2,1,0,1,6.0,RAINING,5.0,WET,False,7.0,STATE,37.0,COLLISION WITH BICYCLIST,9.0,SINGLE VEHICLE,6.0,STRAIGHT & LEVEL,2.0,DAYLIGHT,,,False,38.2061587,-85.5811314,2013,7,4,19,15
583,106904,71326799,LOUISVILLE METRO POLICE DEPT,8013049964,AC,,,BRIARBRIDGE,LN   ,,0.0,,HIKES,LN   ,,,,,,,2,1,0,1,2.0,CLEAR,1.0,DRY,False,5.0,LOCAL STREET,2.0,COLLISION WITH BICYCLE,9.0,SINGLE VEHICLE,6.0,STRAIGHT & LEVEL,5.0,DARK-HWY LIGHTED/ON,,,False,38.2102176,-85.642216,2013,7,6,22,13
584,107030,71325149,LOUISVILLE METRO POLICE DEPT,8013050389,AC,I 0065  ,,,,,0.076,,BROOK,ST   ,,,,,,,2,1,0,1,2.0,CLEAR,1.0,DRY,False,4.0,INTERSTATE,2.0,COLLISION WITH BICYCLE,9.0,SINGLE VEHICLE,6.0,STRAIGHT & LEVEL,2.0,DAYLIGHT,,,False,38.2531097,-85.7503991,2013,7,8,18,37
585,107034,71325754,LOUISVILLE METRO POLICE DEPT,8013050297,RE,,,SHERWOOD,AVE  ,,0.448,,,,,CHEROKEE,RD   ,US0031E,BARDSTOWN,RD   ,2,2,0,0,2.0,CLEAR,1.0,DRY,True,5.0,LOCAL STREET,37.0,COLLISION WITH BICYCLIST,8.0,SIDESWIPE-SAME DIRECTION,6.0,STRAIGHT & LEVEL,2.0,DAYLIGHT,,,False,38.2341018,-85.7040789,2013,7,8,14,27
586,107127,71325689,LOUISVILLE METRO POLICE DEPT,8013050884,AC,US0031E ,,MAIN,ST   ,E ,17.456,KY0061  ,PRESTON,ST   ,,,,,,,2,1,0,1,6.0,RAINING,5.0,WET,False,2.0,FEDERAL,2.0,COLLISION WITH BICYCLE,9.0,SINGLE VEHICLE,6.0,STRAIGHT & LEVEL,2.0,DAYLIGHT,,,False,38.2554468,-85.7458549,2013,7,10,15,6
587,107231,816476,LOUISVILLE METRO POLICE DEPT,8013051222,AC,US0150  ,,W BORADWAY,,,,,26TH,ST   ,,,,,,,2,1,0,0,2.0,CLEAR,1.0,DRY,False,2.0,FEDERAL,2.0,COLLISION WITH BICYCLE,8.0,SIDESWIPE-SAME DIRECTION,6.0,STRAIGHT & LEVEL,2.0,DAYLIGHT,,,False,38.242983333,-85.790283333,2013,7,11,16,43
588,107297,71326818,LOUISVILLE METRO POLICE DEPT,8013051244,AC,,,ALTA VISTA,RD   ,,0.0,US0060A ,LEXINGTON,RD   ,,,,,,,2,1,0,0,2.0,CLEAR,1.0,DRY,False,5.0,LOCAL STREET,2.0,COLLISION WITH BICYCLE,9.0,SINGLE VEHICLE,6.0,STRAIGHT & LEVEL,2.0,DAYLIGHT,,,False,38.2453683,-85.6878968,2013,7,11,10,0
589,107402,71327522,LOUISVILLE METRO POLICE DEPT,8013051523,AC,US0031E ,,MAIN,ST   ,E ,17.738,,,,,1ST,ST   ,,BROOK,ST   ,2,1,0,0,2.0,CLEAR,1.0,DRY,False,2.0,FEDERAL,37.0,COLLISION WITH BICYCLIST,9.0,SINGLE VEHICLE,6.0,STRAIGHT & LEVEL,2.0,DAYLIGHT,,,False,38.2560773,-85.7505867,2013,7,12,16,4
590,107445,71326932,LOUISVILLE METRO POLICE DEPT,8013051748,AC,,,CENTRAL,AVE  ,,1.028,,,,,MONTANA,AVE  ,US0060A,TAYLOR,BLVD ,3,2,0,1,2.0,CLEAR,1.0,DRY,False,99.0,NONE OF THE ABOVE,37.0,COLLISION WITH BICYCLIST,1.0,ANGLE,6.0,STRAIGHT & LEVEL,2.0,DAYLIGHT,,,False,38.2063432,-85.7762101,2013,7,13,11,47
591,107469,71326966,LOUISVILLE METRO POLICE DEPT,8013051898,AC,,,HILL,ST   ,W ,1.192,,,,,,,,,,3,2,0,2,2.0,CLEAR,1.0,DRY,False,5.0,LOCAL STREET,37.0,COLLISION WITH BICYCLIST,3.0,HEAD ON,5.0,STRAIGHT & HILLCREST,4.0,DARK-HWY LIGHTED/OFF,,,False,38.2278058,-85.7786562,2013,7,13,21,48
592,107473,71326970,LOUISVILLE METRO POLICE DEPT,8013051930,AC,US0031E ,,BARDSTOWN,RD   ,,14.626,US0060A ,EASTERN,PKWY ,,,,,,,2,1,0,0,2.0,CLEAR,1.0,DRY,False,2.0,FEDERAL,2.0,COLLISION WITH BICYCLE,9.0,SINGLE VEHICLE,3.0,CURVE & LEVEL,5.0,DARK-HWY LIGHTED/ON,,,False,38.231997,-85.7093199,2013,7,13,23,56
593,107635,1187288,LOUISVILLE METRO POLICE DEPT,8013052741,AC,,,W BROADWAY,,,,,ROY WILKINS,ST   ,,,,,,,2,1,0,1,2.0,CLEAR,1.0,DRY,False,5.0,LOCAL STREET,2.0,COLLISION WITH BICYCLE,1.0,ANGLE,6.0,STRAIGHT & LEVEL,2.0,DAYLIGHT,,,False,38.2468,-85.76675,2013,7,16,17,42
594,107655,71327620,LOUISVILLE METRO POLICE DEPT,8013052573,AC,KY1931  ,,ST ANDREWS CHURCH,RD   ,,3.346,,,,,WOODY,LN   ,,WOODY,LN   ,2,1,0,1,2.0,CLEAR,1.0,DRY,False,7.0,STATE,37.0,COLLISION WITH BICYCLIST,9.0,SINGLE VEHICLE,6.0,STRAIGHT & LEVEL,2.0,DAYLIGHT,,,False,38.1436775,-85.8360029,2013,7,16,8,30
595,107676,71327920,LOUISVILLE METRO POLICE DEPT,8013052765,AC,,,LIME KILN,LN   ,,2.44,,,,,RIVER KNOLLS,DR   ,,RIVER,RD   ,2,1,0,1,2.0,CLEAR,1.0,DRY,False,5.0,LOCAL STREET,37.0,COLLISION WITH BICYCLIST,9.0,SINGLE VEHICLE,4.0,STRAIGHT & GRADE,2.0,DAYLIGHT,,,False,38.3137568,-85.6459097,2013,7,16,20,40
596,107690,71328087,LOUISVILLE METRO POLICE DEPT,8013052696,AC,,6101.0,MARAVIAN,DR   ,,0.005,,,,,,,,,,2,1,0,1,2.0,CLEAR,1.0,DRY,False,5.0,LOCAL STREET,37.0,COLLISION WITH BICYCLIST,9.0,SINGLE VEHICLE,6.0,STRAIGHT & LEVEL,2.0,DAYLIGHT,,,False,38.1669956,-85.8703859,2013,7,16,15,45
597,107701,71327931,LOUISVILLE METRO POLICE DEPT,8013052823,AC,,,31ST,ST   ,S ,0.521,,,,,,,,,,2,1,0,1,2.0,CLEAR,1.0,DRY,False,5.0,LOCAL STREET,37.0,COLLISION WITH BICYCLIST,9.0,SINGLE VEHICLE,6.0,STRAIGHT & LEVEL,5.0,DARK-HWY LIGHTED/ON,,,False,38.2481644,-85.8037525,2013,7,16,22,18
598,107719,71331086,LOUISVILLE METRO POLICE DEPT,8013052741,AC,US0150  ,,BROADWAY,,W ,1.937,,ROY WILKINS,AVE  ,,,,,,,2,1,0,1,2.0,CLEAR,1.0,DRY,False,2.0,FEDERAL,2.0,COLLISION WITH BICYCLE,9.0,SINGLE VEHICLE,6.0,STRAIGHT & LEVEL,2.0,DAYLIGHT,,,False,38.2469465,-85.7668132,2013,7,16,17,42
599,107758,71328154,LOUISVILLE METRO POLICE DEPT,8013052971,AC,,,ORMSBY,AVE  ,W ,1.698,,DIXIE,HWY  ,,,,,,,2,1,0,1,2.0,CLEAR,1.0,DRY,False,5.0,LOCAL STREET,2.0,COLLISION WITH BICYCLE,9.0,SINGLE VEHICLE,6.0,STRAIGHT & LEVEL,2.0,DAYLIGHT,,,False,38.2354416,-85.7875784,2013,7,17,13,48
600,107930,71329482,LOUISVILLE METRO POLICE DEPT,8013053520,AC,,,PLYMOUTH,CT   ,,0.182,,16TH,ST   ,,,,,,,2,1,0,1,2.0,CLEAR,1.0,DRY,False,5.0,LOCAL STREET,2.0,COLLISION WITH BICYCLE,9.0,SINGLE VEHICLE,6.0,STRAIGHT & LEVEL,2.0,DAYLIGHT,,,False,38.2505308,-85.7780017,2013,7,19,7,50
601,107956,71329612,LOUISVILLE METRO POLICE DEPT,8013053680,AC,US0031W ,,DIXIE,HWY  ,,2.002,,BERNHEIM,LN   ,,,,,,,2,1,0,1,2.0,CLEAR,1.0,DRY,False,2.0,FEDERAL,2.0,COLLISION WITH BICYCLE,9.0,SINGLE VEHICLE,6.0,STRAIGHT & LEVEL,2.0,DAYLIGHT,,,False,38.221301,-85.7931997,2013,7,19,0,0
602,108045,71329667,LOUISVILLE METRO POLICE DEPT,8013053953,AC,,,WINTER LAKE,DR   ,,0.004,,AUTUMN LAKE,DR   ,,,,,,,2,1,0,0,2.0,CLEAR,1.0,DRY,False,5.0,LOCAL STREET,2.0,COLLISION WITH BICYCLE,9.0,SINGLE VEHICLE,6.0,STRAIGHT & LEVEL,2.0,DAYLIGHT,,,False,38.0738117,-85.8770715,2013,7,20,0,0
603,108163,71330232,LOUISVILLE METRO POLICE DEPT,8013054354,AC,KY1931  ,,MANSLICK,RD   ,,8.106,,MARCH,BLVD ,,,,,,,2,1,0,1,3.0,CLOUDY,5.0,WET,False,7.0,STATE,2.0,COLLISION WITH BICYCLE,9.0,SINGLE VEHICLE,6.0,STRAIGHT & LEVEL,2.0,DAYLIGHT,,,False,38.1916727,-85.8008524,2013,7,22,11,26
604,108181,71330262,LOUISVILLE METRO POLICE DEPT,8013054510,AC,KY2050  ,,HERR,LN   ,,2.182,,BROWNSBORO,RD   ,,,,,,,2,1,0,1,6.0,RAINING,5.0,WET,True,7.0,STATE,2.0,COLLISION WITH BICYCLE,9.0,SINGLE VEHICLE,6.0,STRAIGHT & LEVEL,2.0,DAYLIGHT,,,False,38.2839071,-85.6279589,2013,7,22,15,0
605,108217,71331561,SHIVELY POLICE DEPARTMENT,0413001445,AC,KY2049  ,,CRUMS,LN   ,,0.656,,,,,BURRELL,DR   ,,CHEVIOT,DR   ,2,1,0,1,2.0,CLEAR,1.0,DRY,False,7.0,STATE,37.0,COLLISION WITH BICYCLIST,9.0,SINGLE VEHICLE,6.0,STRAIGHT & LEVEL,2.0,DAYLIGHT,,,False,38.1950944,-85.8263605,2013,7,22,18,53
606,108227,71333356,LOUISVILLE METRO POLICE DEPT,8013054496,AC,,,6TH,ST   ,S ,0.086,US0031W ,MARKET,ST   ,,,,,,,2,1,0,0,2.0,CLEAR,1.0,DRY,True,5.0,LOCAL STREET,2.0,COLLISION WITH BICYCLE,9.0,SINGLE VEHICLE,6.0,STRAIGHT & LEVEL,2.0,DAYLIGHT,,,False,38.2557443,-85.7600531,2013,7,22,17,52
607,108289,71333289,GRAYMOOR-DEVONDALE POLICE DEPT,5013000156,AC,,,WHIPPS MILL,RD   ,,1.918,KY0146  ,NEW LA GRANGE,RD   ,,,,,,,2,1,0,1,2.0,CLEAR,1.0,DRY,False,5.0,LOCAL STREET,2.0,COLLISION WITH BICYCLE,9.0,SINGLE VEHICLE,6.0,STRAIGHT & LEVEL,2.0,DAYLIGHT,,,False,38.2676376,-85.5788703,2013,7,23,14,18
608,108450,71331619,ST. MATTHEWS POLICE DEPARTMENT,0313001706,AC,KY1932  ,,CHENOWETH,LN   ,,5.808,,MASSIE,AVE  ,,,,,,,2,1,0,0,2.0,CLEAR,1.0,DRY,False,7.0,STATE,2.0,COLLISION WITH BICYCLE,9.0,SINGLE VEHICLE,6.0,STRAIGHT & LEVEL,2.0,DAYLIGHT,,,False,38.256279,-85.6581435,2013,7,26,10,18
609,108499,71332389,LOUISVILLE METRO POLICE DEPT,8013055655,AC,,2216.0,OAK,ST   ,W ,1.965,,,,,,,,,,2,1,0,1,2.0,CLEAR,1.0,DRY,False,5.0,LOCAL STREET,37.0,COLLISION WITH BICYCLIST,9.0,SINGLE VEHICLE,6.0,STRAIGHT & LEVEL,2.0,DAYLIGHT,,,False,38.2375173,-85.7911656,2013,7,26,14,35
610,108654,71332516,LOUISVILLE METRO POLICE DEPT,8013056344,AC,KY0864  ,,POPLAR LEVEL,RD   ,,8.881,,RANGELAND,RD   ,,,,,,,2,1,0,1,2.0,CLEAR,2.0,ICE,False,7.0,STATE,2.0,COLLISION WITH BICYCLE,9.0,SINGLE VEHICLE,6.0,STRAIGHT & LEVEL,2.0,DAYLIGHT,,,False,38.1672632,-85.6817528,2013,7,29,9,10
611,108734,71336985,LOUISVILLE METRO POLICE DEPT,8013056601,AC,,,CHESTNUT,ST   ,W ,1.368,,15TH,ST   ,,,,,,,2,1,0,1,2.0,CLEAR,1.0,DRY,True,5.0,LOCAL STREET,2.0,COLLISION WITH BICYCLE,9.0,SINGLE VEHICLE,6.0,STRAIGHT & LEVEL,5.0,DARK-HWY LIGHTED/ON,,,False,38.2510025,-85.7760053,2013,7,29,21,0
612,108965,71335565,LOUISVILLE METRO POLICE DEPT,8013057468,AC,US0031E ,,MARKET,ST   ,W ,17.787,US0031W ,2ND,ST   ,,,,,,,2,1,0,0,2.0,CLEAR,1.0,DRY,False,2.0,FEDERAL,2.0,COLLISION WITH BICYCLE,9.0,SINGLE VEHICLE,6.0,STRAIGHT & LEVEL,5.0,DARK-HWY LIGHTED/ON,,,False,38.254962,-85.7534921,2013,8,1,23,30
613,108969,71335562,LOUISVILLE METRO POLICE DEPT,8013057400,AC,,,LIBERTY,ST   ,W ,0.251,,8TH,ST   ,,,,,,,2,1,0,0,2.0,CLEAR,1.0,DRY,False,5.0,LOCAL STREET,2.0,COLLISION WITH BICYCLE,9.0,SINGLE VEHICLE,6.0,STRAIGHT & LEVEL,2.0,DAYLIGHT,,,False,38.2534142,-85.7636332,2013,8,1,19,4
614,109183,71335050,LOUISVILLE METRO POLICE DEPT,8013058196,AC,,,CROSS CREEK,BLVD ,,0.144,,DOWNS BRANCH,RD   ,,,,,,,2,1,0,1,3.0,CLOUDY,1.0,DRY,False,5.0,LOCAL STREET,2.0,COLLISION WITH BICYCLE,9.0,SINGLE VEHICLE,1.0,CURVE & GRADE,2.0,DAYLIGHT,,,False,38.1527622,-85.6263709,2013,8,4,16,43
615,109252,71335894,JEFFERSONTOWN POLICE DEPT,A0831463  ,AC,KY0155  ,9120.0,TAYLORSVILLE,RD   ,,11.266,,,,,,,,,,2,1,0,1,2.0,CLEAR,1.0,DRY,False,7.0,STATE,37.0,COLLISION WITH BICYCLIST,9.0,SINGLE VEHICLE,6.0,STRAIGHT & LEVEL,2.0,DAYLIGHT,,,False,38.2142151,-85.5894205,2013,8,5,17,45
616,109288,71341865,LOUISVILLE METRO POLICE DEPT,8013058538,AC,,,11TH,ST   ,S ,0.332,,FISK,CT   ,,,,,,,2,1,0,1,2.0,CLEAR,1.0,DRY,True,5.0,LOCAL STREET,2.0,COLLISION WITH BICYCLE,9.0,SINGLE VEHICLE,6.0,STRAIGHT & LEVEL,2.0,DAYLIGHT,,,False,38.253134,-85.7689598,2013,8,5,0,0
617,109319,71335958,LOUISVILLE METRO POLICE DEPT,8013058623,AC,,,RIVER,RD   ,,4.202,,,,,HARBORTOWN,RD   ,,AVISH,LN   ,2,1,0,1,2.0,CLEAR,1.0,DRY,False,1.0,COUNTY ROAD,37.0,COLLISION WITH BICYCLIST,9.0,SINGLE VEHICLE,6.0,STRAIGHT & LEVEL,2.0,DAYLIGHT,,,False,38.3221946,-85.6439688,2013,8,6,8,38
618,109322,71335967,LOUISVILLE METRO POLICE DEPT,8013058691,AC,,8020.0,CANDLEGLOW,LN   ,,0.276,,,,,,,,,,2,1,0,1,3.0,CLOUDY,1.0,DRY,False,1.0,COUNTY ROAD,37.0,COLLISION WITH BICYCLIST,9.0,SINGLE VEHICLE,6.0,STRAIGHT & LEVEL,2.0,DAYLIGHT,,,False,38.1349349,-85.7837331,2013,8,6,13,39
619,109522,71340878,LOUISVILLE METRO POLICE DEPT,8013059250,AC,US0060  ,,FRANKFORT,AVE  ,,1.778,,,,,CRESCENT,AVE  ,,KENNEDY,AVE  ,2,1,0,1,2.0,CLEAR,1.0,DRY,False,2.0,FEDERAL,37.0,COLLISION WITH BICYCLIST,9.0,SINGLE VEHICLE,6.0,STRAIGHT & LEVEL,2.0,DAYLIGHT,,,False,38.2546636,-85.6876746,2013,8,8,8,55
620,109711,71338183,LOUISVILLE METRO POLICE DEPT,8013060112,AC,,1500.0,ANDERSON,ST   ,,0.486,,,,,,,,,,2,1,0,1,2.0,CLEAR,1.0,DRY,False,5.0,LOCAL STREET,37.0,COLLISION WITH BICYCLIST,9.0,SINGLE VEHICLE,6.0,STRAIGHT & LEVEL,3.0,DUSK,,,False,38.2473224,-85.7788944,2013,8,10,21,0
621,110038,71339495,LOUISVILLE METRO POLICE DEPT,8013061263,AC,,,HILL,ST   ,W ,2.208,,25TH,ST   ,,,,,,,2,1,0,1,2.0,CLEAR,1.0,DRY,False,5.0,LOCAL STREET,2.0,COLLISION WITH BICYCLE,9.0,SINGLE VEHICLE,6.0,STRAIGHT & LEVEL,3.0,DUSK,,,False,38.2299466,-85.796902,2013,8,14,20,43
622,110108,71339914,LOUISVILLE METRO POLICE DEPT,8013061451,AC,,,CHESTNUT,ST   ,W ,2.546,KY1020  ,2ND,ST   ,,,,,,,2,1,0,1,2.0,CLEAR,1.0,DRY,False,5.0,LOCAL STREET,2.0,COLLISION WITH BICYCLE,9.0,SINGLE VEHICLE,6.0,STRAIGHT & LEVEL,2.0,DAYLIGHT,,,False,38.2485814,-85.7545663,2013,8,15,14,10
623,110333,71341033,LOUISVILLE METRO POLICE DEPT,8013062309,AC,,,WIZARD,AVE  ,,0.192,,LONGFIELD,AVE  ,,,,,,,2,1,0,0,2.0,CLEAR,1.0,DRY,False,5.0,LOCAL STREET,2.0,COLLISION WITH BICYCLE,9.0,SINGLE VEHICLE,6.0,STRAIGHT & LEVEL,2.0,DAYLIGHT,,,True,38.1990788,-85.7773646,2013,8,18,16,50
624,110458,1926844,LOUISVILLE METRO POLICE DEPT,8013062812,AC,,,32ND,ST   ,,,,KENTUCKY,ST   ,,,,,,,2,1,0,1,2.0,CLEAR,1.0,DRY,False,5.0,LOCAL STREET,2.0,COLLISION WITH BICYCLE,1.0,ANGLE,6.0,STRAIGHT & LEVEL,2.0,DAYLIGHT,,,False,38.239833333,-85.720233333,2013,8,20,11,30
625,110489,71342301,LOUISVILLE METRO POLICE DEPT,8013062881,AC,US0060  ,,FRANKFORT,AVE  ,,3.475,,,,US0060A ,LEXINGTON,RD   ,,WILMINGTON,AVE  ,2,1,0,1,2.0,CLEAR,1.0,DRY,False,2.0,FEDERAL,37.0,COLLISION WITH BICYCLIST,9.0,SINGLE VEHICLE,6.0,STRAIGHT & LEVEL,2.0,DAYLIGHT,,,False,38.2529558,-85.6567969,2013,8,20,15,17
626,110644,71342713,LOUISVILLE METRO POLICE DEPT,8013063408,AC,,,24TH,ST   ,N ,0.678,KY3064  ,PORTLAND,AVE  ,,,,,,,2,1,0,0,2.0,CLEAR,1.0,DRY,False,5.0,LOCAL STREET,2.0,COLLISION WITH BICYCLE,9.0,SINGLE VEHICLE,5.0,STRAIGHT & HILLCREST,2.0,DAYLIGHT,,,False,38.2700799,-85.7872057,2013,8,22,10,3
627,110737,71343441,LOUISVILLE METRO POLICE DEPT,8013063755,AC,,,HIKES,LN   ,,0.949,,,,,GREEN MEADOWS,DR   ,KY2251,BARDSTOWN,RD   ,2,1,0,0,2.0,CLEAR,1.0,DRY,False,5.0,LOCAL STREET,37.0,COLLISION WITH BICYCLIST,9.0,SINGLE VEHICLE,4.0,STRAIGHT & GRADE,2.0,DAYLIGHT,,,False,38.1998218,-85.6587991,2013,8,23,12,10
628,110846,71343225,ST. MATTHEWS POLICE DEPARTMENT,0313002023,AC,,1000.0,SIR LANCELOT,LN   ,,0.004,,,,,,,,,,2,1,0,0,2.0,CLEAR,1.0,DRY,False,5.0,LOCAL STREET,37.0,COLLISION WITH BICYCLIST,9.0,SINGLE VEHICLE,6.0,STRAIGHT & LEVEL,2.0,DAYLIGHT,,,False,38.2660393,-85.6119352,2013,8,24,9,10
629,111001,71343979,JEFFERSONTOWN POLICE DEPT,A0832591  ,AC,,,LINN STATION,RD   ,,1.805,,,,,LAKE SHORE,CT   ,,CLEAR SPRINGS,TRCE ,2,1,0,1,2.0,CLEAR,1.0,DRY,False,5.0,LOCAL STREET,37.0,COLLISION WITH BICYCLIST,9.0,SINGLE VEHICLE,3.0,CURVE & LEVEL,2.0,DAYLIGHT,,,False,38.2243561,-85.5674172,2013,8,26,19,4
630,111044,71344085,LOUISVILLE METRO POLICE DEPT,8013064667,AC,,700.0,DOUGLAS,PARK ,,0.194,,,,,,,,,,2,1,0,1,2.0,CLEAR,1.0,DRY,False,5.0,LOCAL STREET,37.0,COLLISION WITH BICYCLIST,9.0,SINGLE VEHICLE,3.0,CURVE & LEVEL,2.0,DAYLIGHT,,,False,38.1774677,-85.7601291,2013,8,26,17,2
631,111121,71344529,LOUISVILLE METRO POLICE DEPT,8013064813,AC,,,BRADLEY,AVE  ,,0.0,KY0061  ,BRANDEIS,AVE  ,,,,,,,2,1,0,0,2.0,CLEAR,1.0,DRY,False,5.0,LOCAL STREET,2.0,COLLISION WITH BICYCLE,9.0,SINGLE VEHICLE,4.0,STRAIGHT & GRADE,2.0,DAYLIGHT,,,False,38.2182154,-85.7515618,2013,8,27,7,50
632,111165,1936972,LOUISVILLE METRO POLICE DEPT,8013065272,AC,,,22ND,ST   ,,,,,,,DUNCAN,ST   ,,COLUMBIA,ST   ,2,1,0,1,2.0,CLEAR,1.0,DRY,False,5.0,LOCAL STREET,37.0,COLLISION WITH BICYCLIST,1.0,ANGLE,6.0,STRAIGHT & LEVEL,2.0,DAYLIGHT,,,False,38.201666667,-85.536666667,2013,8,28,15,41
633,111190,71344968,LOUISVILLE METRO POLICE DEPT,8013065257,AC,,,JEFFERSON,ST   ,W ,0.73,,,,,ROY WILKINS,AVE  ,,10TH,ST   ,2,1,0,1,2.0,CLEAR,1.0,DRY,False,5.0,LOCAL STREET,37.0,COLLISION WITH BICYCLIST,9.0,SINGLE VEHICLE,6.0,STRAIGHT & LEVEL,2.0,DAYLIGHT,,,False,38.254748,-85.7653324,2013,8,28,15,32
634,111208,71344952,LOUISVILLE METRO POLICE DEPT,8013065150,AC,I 0065  ,,,,,0.504,KY0061  ,PRESTON,HWY  ,,,,,,,2,1,0,1,2.0,CLEAR,1.0,DRY,False,4.0,INTERSTATE,2.0,COLLISION WITH BICYCLE,9.0,SINGLE VEHICLE,3.0,CURVE & LEVEL,2.0,DAYLIGHT,,,False,38.1917752,-85.7276918,2013,8,28,9,4
635,111219,71344976,LOUISVILLE METRO POLICE DEPT,8013065300,AC,,,3RD,ST   ,N ,0.021,,,,,,,,,,2,1,0,1,2.0,CLEAR,1.0,DRY,True,5.0,LOCAL STREET,37.0,COLLISION WITH BICYCLIST,9.0,SINGLE VEHICLE,4.0,STRAIGHT & GRADE,2.0,DAYLIGHT,,,False,38.2567357,-85.7548179,2013,8,28,16,48
636,111245,238792,LOUISVILLE METRO POLICE DEPT,8013065634,AC,,,6TH,ST   ,,,,BROADWAY,,,,,,,,2,1,0,1,2.0,CLEAR,1.0,DRY,False,5.0,LOCAL STREET,2.0,COLLISION WITH BICYCLE,1.0,ANGLE,6.0,STRAIGHT & LEVEL,2.0,DAYLIGHT,,,False,38.2462,-85.761733333,2013,8,29,17,53
637,111351,71345564,SHIVELY POLICE DEPARTMENT,0413001754,AC,,,LOMOND,DR   ,,0.051,,,,KY2049  ,CRUMS,LN   ,,BUTLER,RD   ,2,1,0,1,2.0,CLEAR,1.0,DRY,True,5.0,LOCAL STREET,37.0,COLLISION WITH BICYCLIST,9.0,SINGLE VEHICLE,3.0,CURVE & LEVEL,7.0,DARK (UNKNOWN ROADWAY LIGHTING),,,False,38.1941226,-85.8212822,2013,8,30,0,5
638,111371,71346502,LOUISVILLE METRO POLICE DEPT,8013065815,AC,,,CHATEAU,LN   ,,0.074,,,,,CULVER,LN   ,KY0061,PRESTON,HWY  ,2,1,0,1,2.0,CLEAR,1.0,DRY,False,5.0,LOCAL STREET,37.0,COLLISION WITH BICYCLIST,9.0,SINGLE VEHICLE,6.0,STRAIGHT & LEVEL,1.0,DAWN,,,False,38.1475521,-85.6932448,2013,8,30,6,50