,Unnamed: 0,master_file_number,investigating_agency,local_code,collision_status_code,roadway_number,building_number,roadway_name,roadway_suffix,roadway_direction,milepoint,intersection_roadway_number,intersection_roadway_name,intersection_roadway_suffix,between_street_number_1,between_street_name_1,between_street_suffix_1,between_street_number_2,between_street_name_2,between_street_suffix_2,units_involved,motor_vehicles_involved,killed,injured,weather_code,weather,roadway_condition_code,roadway_condition,hit_and_run,roadway_type_code,roadway_type,directional_analysis_code,directional_analysis,manner_of_collision_code,manner_of_collision,roadway_character_code,roadway_character,light_condition_code,light_condition,ramp_from_roadway_id,ramp_to_roadway_id,secondary_collision,latitude,longitude,year,month,day,hour,minute
639,111455,71347423,SHIVELY POLICE DEPARTMENT,0413001762,AC,US0031W ,,DIXIE,HWY  ,,15.953,,,,,MARY CATHERINE,DR   ,,THERESA,AVE  ,2,1,0,1,2.0,CLEAR,1.0,DRY,False,2.0,FEDERAL,37.0,COLLISION WITH BICYCLIST,9.0,SINGLE VEHICLE,6.0,STRAIGHT & LEVEL,2.0,DAYLIGHT,,,False,38.1998798,-85.8028486,2013,8,30,17,54
640,111488,71346598,LOUISVILLE METRO POLICE DEPT,8013066206,AC,US0150  ,,DR W J HODGE,ST   ,,0.845,US0150T ,MARKET,ST   ,,,,,,,2,1,0,1,2.0,CLEAR,1.0,DRY,True,2.0,FEDERAL,2.0,COLLISION WITH BICYCLE,9.0,SINGLE VEHICLE,6.0,STRAIGHT & LEVEL,2.0,DAYLIGHT,,,False,38.2582933,-85.7850379,2013,8,31,17,30
641,111615,71346246,PROSPECT POLICE DEPARTMENT,4513000164,AC,,,WINDHAM,PKWY ,,0.544,,EDMONSON,PL   ,,,,,,,2,1,0,1,2.0,CLEAR,1.0,DRY,False,5.0,LOCAL STREET,2.0,COLLISION WITH BICYCLE,9.0,SINGLE VEHICLE,1.0,CURVE & GRADE,2.0,DAYLIGHT,,,False,38.3557108,-85.6206391,2013,9,2,11,34
642,111773,71358808,LOUISVILLE METRO POLICE DEPT,8013066849,AC,US0150  ,,BROADWAY,,W ,1.936,,,,,,,,,,2,1,0,1,2.0,CLEAR,1.0,DRY,True,2.0,FEDERAL,37.0,COLLISION WITH BICYCLIST,9.0,SINGLE VEHICLE,6.0,STRAIGHT & LEVEL,2.0,DAYLIGHT,,,False,38.2468624,-85.766787,2013,9,3,10,54
643,111939,1934730,LOUISVILLE METRO POLICE DEPT,8013068021,AC,,,BROADWAY,,,,,4TH,ST   ,,,,,,,2,1,0,1,2.0,CLEAR,1.0,DRY,False,5.0,LOCAL STREET,2.0,COLLISION WITH BICYCLE,1.0,ANGLE,6.0,STRAIGHT & LEVEL,5.0,DARK-HWY LIGHTED/ON,,,False,38.201666667,-85.536666667,2013,9,6,22,52
644,112116,71354995,LOUISVILLE METRO POLICE DEPT,8013068557,RE,,,7TH,ST   ,S ,2.022,US0150  ,BROADWAY,,,,,,,,2,1,0,1,2.0,CLEAR,1.0,DRY,False,5.0,LOCAL STREET,2.0,COLLISION WITH BICYCLE,9.0,SINGLE VEHICLE,6.0,STRAIGHT & LEVEL,2.0,DAYLIGHT,,,False,38.2464473,-85.7633675,2013,9,7,10,44
645,112119,71362546,LOUISVILLE METRO POLICE DEPT,8013068235,AC,US0060A ,,LEXINGTON,RD   ,,9.471,,BRIAR HILL,RD   ,,,,,,,2,1,0,1,2.0,CLEAR,1.0,DRY,False,2.0,FEDERAL,2.0,COLLISION WITH BICYCLE,9.0,SINGLE VEHICLE,6.0,STRAIGHT & LEVEL,3.0,DUSK,,,False,38.2486403,-85.6760856,2013,9,7,19,54
646,112131,71349014,LOUISVILLE METRO POLICE DEPT,8013068308,AC,,,4TH,ST   ,S ,0.734,US0150  ,BROADWAY,,,,,,,,2,1,0,1,2.0,CLEAR,1.0,DRY,False,5.0,LOCAL STREET,2.0,COLLISION WITH BICYCLE,9.0,SINGLE VEHICLE,6.0,STRAIGHT & LEVEL,5.0,DARK-HWY LIGHTED/ON,,,False,38.2460816,-85.7583782,2013,9,8,6,25
647,112134,71349023,LOUISVILLE METRO POLICE DEPT,8013068371,AC,,,32ND,ST   ,S ,1.9,,,,,,,,,,2,1,0,1,2.0,CLEAR,1.0,DRY,False,5.0,LOCAL STREET,37.0,COLLISION WITH BICYCLIST,9.0,SINGLE VEHICLE,6.0,STRAIGHT & LEVEL,2.0,DAYLIGHT,,,False,38.2552115,-85.8051243,2013,9,8,14,10
648,112193,71349606,LOUISVILLE METRO POLICE DEPT,8013068527,AC,,,WOODBOURNE,AVE  ,,0.703,,CAROLINA,AVE  ,,,,,,,2,1,0,1,2.0,CLEAR,1.0,DRY,False,5.0,LOCAL STREET,2.0,COLLISION WITH BICYCLE,9.0,SINGLE VEHICLE,6.0,STRAIGHT & LEVEL,2.0,DAYLIGHT,,,False,38.2282454,-85.6831478,2013,9,9,9,9
649,112399,71350393,LOUISVILLE METRO POLICE DEPT,8013069331,AC,,,BARRET,AVE  ,,1.081,,RUFER,AVE  ,,,,,,,2,1,0,0,2.0,CLEAR,1.0,DRY,False,5.0,LOCAL STREET,2.0,COLLISION WITH BICYCLE,9.0,SINGLE VEHICLE,6.0,STRAIGHT & LEVEL,2.0,DAYLIGHT,,,False,38.2348921,-85.7268998,2013,9,11,15,58
650,112707,71351870,LOUISVILLE METRO POLICE DEPT,8013070278,AC,,4124.0,POMEROY,CT   ,,0.098,,,,,,,,,,2,1,0,0,2.0,CLEAR,1.0,DRY,False,5.0,LOCAL STREET,37.0,COLLISION WITH BICYCLIST,9.0,SINGLE VEHICLE,3.0,CURVE & LEVEL,2.0,DAYLIGHT,,,False,38.1989084,-85.6342745,2013,9,14,17,35
651,112715,71352323,LOUISVILLE METRO POLICE DEPT,8013070286,AC,,,ST CATHERINE,ST   ,W ,0.27,,4TH,ST   ,,,,,,,2,1,0,1,2.0,CLEAR,1.0,DRY,False,5.0,LOCAL STREET,2.0,COLLISION WITH BICYCLE,9.0,SINGLE VEHICLE,6.0,STRAIGHT & LEVEL,2.0,DAYLIGHT,,,False,38.2374257,-85.7598349,2013,9,14,18,30
652,113171,71355031,LOUISVILLE METRO POLICE DEPT,8013071901,AC,KY2055  ,,MANSLICK,RD   ,W ,1.37,,FAIRDALE,RD   ,,,,,,,2,1,0,1,2.0,CLEAR,1.0,DRY,False,7.0,STATE,2.0,COLLISION WITH BICYCLE,9.0,SINGLE VEHICLE,6.0,STRAIGHT & LEVEL,2.0,DAYLIGHT,,,False,38.1049984,-85.7587182,2013,9,20,7,39
653,113329,71355175,LOUISVILLE METRO POLICE DEPT,8013072381,AC,,,CECIL,AVE  ,,0.909,,GARLAND,AVE  ,,,,,,,2,1,0,0,2.0,CLEAR,1.0,DRY,False,1.0,COUNTY ROAD,2.0,COLLISION WITH BICYCLE,9.0,SINGLE VEHICLE,6.0,STRAIGHT & LEVEL,2.0,DAYLIGHT,,,False,38.2468928,-85.8208607,2013,9,21,17,41
654,113332,71355178,LOUISVILLE METRO POLICE DEPT,8013072386,AC,,,12TH,ST   ,S ,1.163,,OAK,ST   ,,,,,,,2,1,0,0,2.0,CLEAR,1.0,DRY,False,5.0,LOCAL STREET,2.0,COLLISION WITH BICYCLE,9.0,SINGLE VEHICLE,6.0,STRAIGHT & LEVEL,2.0,DAYLIGHT,,,False,38.2363297,-85.773403,2013,9,21,17,47
655,113347,71354404,ST. MATTHEWS POLICE DEPARTMENT,0313002267,AC,US0060  ,,SHELBYVILLE,RD   ,,4.884,,,,,BRAMTON,RD   ,,SAGE,RD   ,2,1,0,0,2.0,CLEAR,1.0,DRY,True,2.0,FEDERAL,37.0,COLLISION WITH BICYCLIST,9.0,SINGLE VEHICLE,6.0,STRAIGHT & LEVEL,2.0,DAYLIGHT,,,False,38.250905,-85.6312183,2013,9,22,7,45
656,113453,71355917,LOUISVILLE METRO POLICE DEPT,8013072863,AC,,,HILL,ST   ,W ,1.003,,,,,,,,,,2,1,0,1,2.0,CLEAR,1.0,DRY,False,1.0,COUNTY ROAD,37.0,COLLISION WITH BICYCLIST,9.0,SINGLE VEHICLE,6.0,STRAIGHT & LEVEL,2.0,DAYLIGHT,,,False,38.2273972,-85.7752071,2013,9,23,15,56
657,113478,71355922,LOUISVILLE METRO POLICE DEPT,8013072987,AC,,,BURNETT,AVE  ,W ,1.284,,OLIVE,ST   ,,,,,,,2,1,0,1,2.0,CLEAR,1.0,DRY,False,5.0,LOCAL STREET,2.0,COLLISION WITH BICYCLE,9.0,SINGLE VEHICLE,6.0,STRAIGHT & LEVEL,5.0,DARK-HWY LIGHTED/ON,,,False,38.2324588,-85.7996145,2013,9,23,21,50
658,113483,71356413,LOUISVILLE METRO POLICE DEPT,8013072926,AC,,,PEE WEE REESE,RD   ,,1.543,,ROCK CREEK,DR   ,,,,,,,2,1,0,0,2.0,CLEAR,1.0,DRY,False,5.0,LOCAL STREET,2.0,COLLISION WITH BICYCLE,9.0,SINGLE VEHICLE,6.0,STRAIGHT & LEVEL,2.0,DAYLIGHT,,,False,38.2416794,-85.6735936,2013,9,23,18,19
659,113554,71356419,LOUISVILLE METRO POLICE DEPT,8013073208,AC,KY1747  ,,FERN VALLEY,RD   ,,3.324,,JEFFERSON,BLVD ,,,,,,,2,1,0,1,2.0,CLEAR,1.0,DRY,False,7.0,STATE,2.0,COLLISION WITH BICYCLE,9.0,SINGLE VEHICLE,6.0,STRAIGHT & LEVEL,2.0,DAYLIGHT,,,False,38.1567153,-85.6716843,2013,9,24,16,41
660,113612,71356443,LOUISVILLE METRO POLICE DEPT,8013073476,AC,,,VIM,DR   ,,0.43,,,,,,,,,,2,1,0,1,2.0,CLEAR,1.0,DRY,False,1.0,COUNTY ROAD,37.0,COLLISION WITH BICYCLIST,9.0,SINGLE VEHICLE,6.0,STRAIGHT & LEVEL,2.0,DAYLIGHT,,,False,38.1738042,-85.702902,2013,9,25,14,44
661,113656,71359317,LOUISVILLE METRO POLICE DEPT,8013073319,AC,KY0061  ,,PRESTON,HWY  ,,0.431,,,,,MUD,LN   ,,ANTLE,DR   ,2,1,1,0,2.0,CLEAR,1.0,DRY,False,7.0,STATE,37.0,COLLISION WITH BICYCLIST,9.0,SINGLE VEHICLE,6.0,STRAIGHT & LEVEL,6.0,DARK-HWY NOT LIGHTED,,,False,38.0897637,-85.6684001,2013,9,25,0,20
662,113916,71357604,LOUISVILLE METRO POLICE DEPT,8013074501,AC,,,GARLAND,AVE  ,,1.261,,23RD,ST   ,,,,,,,2,1,0,1,2.0,CLEAR,1.0,DRY,False,5.0,LOCAL STREET,2.0,COLLISION WITH BICYCLE,9.0,SINGLE VEHICLE,6.0,STRAIGHT & LEVEL,2.0,DAYLIGHT,,,False,38.2443396,-85.790667,2013,9,28,19,29
663,114137,71358804,SHIVELY POLICE DEPARTMENT,0413002023,AC,,,GRANDVIEW,DR   ,,0.099,,,,KY2051  ,ROCKFORD,LN   ,,SAN JOSE,AVE  ,2,1,0,0,2.0,CLEAR,1.0,DRY,True,5.0,LOCAL STREET,37.0,COLLISION WITH BICYCLIST,9.0,SINGLE VEHICLE,6.0,STRAIGHT & LEVEL,2.0,DAYLIGHT,,,False,38.1769735,-85.8259126,2013,10,1,16,28
664,114206,71359351,LOUISVILLE METRO POLICE DEPT,8013075492,AC,US0060A ,,TAYLOR,BLVD ,,1.891,,ARCADE,AVE  ,,,,,,,2,1,0,1,3.0,CLOUDY,1.0,DRY,True,2.0,FEDERAL,2.0,COLLISION WITH BICYCLE,9.0,SINGLE VEHICLE,6.0,STRAIGHT & LEVEL,2.0,DAYLIGHT,,,False,38.2021234,-85.7814501,2013,10,2,11,30
665,114232,71359374,LOUISVILLE METRO POLICE DEPT,8013075622,AC,,,APPLE VALLEY,DR   ,,0.0,,,,,,,,,,2,1,0,1,3.0,CLOUDY,1.0,DRY,True,1.0,COUNTY ROAD,37.0,COLLISION WITH BICYCLIST,9.0,SINGLE VEHICLE,6.0,STRAIGHT & LEVEL,2.0,DAYLIGHT,,,False,38.1374243,-85.6212832,2013,10,2,16,53
666,114243,71359556,ST. MATTHEWS POLICE DEPARTMENT,0313002358,RE,,,DAYTON,AVE  ,,0.232,,WILTSHIRE,AVE  ,,,,,,,1,1,0,0,3.0,CLOUDY,1.0,DRY,True,5.0,LOCAL STREET,2.0,COLLISION WITH BICYCLE,9.0,SINGLE VEHICLE,6.0,STRAIGHT & LEVEL,2.0,DAYLIGHT,,,False,38.2500528,-85.6543788,2013,10,2,15,15
667,114264,71359729,LOUISVILLE METRO POLICE DEPT,8013075536,AC,,,CARDINAL,BLVD ,W ,0.181,KY1020  ,3RD,ST   ,,,,,,,2,1,0,1,3.0,CLOUDY,1.0,DRY,False,5.0,LOCAL STREET,2.0,COLLISION WITH BICYCLE,9.0,SINGLE VEHICLE,6.0,STRAIGHT & LEVEL,2.0,DAYLIGHT,,,False,38.2205603,-85.7611784,2013,10,2,13,30
668,114318,71359753,LOUISVILLE METRO POLICE DEPT,8013075823,AC,,,4TH,ST   ,S ,2.881,,,,,INDUSTRY,RD   ,,BRANDEIS,AVE  ,2,1,0,1,3.0,CLOUDY,1.0,DRY,True,5.0,LOCAL STREET,37.0,COLLISION WITH BICYCLIST,9.0,SINGLE VEHICLE,4.0,STRAIGHT & GRADE,2.0,DAYLIGHT,,,False,38.2152438,-85.7637947,2013,10,3,11,10
669,114466,71360736,LOUISVILLE METRO POLICE DEPT,8013076250,AC,,,HANCOCK,ST   ,S ,0.026,US0031E ,MAIN,ST   ,,,,,,,2,1,0,1,3.0,CLOUDY,1.0,DRY,False,5.0,LOCAL STREET,2.0,COLLISION WITH BICYCLE,9.0,SINGLE VEHICLE,6.0,STRAIGHT & LEVEL,2.0,DAYLIGHT,,,False,38.2550337,-85.7422987,2013,10,4,16,39
670,114873,71362238,LOUISVILLE METRO POLICE DEPT,8013077603,AC,,,GREYLING,DR   ,,0.124,,,,KY2055  ,MANSLICK,RD   ,,ACRES,LN   ,2,1,0,1,2.0,CLEAR,1.0,DRY,False,5.0,LOCAL STREET,37.0,COLLISION WITH BICYCLIST,9.0,SINGLE VEHICLE,4.0,STRAIGHT & GRADE,2.0,DAYLIGHT,,,False,38.1183503,-85.7973039,2013,10,9,0,0
671,115048,71363395,LOUISVILLE METRO POLICE DEPT,8013078095,AC,KY0061  ,,PRESTON,HWY  ,,4.731,,OAKLAWN,DR   ,,,,,,,2,1,0,1,2.0,CLEAR,1.0,DRY,False,7.0,STATE,2.0,COLLISION WITH BICYCLE,9.0,SINGLE VEHICLE,6.0,STRAIGHT & LEVEL,2.0,DAYLIGHT,,,False,38.1487964,-85.692483,2013,10,11,13,0
672,115072,71363437,LOUISVILLE METRO POLICE DEPT,8013078214,AC,US0060A ,,TAYLOR,BLVD ,,1.565,,SALE,AVE  ,,,,,,,2,1,0,0,2.0,CLEAR,1.0,DRY,False,2.0,FEDERAL,2.0,COLLISION WITH BICYCLE,9.0,SINGLE VEHICLE,6.0,STRAIGHT & LEVEL,2.0,DAYLIGHT,,,False,38.1977411,-85.7828293,2013,10,11,18,13
673,115133,1927281,LOUISVILLE METRO POLICE DEPT,8013078465,AC,,,29TH STREET,,,,,CROP STREET,,,,,,,,2,1,0,1,2.0,CLEAR,1.0,DRY,False,5.0,LOCAL STREET,2.0,COLLISION WITH BICYCLE,3.0,HEAD ON,6.0,STRAIGHT & LEVEL,2.0,DAYLIGHT,,,False,38.201666667,-85.536666667,2013,10,12,16,57
674,115173,71363477,LOUISVILLE METRO POLICE DEPT,8013078384,AC,KY1020  ,,SOUTHERN,PKWY ,,8.075,,,,,ASHLAND,AVE  ,,WELLINGTON,AVE  ,2,1,0,1,2.0,CLEAR,1.0,DRY,False,7.0,STATE,37.0,COLLISION WITH BICYCLIST,9.0,SINGLE VEHICLE,6.0,STRAIGHT & LEVEL,2.0,DAYLIGHT,,,False,38.185196,-85.7674236,2013,10,12,11,51
675,115864,71367531,LOUISVILLE METRO POLICE DEPT,8013080917,AC,,,STARMONT,RD   ,,0.05,,HIGH CANYON,RD   ,,,,,,,2,1,0,1,2.0,CLEAR,1.0,DRY,False,5.0,LOCAL STREET,2.0,COLLISION WITH BICYCLE,9.0,SINGLE VEHICLE,6.0,STRAIGHT & LEVEL,2.0,DAYLIGHT,,,False,38.2830063,-85.6641619,2013,10,21,14,20
676,115891,71367537,LOUISVILLE METRO POLICE DEPT,8013080941,AC,,,BLANTON,LN   ,,0.954,,,,,BROOKLAWN,DR   ,KY1931,ST ANDREWS CHURCH,RD   ,2,1,0,1,2.0,CLEAR,1.0,DRY,False,1.0,COUNTY ROAD,37.0,COLLISION WITH BICYCLIST,9.0,SINGLE VEHICLE,6.0,STRAIGHT & LEVEL,2.0,DAYLIGHT,,,False,38.1521999,-85.8199713,2013,10,21,15,44
677,115948,71368062,LOUISVILLE METRO POLICE DEPT,8013081202,AC,US0042  ,,MELLWOOD,AVE  ,,0.793,,,,,STEVENSON,AVE  ,US0060,FRANKFORT,AVE  ,2,1,0,1,2.0,CLEAR,1.0,DRY,False,2.0,FEDERAL,37.0,COLLISION WITH BICYCLIST,9.0,SINGLE VEHICLE,6.0,STRAIGHT & LEVEL,2.0,DAYLIGHT,,,False,38.2575716,-85.7195991,2013,10,22,13,13
678,116216,1927669,LOUISVILLE METRO POLICE DEPT,8013082201,AC,,,CHENOWETH LANE,,,,,NAPANEE ROAD,,,,,,,,2,1,0,1,2.0,CLEAR,1.0,DRY,False,5.0,LOCAL STREET,2.0,COLLISION WITH BICYCLE,8.0,SIDESWIPE-SAME DIRECTION,6.0,STRAIGHT & LEVEL,3.0,DUSK,,,False,38.262233333,-85.663066667,2013,10,25,18,48
679,116229,71369795,LOUISVILLE METRO POLICE DEPT,8013081984,AC,KY1065  ,,OUTER,LOOP ,,3.201,,,,,,,,,,2,1,0,1,2.0,CLEAR,1.0,DRY,False,7.0,STATE,37.0,COLLISION WITH BICYCLIST,9.0,SINGLE VEHICLE,6.0,STRAIGHT & LEVEL,6.0,DARK-HWY NOT LIGHTED,,,False,38.1300702,-85.7370486,2013,10,25,1,38
680,116412,71369931,LOUISVILLE METRO POLICE DEPT,8013082675,AC,US0060A ,,EASTERN,PKWY ,,4.862,,DELOR,AVE  ,,,,,,,2,1,0,0,2.0,CLEAR,1.0,DRY,False,2.0,FEDERAL,2.0,COLLISION WITH BICYCLE,9.0,SINGLE VEHICLE,6.0,STRAIGHT & LEVEL,2.0,DAYLIGHT,,,False,38.2170103,-85.7383034,2013,10,27,15,39
681,116508,71370488,LOUISVILLE METRO POLICE DEPT,8013083023,AC,,,ANDERSON,ST   ,,0.32,,,,,KENDALL,CT   ,US0031W,DR W J HODGE,ST   ,2,1,0,1,2.0,CLEAR,1.0,DRY,True,5.0,LOCAL STREET,37.0,COLLISION WITH BICYCLIST,9.0,SINGLE VEHICLE,6.0,STRAIGHT & LEVEL,2.0,DAYLIGHT,,,False,38.2484612,-85.7857934,2013,10,28,17,57
682,116735,71372077,LOUISVILLE METRO POLICE DEPT,8013083487,AC,US0150  ,,BROADWAY,,W ,2.56,KY1020  ,2ND,ST   ,,,,,,,2,1,0,1,3.0,CLOUDY,5.0,WET,False,2.0,FEDERAL,2.0,COLLISION WITH BICYCLE,9.0,SINGLE VEHICLE,6.0,STRAIGHT & LEVEL,2.0,DAYLIGHT,,,False,38.2458368,-85.7550469,2013,10,30,9,18
683,116886,71372200,LOUISVILLE METRO POLICE DEPT,8013084001,AC,,,WALLIE ANN,CT   ,,0.165,,WILART,DR   ,,,,,,,2,1,0,1,6.0,RAINING,5.0,WET,False,5.0,LOCAL STREET,2.0,COLLISION WITH BICYCLE,9.0,SINGLE VEHICLE,6.0,STRAIGHT & LEVEL,2.0,DAYLIGHT,,,False,38.2188497,-85.79082,2013,10,31,17,31
684,116914,71372974,LOUISVILLE METRO POLICE DEPT,8013084074,AC,,,GRAND,AVE  ,,1.669,,CECIL,AVE  ,,,,,,,2,1,0,1,6.0,RAINING,5.0,WET,True,5.0,LOCAL STREET,2.0,COLLISION WITH BICYCLE,9.0,SINGLE VEHICLE,3.0,CURVE & LEVEL,3.0,DUSK,,,False,38.2431722,-85.8212811,2013,10,31,20,22
685,117145,71373119,LOUISVILLE METRO POLICE DEPT,8013084756,AC,KY0864  ,,GOSS,AVE  ,,13.791,,,,US0060A ,EASTERN,PKWY ,,REASOR,AVE  ,2,1,0,0,3.0,CLOUDY,1.0,DRY,False,7.0,STATE,37.0,COLLISION WITH BICYCLIST,9.0,SINGLE VEHICLE,5.0,STRAIGHT & HILLCREST,2.0,DAYLIGHT,,,False,38.2247262,-85.7312378,2013,11,3,14,58
686,117307,71374929,LOUISVILLE METRO POLICE DEPT,8013085352,RE,,,WILLIS,AVE  ,,0.663,,,,KY1932  ,BRECKENRIDGE,LN   ,,WILTSHIRE,AVE  ,2,2,0,0,2.0,CLEAR,1.0,DRY,False,5.0,LOCAL STREET,37.0,COLLISION WITH BICYCLIST,1.0,ANGLE,6.0,STRAIGHT & LEVEL,2.0,DAYLIGHT,,,False,38.2515592,-85.6541409,2013,11,5,15,15
687,117346,1926563,LOUISVILLE METRO POLICE DEPT,8013085752,AC,,,TAYLORSVILLE RD,,,,,FURMAN LN,,,,,,,,2,1,0,1,6.0,RAINING,5.0,WET,False,99.0,NONE OF THE ABOVE,2.0,COLLISION WITH BICYCLE,1.0,ANGLE,6.0,STRAIGHT & LEVEL,5.0,DARK-HWY LIGHTED/ON,,,False,38.201666667,-85.536666667,2013,11,6,18,20
688,117437,71375015,LOUISVILLE METRO POLICE DEPT,8013085721,AC,US0150  ,,BROADWAY,,E ,2.694,,,,,1ST,ST   ,,BROOK,ST   ,2,1,0,1,6.0,RAINING,5.0,WET,False,2.0,FEDERAL,37.0,COLLISION WITH BICYCLIST,9.0,SINGLE VEHICLE,6.0,STRAIGHT & LEVEL,3.0,DUSK,,,False,38.2456501,-85.7525255,2013,11,6,10,0
689,117866,71376374,LOUISVILLE METRO POLICE DEPT,8013086821,AC,KY1934  ,,CANE RUN,RD   ,,9.535,,FARNSLEY,RD   ,,,,,,,2,1,0,0,2.0,CLEAR,1.0,DRY,False,7.0,STATE,2.0,COLLISION WITH BICYCLE,9.0,SINGLE VEHICLE,6.0,STRAIGHT & LEVEL,5.0,DARK-HWY LIGHTED/ON,,,False,38.2025791,-85.8334229,2013,11,11,18,15
690,118032,71378000,LOUISVILLE METRO POLICE DEPT,8013087476,AC,,,4TH,ST   ,S ,0.097,US0031W ,MARKET,ST   ,,,,,,,2,1,0,0,2.0,CLEAR,1.0,DRY,False,5.0,LOCAL STREET,2.0,COLLISION WITH BICYCLE,9.0,SINGLE VEHICLE,6.0,STRAIGHT & LEVEL,2.0,DAYLIGHT,,,False,38.2552297,-85.7567849,2013,11,13,12,25
691,118270,71379366,LOUISVILLE METRO POLICE DEPT,8013088051,AC,,,6TH,ST   ,S ,1.512,,OAK,ST   ,,,,,,,2,1,0,0,3.0,CLOUDY,1.0,DRY,False,5.0,LOCAL STREET,2.0,COLLISION WITH BICYCLE,9.0,SINGLE VEHICLE,6.0,STRAIGHT & LEVEL,2.0,DAYLIGHT,,,False,38.235256,-85.7636546,2013,11,15,13,20
692,118383,71397768,LOUISVILLE METRO POLICE DEPT,8013088424,AC,,,KENTUCKY,ST   ,E ,0.648,,CLAY,ST   ,,,,,,,2,1,0,0,3.0,CLOUDY,1.0,DRY,False,5.0,LOCAL STREET,2.0,COLLISION WITH BICYCLE,9.0,SINGLE VEHICLE,6.0,STRAIGHT & LEVEL,5.0,DARK-HWY LIGHTED/ON,,,False,38.237148,-85.7428636,2013,11,16,20,0
693,119740,71386854,LOUISVILLE METRO POLICE DEPT,8013092842,AC,US0031W ,,22ND,ST   ,S ,19.558,,BROADWAY,,,,,,,,2,1,0,1,2.0,CLEAR,1.0,DRY,False,2.0,FEDERAL,2.0,COLLISION WITH BICYCLE,9.0,SINGLE VEHICLE,6.0,STRAIGHT & LEVEL,3.0,DUSK,,,False,38.2492167,-85.7882033,2013,12,3,18,30
694,119785,71387018,LOUISVILLE METRO POLICE DEPT,8013092963,AC,,,GRADE,LN   ,,3.586,,,,,WALTERS,LN   ,KY1065,OUTER,LOOP ,2,1,0,1,2.0,CLEAR,1.0,DRY,True,5.0,LOCAL STREET,37.0,COLLISION WITH BICYCLIST,9.0,SINGLE VEHICLE,6.0,STRAIGHT & LEVEL,5.0,DARK-HWY LIGHTED/ON,,,False,38.1371265,-85.7378836,2013,12,4,6,5
695,120692,71391726,LOUISVILLE METRO POLICE DEPT,8013095377,AC,KY0061  ,,PRESTON,HWY  ,,4.731,,OAKLAWN,DR   ,,,,,,,2,1,0,0,2.0,CLEAR,1.0,DRY,False,7.0,STATE,2.0,COLLISION WITH BICYCLE,9.0,SINGLE VEHICLE,6.0,STRAIGHT & LEVEL,2.0,DAYLIGHT,,,False,38.1488095,-85.6924564,2013,12,13,12,25
696,120919,71393019,LOUISVILLE METRO POLICE DEPT,8013096200,AC,,,4TH,ST   ,S ,0.724,US0150  ,BROADWAY,,,,,,,,2,1,0,1,2.0,CLEAR,1.0,DRY,True,5.0,LOCAL STREET,2.0,COLLISION WITH BICYCLE,9.0,SINGLE VEHICLE,6.0,STRAIGHT & LEVEL,2.0,DAYLIGHT,,,False,38.2462366,-85.7584259,2013,12,16,17,11
697,121220,71395374,LOUISVILLE METRO POLICE DEPT,8013097019,AC,US0031W ,,22ND,ST   ,S ,20.299,,MAIN,ST   ,,,,,,,2,1,0,1,2.0,CLEAR,1.0,DRY,False,2.0,FEDERAL,2.0,COLLISION WITH BICYCLE,9.0,SINGLE VEHICLE,6.0,STRAIGHT & LEVEL,2.0,DAYLIGHT,,,False,38.2599116,-85.7863124,2013,12,19,14,35
698,121856,71397839,LOUISVILLE METRO POLICE DEPT,8013099166,AC,KY0864  ,,SHELBY,ST   ,S ,15.499,,,,,GRAY,ST   ,US0150,BROADWAY,,2,1,0,1,2.0,CLEAR,1.0,DRY,False,7.0,STATE,37.0,COLLISION WITH BICYCLIST,9.0,SINGLE VEHICLE,6.0,STRAIGHT & LEVEL,2.0,DAYLIGHT,,,False,38.2449102,-85.7394705,2013,12,28,15,11
699,121901,71397888,LOUISVILLE METRO POLICE DEPT,8013099432,AC,US0031W ,,DIXIE,HWY  ,,5.539,,LANDSTAR,DR   ,,,,,,,2,1,0,0,2.0,CLEAR,1.0,DRY,False,2.0,FEDERAL,2.0,COLLISION WITH BICYCLE,9.0,SINGLE VEHICLE,6.0,STRAIGHT & LEVEL,5.0,DARK-HWY LIGHTED/ON,,,False,38.0657692,-85.8853507,2013,12,29,21,25
700,122643,71402360,LOUISVILLE METRO POLICE DEPT,8014002056,AC,,,INDIAN,TRL  ,E ,1.08,,,,,INDIAN OAKS,CIR  ,,LODEMA,WAY  ,2,1,0,0,2.0,CLEAR,5.0,WET,False,5.0,LOCAL STREET,37.0,COLLISION WITH BICYCLIST,9.0,SINGLE VEHICLE,6.0,STRAIGHT & LEVEL,5.0,DARK-HWY LIGHTED/ON,,,False,38.1709886,-85.6870963,2014,1,9,19,30
701,122798,1942102,LOUISVILLE METRO POLICE DEPT,8014002666,AC,,,ROY WILKINS AVE,,,,,W MARKET ST,,,,,,,,2,1,0,0,2.0,CLEAR,1.0,DRY,False,5.0,LOCAL STREET,2.0,COLLISION WITH BICYCLE,1.0,ANGLE,6.0,STRAIGHT & LEVEL,5.0,DARK-HWY LIGHTED/ON,,,False,38.201666667,-85.536666667,2014,1,11,23,8