,Unnamed: 0,master_file_number,investigating_agency,local_code,collision_status_code,roadway_number,building_number,roadway_name,roadway_suffix,roadway_direction,milepoint,intersection_roadway_number,intersection_roadway_name,intersection_roadway_suffix,between_street_number_1,between_street_name_1,between_street_suffix_1,between_street_number_2,between_street_name_2,between_street_suffix_2,units_involved,motor_vehicles_involved,killed,injured,weather_code,weather,roadway_condition_code,roadway_condition,hit_and_run,roadway_type_code,roadway_type,directional_analysis_code,directional_analysis,manner_of_collision_code,manner_of_collision,roadway_character_code,roadway_character,light_condition_code,light_condition,ramp_from_roadway_id,ramp_to_roadway_id,secondary_collision,latitude,longitude,year,month,day,hour,minute
702,122872,71403357,LOUISVILLE METRO POLICE DEPT,8014002835,AC,,,COLONEL HANCOCK,DR   ,,0.249,,,,,EAGLE TRACE,DR   ,,TREETOPS,DR   ,2,1,0,1,2.0,CLEAR,1.0,DRY,False,5.0,LOCAL STREET,37.0,COLLISION WITH BICYCLIST,9.0,SINGLE VEHICLE,6.0,STRAIGHT & LEVEL,3.0,DUSK,,,False,38.1311334,-85.5729427,2014,1,12,16,54
703,123530,71409567,WEST BUECHEL POLICE DEPT.,0614000038,AC,,,BASHFORD,AVE  ,,0.143,KY2052  ,SHEPHERDSVILLE,RD   ,,,,,,,2,1,0,1,2.0,CLEAR,1.0,DRY,False,5.0,LOCAL STREET,2.0,COLLISION WITH BICYCLE,9.0,SINGLE VEHICLE,6.0,STRAIGHT & LEVEL,2.0,DAYLIGHT,,,False,38.1946755,-85.6611334,2014,1,19,15,30
704,125741,71418367,SHIVELY POLICE DEPARTMENT,0414000320,AC,KY1931  ,,7TH STREET,RD   ,,9.034,,,,US0060A ,BERRY,BLVD ,KY1931,MANSLICK,RD   ,2,1,0,1,2.0,CLEAR,1.0,DRY,False,7.0,STATE,37.0,COLLISION WITH BICYCLIST,9.0,SINGLE VEHICLE,6.0,STRAIGHT & LEVEL,2.0,DAYLIGHT,,,False,38.2025426,-85.7924747,2014,2,15,13,45
705,126262,71421269,ST. MATTHEWS POLICE DEPARTMENT,0314000405,AC,KY1932  ,,BRECKENRIDGE,LN   ,,4.157,,,,,KRESGE,WAY  ,,DUPONT,RD   ,2,1,0,1,2.0,CLEAR,1.0,DRY,True,7.0,STATE,37.0,COLLISION WITH BICYCLIST,9.0,SINGLE VEHICLE,6.0,STRAIGHT & LEVEL,2.0,DAYLIGHT,,,False,38.2364077,-85.6415918,2014,2,21,13,20
706,126743,71423894,ST. MATTHEWS POLICE DEPARTMENT,0314000468,AC,KY1447  ,,WESTPORT,RD   ,,0.927,,HUBBARDS,LN   ,,,,,,,2,1,0,1,3.0,CLOUDY,1.0,DRY,False,7.0,STATE,2.0,COLLISION WITH BICYCLE,9.0,SINGLE VEHICLE,6.0,STRAIGHT & LEVEL,4.0,DARK-HWY LIGHTED/OFF,,,False,38.2601522,-85.6413594,2014,2,28,22,31
707,127147,71425547,LOUISVILLE METRO POLICE DEPT,8014015582,AC,,,RIVER PARK,DR   ,,1.415,,,,,,,,,,2,1,0,0,2.0,CLEAR,4.0,SNOW/SLUSH,True,5.0,LOCAL STREET,37.0,COLLISION WITH BICYCLIST,9.0,SINGLE VEHICLE,6.0,STRAIGHT & LEVEL,2.0,DAYLIGHT,,,False,38.2537004,-85.8009686,2014,3,5,8,23
708,127168,71425815,LOUISVILLE METRO POLICE DEPT,8014015781,AC,,,BRECKINRIDGE,ST   ,E ,1.288,KY0061  ,PRESTON,ST   ,,,,,,,2,1,0,1,2.0,CLEAR,1.0,DRY,True,5.0,LOCAL STREET,2.0,COLLISION WITH BICYCLE,9.0,SINGLE VEHICLE,6.0,STRAIGHT & LEVEL,5.0,DARK-HWY LIGHTED/ON,,,False,38.2407333,-85.7484333,2014,3,5,20,5
709,127358,71426963,LOUISVILLE METRO POLICE DEPT,8014016278,AC,,,35TH,ST   ,N ,0.001,KY3064  ,NORTHWESTERN,PKWY ,,,,,,,2,1,0,1,2.0,CLEAR,1.0,DRY,False,5.0,LOCAL STREET,2.0,COLLISION WITH BICYCLE,9.0,SINGLE VEHICLE,6.0,STRAIGHT & LEVEL,2.0,DAYLIGHT,,,False,38.2747077,-85.8045716,2014,3,7,0,0
710,128487,71432258,LOUISVILLE METRO POLICE DEPT,8014019937,AC,,5501.0,BRUCE,AVE  ,,0.342,,,,,,,,,,2,1,0,1,2.0,CLEAR,1.0,DRY,False,5.0,LOCAL STREET,37.0,COLLISION WITH BICYCLIST,9.0,SINGLE VEHICLE,6.0,STRAIGHT & LEVEL,2.0,DAYLIGHT,,,False,38.1458458,-85.7831477,2014,3,21,0,0
711,128862,71433994,LOUISVILLE METRO POLICE DEPT,8014021307,AC,,,12TH,ST   ,S ,0.769,,GARLAND,AVE  ,,,,,,,2,1,0,1,6.0,RAINING,5.0,WET,True,5.0,LOCAL STREET,2.0,COLLISION WITH BICYCLE,9.0,SINGLE VEHICLE,6.0,STRAIGHT & LEVEL,2.0,DAYLIGHT,,,False,38.241977,-85.7727098,2014,3,27,0,0
712,128872,71434017,LOUISVILLE METRO POLICE DEPT,8014021447,AC,,,26TH,ST   ,N ,0.626,,,,,,,,,,2,1,0,1,2.0,CLEAR,1.0,DRY,False,5.0,LOCAL STREET,37.0,COLLISION WITH BICYCLIST,9.0,SINGLE VEHICLE,6.0,STRAIGHT & LEVEL,2.0,DAYLIGHT,,,False,38.2694018,-85.7908544,2014,3,27,10,0
713,129282,71436390,LOUISVILLE METRO POLICE DEPT,8014022804,AC,KY1020  ,,3RD,ST   ,S ,12.484,,,,,MUHAMMAD ALI,BLVD ,,POST OFFICE,ALY  ,2,1,0,0,3.0,CLOUDY,5.0,WET,False,7.0,STATE,37.0,COLLISION WITH BICYCLIST,9.0,SINGLE VEHICLE,6.0,STRAIGHT & LEVEL,2.0,DAYLIGHT,,,False,38.2514867,-85.7557378,2014,4,2,11,44
714,129884,71438725,LOUISVILLE METRO POLICE DEPT,8014024887,AC,,,RIVER,RD   ,,5.986,,MAYFAIR,AVE  ,,,,,,,2,1,0,0,2.0,CLEAR,1.0,DRY,False,5.0,LOCAL STREET,2.0,COLLISION WITH BICYCLE,9.0,SINGLE VEHICLE,6.0,STRAIGHT & LEVEL,2.0,DAYLIGHT,,,False,38.3386475,-85.6263266,2014,4,10,7,17
715,129902,71438926,LOUISVILLE METRO POLICE DEPT,8014024922,AC,,,BROOK,ST   ,S ,1.962,,WOODBINE,ST   ,,,,,,,2,1,0,1,2.0,CLEAR,1.0,DRY,False,5.0,LOCAL STREET,2.0,COLLISION WITH BICYCLE,9.0,SINGLE VEHICLE,4.0,STRAIGHT & GRADE,2.0,DAYLIGHT,,,False,38.2294649,-85.7545558,2014,4,10,10,42
716,129910,71438940,LOUISVILLE METRO POLICE DEPT,8014025030,AC,US0060  ,,FRANKFORT,AVE  ,,2.68,,,,,FENLEY,AVE  ,,WEISSER,AVE  ,2,1,0,0,2.0,CLEAR,1.0,DRY,False,2.0,FEDERAL,37.0,COLLISION WITH BICYCLIST,9.0,SINGLE VEHICLE,6.0,STRAIGHT & LEVEL,2.0,DAYLIGHT,,,False,38.2541056,-85.671472,2014,4,10,16,0
717,129935,71438948,LOUISVILLE METRO POLICE DEPT,8014025058,AC,,,15TH,ST   ,S ,2.214,,,,,,,,,,2,1,0,0,2.0,CLEAR,1.0,DRY,False,5.0,LOCAL STREET,37.0,COLLISION WITH BICYCLIST,9.0,SINGLE VEHICLE,6.0,STRAIGHT & LEVEL,2.0,DAYLIGHT,,,False,38.2572563,-85.7749754,2014,4,10,17,40
718,130035,71439686,LOUISVILLE METRO POLICE DEPT,8014025342,AC,US0031E ,,BARDSTOWN,RD   ,,15.296,,,,,LUCIA,AVE  ,,PATTERSON,AVE  ,2,1,0,0,2.0,CLEAR,1.0,DRY,False,2.0,FEDERAL,37.0,COLLISION WITH BICYCLIST,9.0,SINGLE VEHICLE,6.0,STRAIGHT & LEVEL,2.0,DAYLIGHT,,,False,38.2373575,-85.7190645,2014,4,11,10,0
719,130133,71441600,LOUISVILLE METRO POLICE DEPT,8014026929,AC,KY0864  ,,GOSS,AVE  ,,13.937,,TEXAS,AVE  ,,,,,,,2,1,0,1,2.0,CLEAR,1.0,DRY,True,7.0,STATE,2.0,COLLISION WITH BICYCLE,9.0,SINGLE VEHICLE,6.0,STRAIGHT & LEVEL,2.0,DAYLIGHT,,,False,38.2259691,-85.7333956,2014,4,12,15,40
720,130238,71440315,LOUISVILLE METRO POLICE DEPT,8014026045,AC,US0031E ,,BARDSTOWN,RD   ,,9.436,,,,,,,,,,2,1,0,0,3.0,CLOUDY,1.0,DRY,False,2.0,FEDERAL,37.0,COLLISION WITH BICYCLIST,9.0,SINGLE VEHICLE,6.0,STRAIGHT & LEVEL,2.0,DAYLIGHT,,,False,38.1872457,-85.6378594,2014,4,14,15,40
721,130415,71441148,LOUISVILLE METRO POLICE DEPT,8014026604,AC,,,MANNER DALE,DR   ,,0.005,,,,,,,,,,2,1,0,0,2.0,CLEAR,1.0,DRY,False,5.0,LOCAL STREET,37.0,COLLISION WITH BICYCLIST,9.0,SINGLE VEHICLE,6.0,STRAIGHT & LEVEL,2.0,DAYLIGHT,,,False,38.2026242,-85.6224707,2014,4,16,16,12
722,130600,71442416,LOUISVILLE METRO POLICE DEPT,8014027236,AC,US0150  ,,BROADWAY,,W ,2.56,KY1020  ,2ND,ST   ,,,,,,,2,1,0,0,3.0,CLOUDY,1.0,DRY,False,2.0,FEDERAL,2.0,COLLISION WITH BICYCLE,9.0,SINGLE VEHICLE,6.0,STRAIGHT & LEVEL,3.0,DUSK,,,False,38.2458373,-85.7550471,2014,4,18,20,25
723,131260,71445425,LOUISVILLE METRO POLICE DEPT,8014029403,AC,US0060  ,,FRANKFORT,AVE  ,,0.519,,,,,,,,,,2,1,0,1,2.0,CLEAR,1.0,DRY,False,2.0,FEDERAL,37.0,COLLISION WITH BICYCLIST,9.0,SINGLE VEHICLE,6.0,STRAIGHT & LEVEL,2.0,DAYLIGHT,,,False,38.2548004,-85.7104998,2014,4,26,14,35
724,131581,71446625,LOUISVILLE METRO POLICE DEPT,8014030246,AC,,,GALLAGHER,ST   ,,0.132,,17TH,ST   ,,,,,,,2,1,0,1,3.0,CLOUDY,5.0,WET,False,5.0,LOCAL STREET,2.0,COLLISION WITH BICYCLE,9.0,SINGLE VEHICLE,6.0,STRAIGHT & LEVEL,2.0,DAYLIGHT,,,False,38.2389427,-85.7836088,2014,4,29,17,38
725,131639,71447142,LOUISVILLE METRO POLICE DEPT,8014030476,AC,,1600.0,ST CATHERINE,ST   ,W ,0.999,,,,,,,,,,2,1,0,0,2.0,CLEAR,1.0,DRY,False,5.0,LOCAL STREET,37.0,COLLISION WITH BICYCLIST,9.0,SINGLE VEHICLE,6.0,STRAIGHT & LEVEL,2.0,DAYLIGHT,,,False,38.2398587,-85.7826097,2014,4,30,15,58
726,131646,71447155,LOUISVILLE METRO POLICE DEPT,8014030577,AC,,,ORELL,RD   ,E ,0.925,,,,,BLEVINS GAP,RD   ,,PENDLETON,RD   ,2,1,0,0,2.0,CLEAR,1.0,DRY,False,5.0,LOCAL STREET,37.0,COLLISION WITH BICYCLIST,9.0,SINGLE VEHICLE,6.0,STRAIGHT & LEVEL,7.0,DARK (UNKNOWN ROADWAY LIGHTING),,,False,38.0699212,-85.8796581,2014,4,30,20,50
727,131729,71447517,LOUISVILLE METRO POLICE DEPT,8014030744,AC,KY2251  ,,BARDSTOWN,RD   ,,0.853,,STEIER,LN   ,,,,,,,2,1,0,1,3.0,CLOUDY,1.0,DRY,False,7.0,STATE,2.0,COLLISION WITH BICYCLE,9.0,SINGLE VEHICLE,4.0,STRAIGHT & GRADE,2.0,DAYLIGHT,,,False,38.1974925,-85.6569944,2014,5,1,14,28
728,131806,71468567,SHIVELY POLICE DEPARTMENT,0414000887,AC,US0060A ,,7TH,ST   ,,0.398,,NOBEL,PL   ,,,,,,,2,1,0,0,2.0,CLEAR,1.0,DRY,False,2.0,FEDERAL,2.0,COLLISION WITH BICYCLE,9.0,SINGLE VEHICLE,6.0,STRAIGHT & LEVEL,2.0,DAYLIGHT,,,False,38.195616667,-85.802016667,2014,5,1,13,38
729,131846,71448295,LOUISVILLE METRO POLICE DEPT,8014031077,AC,,,ASHLAND,AVE  ,W ,0.738,,,,,,,,,,2,1,0,1,2.0,CLEAR,1.0,DRY,False,5.0,LOCAL STREET,37.0,COLLISION WITH BICYCLIST,9.0,SINGLE VEHICLE,6.0,STRAIGHT & LEVEL,2.0,DAYLIGHT,,,False,38.1864844,-85.7791631,2014,5,2,16,20
730,131961,71448436,LOUISVILLE METRO POLICE DEPT,8014031348,AC,,,MAGAZINE,ST   ,,1.452,,,,,26TH,ST   ,,26TH,ST   ,2,1,0,1,2.0,CLEAR,1.0,DRY,True,5.0,LOCAL STREET,37.0,COLLISION WITH BICYCLIST,9.0,SINGLE VEHICLE,6.0,STRAIGHT & LEVEL,2.0,DAYLIGHT,,,False,38.2515952,-85.7935963,2014,5,3,16,0
731,132081,71448914,LOUISVILLE METRO POLICE DEPT,8014031920,AC,,,SOUTHERN,AVE  ,,0.527,,34TH,ST   ,,,,,,,2,1,0,1,2.0,CLEAR,1.0,DRY,True,5.0,LOCAL STREET,2.0,COLLISION WITH BICYCLE,9.0,SINGLE VEHICLE,6.0,STRAIGHT & LEVEL,2.0,DAYLIGHT,,,False,38.2322606,-85.8114552,2014,5,5,15,8
732,132083,71448922,LOUISVILLE METRO POLICE DEPT,8014031963,AC,KY0061  ,7000.0,PRESTON,HWY  ,,4.739,,,,,,,,,,2,1,0,1,2.0,CLEAR,1.0,DRY,False,7.0,STATE,37.0,COLLISION WITH BICYCLIST,9.0,SINGLE VEHICLE,6.0,STRAIGHT & LEVEL,2.0,DAYLIGHT,,,False,38.1489277,-85.6924471,2014,5,5,16,42
733,132221,71449425,LOUISVILLE METRO POLICE DEPT,8014032338,AC,,,STRADER,AVE  ,,0.427,,POWELL,AVE  ,,,,,,,2,1,0,1,2.0,CLEAR,1.0,DRY,False,5.0,LOCAL STREET,2.0,COLLISION WITH BICYCLE,9.0,SINGLE VEHICLE,6.0,STRAIGHT & LEVEL,2.0,DAYLIGHT,,,False,38.1914751,-85.7911421,2014,5,6,20,13
734,132222,71449426,LOUISVILLE METRO POLICE DEPT,8014032339,AC,,,SOUTHWESTERN,PKWY ,,1.671,,GREENWOOD,AVE  ,,,,,,,2,1,0,1,2.0,CLEAR,1.0,DRY,False,5.0,LOCAL STREET,2.0,COLLISION WITH BICYCLE,9.0,SINGLE VEHICLE,6.0,STRAIGHT & LEVEL,2.0,DAYLIGHT,,,False,38.244962,-85.8299147,2014,5,6,17,50
735,132228,71449762,LOUISVILLE METRO POLICE DEPT,8014032267,AC,,,12TH,ST   ,S ,0.389,,,,,,,,,,2,1,0,0,2.0,CLEAR,1.0,DRY,False,5.0,LOCAL STREET,37.0,COLLISION WITH BICYCLIST,9.0,SINGLE VEHICLE,6.0,STRAIGHT & LEVEL,2.0,DAYLIGHT,,,False,38.2476536,-85.7715749,2014,5,6,16,32
736,132378,71450239,LOUISVILLE METRO POLICE DEPT,8014032767,AC,US0031E ,,BARDSTOWN,RD   ,,14.644,,,,US0060A ,EASTERN,PKWY ,,EDENSIDE,AVE  ,2,1,0,1,2.0,CLEAR,1.0,DRY,False,2.0,FEDERAL,37.0,COLLISION WITH BICYCLIST,9.0,SINGLE VEHICLE,6.0,STRAIGHT & LEVEL,2.0,DAYLIGHT,,,False,38.2321316,-85.7095819,2014,5,8,10,50
737,132418,71451051,LOUISVILLE METRO POLICE DEPT,8014032808,AC,,1600.0,SALE,AVE  ,,0.74,,,,,,,,,,2,1,0,1,3.0,CLOUDY,1.0,DRY,False,5.0,LOCAL STREET,37.0,COLLISION WITH BICYCLIST,9.0,SINGLE VEHICLE,6.0,STRAIGHT & LEVEL,2.0,DAYLIGHT,,,False,38.197749,-85.7906187,2014,5,8,13,22
738,132438,71458123,LOUISVILLE METRO POLICE DEPT,8014032788,AC,,,OAK,ST   ,W ,0.27,,4TH,ST   ,,,,,,,2,1,0,0,2.0,CLEAR,1.0,DRY,False,5.0,LOCAL STREET,2.0,COLLISION WITH BICYCLE,9.0,SINGLE VEHICLE,6.0,STRAIGHT & LEVEL,2.0,DAYLIGHT,,,False,38.235029,-85.7602604,2014,5,8,12,22
739,132552,71454011,LOUISVILLE METRO POLICE DEPT,8014033212,AC,KY0061  ,,PRESTON,HWY  ,,5.011,,INDUSTRIAL,BLVD ,,,,,,,2,1,0,1,2.0,CLEAR,1.0,DRY,True,7.0,STATE,2.0,COLLISION WITH BICYCLE,9.0,SINGLE VEHICLE,6.0,STRAIGHT & LEVEL,2.0,DAYLIGHT,,,False,38.1525004,-85.6945406,2014,5,9,16,0
740,132622,71451199,LOUISVILLE METRO POLICE DEPT,8014033494,AC,US0031W ,,DR W J HODGE,ST   ,,18.857,,OAK,ST   ,,,,,,,2,1,0,1,2.0,CLEAR,1.0,DRY,False,2.0,FEDERAL,2.0,COLLISION WITH BICYCLE,9.0,SINGLE VEHICLE,6.0,STRAIGHT & LEVEL,2.0,DAYLIGHT,,,False,38.2376561,-85.788709,2014,5,10,17,55
741,132905,71452829,LOUISVILLE METRO POLICE DEPT,8014034197,AC,US0031E ,,MARKET,ST   ,E ,17.323,,,,KY0061  ,PRESTON,ST   ,KY0061,JACKSON,ST   ,2,1,0,0,2.0,CLEAR,1.0,DRY,False,2.0,FEDERAL,37.0,COLLISION WITH BICYCLIST,9.0,SINGLE VEHICLE,6.0,STRAIGHT & LEVEL,2.0,DAYLIGHT,,,False,38.2540185,-85.7451355,2014,5,14,14,35
742,133076,71454854,LOUISVILLE METRO POLICE DEPT,8014034750,AC,US0031W ,,MAIN,ST   ,W ,21.652,,,,,7TH,ST   ,,8TH,ST   ,2,1,0,0,2.0,CLEAR,1.0,DRY,False,2.0,FEDERAL,37.0,COLLISION WITH BICYCLIST,9.0,SINGLE VEHICLE,6.0,STRAIGHT & LEVEL,2.0,DAYLIGHT,,,False,38.2571919,-85.7616301,2014,5,15,14,5
743,133150,71454077,LOUISVILLE METRO POLICE DEPT,8014035160,AC,,3410.0,RICHMONT,RD   ,,0.148,,,,,,,,,,2,1,0,0,2.0,CLEAR,1.0,DRY,False,5.0,LOCAL STREET,37.0,COLLISION WITH BICYCLIST,9.0,SINGLE VEHICLE,6.0,STRAIGHT & LEVEL,2.0,DAYLIGHT,,,False,38.1985554,-85.8421301,2014,5,16,0,0
744,133227,71454125,LOUISVILLE METRO POLICE DEPT,8014035386,AC,,,RUDD,AVE  ,,0.436,,CEDAR GROVE,CT   ,,,,,,,2,1,0,0,3.0,CLOUDY,1.0,DRY,False,5.0,LOCAL STREET,2.0,COLLISION WITH BICYCLE,9.0,SINGLE VEHICLE,6.0,STRAIGHT & LEVEL,2.0,DAYLIGHT,,,False,38.2760767,-85.8056448,2014,5,17,15,39
745,133308,71454182,LOUISVILLE METRO POLICE DEPT,8014035697,AC,,,VERMONT,AVE  ,,0.364,,34TH,ST   ,,,,,,,2,1,0,1,2.0,CLEAR,1.0,DRY,True,5.0,LOCAL STREET,2.0,COLLISION WITH BICYCLE,9.0,SINGLE VEHICLE,6.0,STRAIGHT & LEVEL,5.0,DARK-HWY LIGHTED/ON,,,False,38.2555547,-85.8073452,2014,5,18,20,5
746,133572,71456463,SHIVELY POLICE DEPARTMENT,0414001048,AC,US0031W ,,DIXIE,HWY  ,,14.98,,,,,GARRS,LN   ,,GARRS,LN   ,2,1,0,1,2.0,CLEAR,1.0,DRY,False,2.0,FEDERAL,37.0,COLLISION WITH BICYCLIST,9.0,SINGLE VEHICLE,6.0,STRAIGHT & LEVEL,2.0,DAYLIGHT,,,False,38.1877897,-85.8111801,2014,5,21,7,53
747,133831,71457086,LOUISVILLE METRO POLICE DEPT,8014037412,AC,,,HANCOCK,ST   ,S ,0.653,,,,,,,,,,2,1,0,0,2.0,CLEAR,1.0,DRY,False,5.0,LOCAL STREET,37.0,COLLISION WITH BICYCLIST,9.0,SINGLE VEHICLE,6.0,STRAIGHT & LEVEL,2.0,DAYLIGHT,,,False,38.2456309,-85.7434851,2014,5,24,19,0
748,133946,1959916,LOUISVILLE METRO POLICE DEPT,8014037957,AC,,,BROADWAY,ST   ,W ,,,12TH,ST   ,,,,,,,2,1,0,1,2.0,CLEAR,1.0,DRY,False,5.0,LOCAL STREET,2.0,COLLISION WITH BICYCLE,1.0,ANGLE,6.0,STRAIGHT & LEVEL,2.0,DAYLIGHT,,,False,38.201666667,-85.536666667,2014,5,27,5,54
749,133976,71457694,LOUISVILLE METRO POLICE DEPT,8014038187,AC,,,6TH,ST   ,S ,1.735,,,,,ORMSBY,AVE  ,,FLORAL,TER  ,2,1,0,0,3.0,CLOUDY,1.0,DRY,False,5.0,LOCAL STREET,37.0,COLLISION WITH BICYCLIST,9.0,SINGLE VEHICLE,6.0,STRAIGHT & LEVEL,2.0,DAYLIGHT,,,False,38.2320797,-85.7642623,2014,5,27,18,31
750,134102,71458202,LOUISVILLE METRO POLICE DEPT,8014038526,AC,,4111.0,HALE,AVE  ,,2.199,,,,,,,,,,2,1,0,0,2.0,CLEAR,1.0,DRY,False,5.0,LOCAL STREET,37.0,COLLISION WITH BICYCLIST,9.0,SINGLE VEHICLE,6.0,STRAIGHT & LEVEL,2.0,DAYLIGHT,,,False,38.2413357,-85.8202876,2014,5,28,20,30
751,134221,71459307,LOUISVILLE METRO POLICE DEPT,8014038724,AC,KY1020  ,,SOUTHERN,PKWY ,,8.355,,,,,,,,,,2,1,0,1,2.0,CLEAR,1.0,DRY,True,7.0,STATE,37.0,COLLISION WITH BICYCLIST,9.0,SINGLE VEHICLE,6.0,STRAIGHT & LEVEL,2.0,DAYLIGHT,,,False,38.1892431,-85.7667043,2014,5,29,14,40
752,134245,71459324,LOUISVILLE METRO POLICE DEPT,8014038945,AC,,,ROY WILKINS,AVE  ,,0.572,,,,,CHESTNUT,ST   ,,MAGAZINE,ST   ,2,1,0,1,3.0,CLOUDY,1.0,DRY,False,5.0,LOCAL STREET,37.0,COLLISION WITH BICYCLIST,9.0,SINGLE VEHICLE,6.0,STRAIGHT & LEVEL,2.0,DAYLIGHT,,,False,38.2493547,-85.7660693,2014,5,30,7,51
753,134358,71463845,LOUISVILLE METRO POLICE DEPT,8014038958,AC,,,1ST,ST   ,S ,0.096,,,,,,,,,,2,1,0,1,2.0,CLEAR,1.0,DRY,False,5.0,LOCAL STREET,37.0,COLLISION WITH BICYCLIST,9.0,SINGLE VEHICLE,6.0,STRAIGHT & LEVEL,2.0,DAYLIGHT,,,False,38.2547023,-85.7518096,2014,5,30,8,27
754,134428,1922842,LOUISVILLE METRO POLICE DEPT,8014039474,AC,,,PAYNE,ST   ,,,,SPRING,ST   ,,,,,,,2,1,0,1,2.0,CLEAR,1.0,DRY,True,5.0,LOCAL STREET,2.0,COLLISION WITH BICYCLE,4.0,OPPOSING LEFT TURN,6.0,STRAIGHT & LEVEL,5.0,DARK-HWY LIGHTED/ON,,,False,38.252166667,-85.719433333,2014,6,1,0,43
755,134435,71459524,LOUISVILLE METRO POLICE DEPT,8014039487,AC,KY1450  ,,BLUE LICK,RD   ,,2.425,,MOODY,RD   ,,,,,,,2,1,0,1,2.0,CLEAR,1.0,DRY,True,7.0,STATE,2.0,COLLISION WITH BICYCLE,9.0,SINGLE VEHICLE,6.0,STRAIGHT & LEVEL,5.0,DARK-HWY LIGHTED/ON,,,False,38.1199659,-85.6894985,2014,6,1,2,55
756,134438,71459533,LOUISVILLE METRO POLICE DEPT,8014039524,AC,US0042  ,,BROWNSBORO,RD   ,,2.061,,HITE,AVE  ,,,,,,,2,1,0,0,2.0,CLEAR,1.0,DRY,False,2.0,FEDERAL,2.0,COLLISION WITH BICYCLE,9.0,SINGLE VEHICLE,6.0,STRAIGHT & LEVEL,2.0,DAYLIGHT,,,False,38.2587748,-85.6980923,2014,6,1,9,25
757,134469,71459542,LOUISVILLE METRO POLICE DEPT,8014039562,AC,KY1865  ,,NEW CUT,RD   ,,2.934,,,,,WESTVIEW,DR   ,,GLEN HOLLOW,DR   ,2,1,0,0,2.0,CLEAR,1.0,DRY,False,7.0,STATE,37.0,COLLISION WITH BICYCLIST,9.0,SINGLE VEHICLE,6.0,STRAIGHT & LEVEL,2.0,DAYLIGHT,,,False,38.1496761,-85.7761249,2014,6,1,13,39
758,134635,71460504,LOUISVILLE METRO POLICE DEPT,8014040219,AC,,,LOCUST,LN   ,,0.137,KY0061  ,PRESTON,HWY  ,,,,,,,2,1,0,1,2.0,CLEAR,1.0,DRY,False,5.0,LOCAL STREET,2.0,COLLISION WITH BICYCLE,9.0,SINGLE VEHICLE,6.0,STRAIGHT & LEVEL,2.0,DAYLIGHT,,,False,38.2068958,-85.7375107,2014,6,3,19,33
759,134640,71460603,LOUISVILLE METRO POLICE DEPT,8014040087,AC,US0031E ,,BARDSTOWN,RD   ,,9.804,,,,US0031E ,BUECHEL,BYP  ,,RICHLAND,AVE  ,2,1,0,1,3.0,CLOUDY,1.0,DRY,True,2.0,FEDERAL,37.0,COLLISION WITH BICYCLIST,9.0,SINGLE VEHICLE,3.0,CURVE & LEVEL,2.0,DAYLIGHT,,,False,38.1898074,-85.6429454,2014,6,3,12,5
760,134783,71461363,LOUISVILLE METRO POLICE DEPT,8014040834,AC,,,LIBERTY,ST   ,W ,0.723,,,,KY1020  ,2ND,ST   ,KY1020,3RD,ST   ,2,1,0,0,2.0,CLEAR,1.0,DRY,False,5.0,LOCAL STREET,37.0,COLLISION WITH BICYCLIST,9.0,SINGLE VEHICLE,6.0,STRAIGHT & LEVEL,2.0,DAYLIGHT,,,False,38.2528337,-85.7550629,2014,6,5,17,34
761,134867,71462220,LOUISVILLE METRO POLICE DEPT,8014041095,AC,,,FLOYD,ST   ,S ,1.665,,,,,,,,,,2,1,0,1,2.0,CLEAR,1.0,DRY,False,5.0,LOCAL STREET,37.0,COLLISION WITH BICYCLIST,9.0,SINGLE VEHICLE,6.0,STRAIGHT & LEVEL,2.0,DAYLIGHT,,,False,38.2317603,-85.7520956,2014,6,6,15,30
762,134920,71462406,LOUISVILLE METRO POLICE DEPT,8014041086,AC,KY1020  ,5543.0,NATIONAL,TPKE ,,5.483,,,,,,,,,,2,1,0,0,2.0,CLEAR,1.0,DRY,False,7.0,STATE,37.0,COLLISION WITH BICYCLIST,9.0,SINGLE VEHICLE,6.0,STRAIGHT & LEVEL,2.0,DAYLIGHT,,,False,38.1507184,-85.7628742,2014,6,6,14,45
763,134992,71462323,LOUISVILLE METRO POLICE DEPT,8014041466,AC,KY0061  ,,PRESTON,ST   ,S ,12.698,,MUHAMMAD ALI,BLVD ,,,,,,,2,1,0,1,2.0,CLEAR,1.0,DRY,True,7.0,STATE,2.0,COLLISION WITH BICYCLE,9.0,SINGLE VEHICLE,6.0,STRAIGHT & LEVEL,2.0,DAYLIGHT,,,False,38.2499767,-85.7468112,2014,6,7,20,0
764,135040,71462336,LOUISVILLE METRO POLICE DEPT,8014041571,AC,,,COLORADO,AVE  ,,1.237,,EARL,AVE  ,,,,,,,2,1,0,1,3.0,CLOUDY,1.0,DRY,False,5.0,LOCAL STREET,2.0,COLLISION WITH BICYCLE,9.0,SINGLE VEHICLE,6.0,STRAIGHT & LEVEL,2.0,DAYLIGHT,,,False,38.2084299,-85.7847604,2014,6,8,8,19
765,135045,71462347,LOUISVILLE METRO POLICE DEPT,8014041629,AC,,,WELLINGTON,AVE  ,W ,0.229,,,,,1ST,ST   ,,2ND,ST   ,2,1,0,1,3.0,CLOUDY,1.0,DRY,False,5.0,LOCAL STREET,37.0,COLLISION WITH BICYCLIST,9.0,SINGLE VEHICLE,6.0,STRAIGHT & LEVEL,2.0,DAYLIGHT,,,False,38.1836529,-85.7634427,2014,6,8,15,30