,Unnamed: 0,master_file_number,investigating_agency,local_code,collision_status_code,roadway_number,building_number,roadway_name,roadway_suffix,roadway_direction,milepoint,intersection_roadway_number,intersection_roadway_name,intersection_roadway_suffix,between_street_number_1,between_street_name_1,between_street_suffix_1,between_street_number_2,between_street_name_2,between_street_suffix_2,units_involved,motor_vehicles_involved,killed,injured,weather_code,weather,roadway_condition_code,roadway_condition,hit_and_run,roadway_type_code,roadway_type,directional_analysis_code,directional_analysis,manner_of_collision_code,manner_of_collision,roadway_character_code,roadway_character,light_condition_code,light_condition,ramp_from_roadway_id,ramp_to_roadway_id,secondary_collision,latitude,longitude,year,month,day,hour,minute
766,135166,71463393,LOUISVILLE METRO POLICE DEPT,8014042106,AC,,,OAK,ST   ,E ,0.012,,1ST,ST   ,,,,,,,2,1,0,1,3.0,CLOUDY,5.0,WET,False,5.0,LOCAL STREET,2.0,COLLISION WITH BICYCLE,9.0,SINGLE VEHICLE,6.0,STRAIGHT & LEVEL,2.0,DAYLIGHT,,,False,38.2345084,-85.7551254,2014,6,10,8,56
767,135471,71464340,LOUISVILLE METRO POLICE DEPT,8014043122,AC,,,CENTRAL,AVE  ,,1.041,US0060A ,TAYLOR,BLVD ,,,,,,,2,1,0,0,3.0,CLOUDY,1.0,DRY,True,5.0,LOCAL STREET,2.0,COLLISION WITH BICYCLE,9.0,SINGLE VEHICLE,6.0,STRAIGHT & LEVEL,2.0,DAYLIGHT,,,False,38.2063758,-85.7759291,2014,6,13,6,40
768,135551,71470735,LOUISVILLE METRO POLICE DEPT,8014047891,AC,KY0864  ,,LOGAN,ST   ,,14.693,,MARY,ST   ,,,,,,,2,1,0,0,2.0,CLEAR,1.0,DRY,True,7.0,STATE,2.0,COLLISION WITH BICYCLE,9.0,SINGLE VEHICLE,6.0,STRAIGHT & LEVEL,2.0,DAYLIGHT,,,False,38.2342361,-85.7398033,2014,6,13,18,30
769,135672,71466059,LOUISVILLE METRO POLICE DEPT,8014043814,AC,KY3082  ,,BANK,ST   ,,1.201,,,,,,,,,,2,1,0,1,2.0,CLEAR,1.0,DRY,False,7.0,STATE,37.0,COLLISION WITH BICYCLIST,9.0,SINGLE VEHICLE,6.0,STRAIGHT & LEVEL,2.0,DAYLIGHT,,,False,38.2686519,-85.7891085,2014,6,15,20,9
770,135709,71465647,LOUISVILLE METRO POLICE DEPT,8014044082,AC,US0150  ,,22ND,ST   ,N ,0.25,,,,,,,,,,2,1,0,1,2.0,CLEAR,1.0,DRY,True,2.0,FEDERAL,37.0,COLLISION WITH BICYCLIST,9.0,SINGLE VEHICLE,6.0,STRAIGHT & LEVEL,2.0,DAYLIGHT,,,False,38.266566667,-85.78355,2014,6,16,17,17
771,136032,71467753,LOUISVILLE METRO POLICE DEPT,8014045168,AC,US0031E ,,BARDSTOWN,RD   ,,11.342,,BASHFORD MANOR,LN   ,,,,,,,2,1,0,0,3.0,CLOUDY,1.0,DRY,False,2.0,FEDERAL,2.0,COLLISION WITH BICYCLE,9.0,SINGLE VEHICLE,4.0,STRAIGHT & GRADE,2.0,DAYLIGHT,,,False,38.2029493,-85.6643764,2014,6,20,9,58
772,136121,71467307,JEFFERSONTOWN POLICE DEPT,A0647703  ,AC,,,OLD SIX MILE,LN   ,,0.442,,,,,TREE,LN   ,,BALSAM,WAY  ,2,1,0,1,3.0,CLOUDY,1.0,DRY,False,5.0,LOCAL STREET,37.0,COLLISION WITH BICYCLIST,9.0,SINGLE VEHICLE,6.0,STRAIGHT & LEVEL,2.0,DAYLIGHT,,,False,38.2004833,-85.5781838,2014,6,21,12,25
773,136177,71469799,LOUISVILLE METRO POLICE DEPT,8014045484,AC,,,15TH,ST   ,S ,2.212,US0031W ,MARKET,ST   ,,,,,,,2,1,1,0,2.0,CLEAR,1.0,DRY,False,5.0,LOCAL STREET,2.0,COLLISION WITH BICYCLE,9.0,SINGLE VEHICLE,6.0,STRAIGHT & LEVEL,2.0,DAYLIGHT,,,False,38.2572393,-85.774975,2014,6,21,9,13
774,136192,71467861,LOUISVILLE METRO POLICE DEPT,8014045722,AC,,,EXMOOR,AVE  ,,0.228,,,,,FOXBORO,DR   ,,FEELINGS,DR   ,2,1,0,0,3.0,CLOUDY,1.0,DRY,True,5.0,LOCAL STREET,37.0,COLLISION WITH BICYCLIST,9.0,SINGLE VEHICLE,1.0,CURVE & GRADE,2.0,DAYLIGHT,,,False,38.2585466,-85.5655333,2014,6,22,13,38
775,136315,71468912,LOUISVILLE METRO POLICE DEPT,8014045973,AC,US0150  ,,DR W J HODGE,ST   ,,0.841,US0150T ,MARKET,ST   ,,,,,,,2,1,0,1,2.0,CLEAR,1.0,DRY,False,2.0,FEDERAL,2.0,COLLISION WITH BICYCLE,9.0,SINGLE VEHICLE,6.0,STRAIGHT & LEVEL,2.0,DAYLIGHT,,,False,38.258351,-85.7849061,2014,6,23,12,35
776,136380,71468857,LOUISVILLE METRO POLICE DEPT,8014046442,AC,,,9TH,ST   ,S ,0.441,,KENTUCKY,ST   ,,,,,,,2,1,0,0,2.0,CLEAR,1.0,DRY,True,5.0,LOCAL STREET,2.0,COLLISION WITH BICYCLE,9.0,SINGLE VEHICLE,6.0,STRAIGHT & LEVEL,1.0,DAWN,,,False,38.2405249,-85.7678111,2014,6,24,0,0
777,136403,71468918,LOUISVILLE METRO POLICE DEPT,8014046309,AC,KY3082  ,,BANK,ST   ,,0.928,,28TH,ST   ,,,,,,,2,1,0,1,2.0,CLEAR,1.0,DRY,False,7.0,STATE,2.0,COLLISION WITH BICYCLE,9.0,SINGLE VEHICLE,6.0,STRAIGHT & LEVEL,2.0,DAYLIGHT,,,False,38.2703069,-85.7936655,2014,6,24,13,46
778,136497,71470583,LOUISVILLE METRO POLICE DEPT,8014046576,AC,KY2251  ,4032.0,BARDSTOWN,RD   ,,0.258,,,,,,,,,,2,1,0,1,2.0,CLEAR,1.0,DRY,True,7.0,STATE,37.0,COLLISION WITH BICYCLIST,9.0,SINGLE VEHICLE,6.0,STRAIGHT & LEVEL,2.0,DAYLIGHT,,,False,38.19241,-85.6476221,2014,6,25,9,22
779,136640,71470618,LOUISVILLE METRO POLICE DEPT,8014047258,AC,KY2050  ,,HERR,LN   ,,1.771,,,,,,,,,,2,1,0,1,2.0,CLEAR,1.0,DRY,False,7.0,STATE,37.0,COLLISION WITH BICYCLIST,9.0,SINGLE VEHICLE,6.0,STRAIGHT & LEVEL,2.0,DAYLIGHT,,,False,38.2788402,-85.6238445,2014,6,27,10,14
780,136691,71470658,LOUISVILLE METRO POLICE DEPT,8014047428,AC,KY3082  ,,BANK,ST   ,,1.274,,,,,,,,,,2,1,0,1,2.0,CLEAR,1.0,DRY,True,7.0,STATE,37.0,COLLISION WITH BICYCLIST,9.0,SINGLE VEHICLE,6.0,STRAIGHT & LEVEL,1.0,DAWN,,,False,38.2682129,-85.7879043,2014,6,28,22,10
781,137180,71474918,LOUISVILLE METRO POLICE DEPT,8014049207,RE,,,SOUTHERN HEIGHTS,AVE  ,E ,0.312,,,,,,,,,,2,2,0,0,2.0,CLEAR,1.0,DRY,False,5.0,LOCAL STREET,37.0,COLLISION WITH BICYCLIST,1.0,ANGLE,6.0,STRAIGHT & LEVEL,2.0,DAYLIGHT,,,False,38.1890757,-85.7578255,2014,7,3,20,18
782,137211,71473269,LOUISVILLE METRO POLICE DEPT,8014049422,AC,,,LONGFIELD,AVE  ,,1.154,,POWELL,AVE  ,,,,,,,2,1,0,0,2.0,CLEAR,1.0,DRY,True,5.0,LOCAL STREET,2.0,COLLISION WITH BICYCLE,9.0,SINGLE VEHICLE,6.0,STRAIGHT & LEVEL,2.0,DAYLIGHT,,,False,38.1988089,-85.7896545,2014,7,4,18,22
783,137246,71473291,LOUISVILLE METRO POLICE DEPT,8014049484,AC,KY1865  ,,TAYLOR,BLVD ,,5.762,,,,,,,,,,2,1,0,0,2.0,CLEAR,1.0,DRY,False,7.0,STATE,37.0,COLLISION WITH BICYCLIST,9.0,SINGLE VEHICLE,6.0,STRAIGHT & LEVEL,5.0,DARK-HWY LIGHTED/ON,,,False,38.1899864,-85.7833781,2014,7,4,23,50
784,137556,71474546,LOUISVILLE METRO POLICE DEPT,8014050781,AC,US0060A ,,EASTERN,PKWY ,,4.853,,DELOR,AVE  ,,,,,,,2,1,0,1,2.0,CLEAR,1.0,DRY,False,2.0,FEDERAL,2.0,COLLISION WITH BICYCLE,9.0,SINGLE VEHICLE,6.0,STRAIGHT & LEVEL,3.0,DUSK,,,False,38.2171117,-85.7385799,2014,7,9,20,11
785,137570,71474525,LOUISVILLE METRO POLICE DEPT,8014050624,AC,US0031W ,,MARKET,ST   ,W ,21.966,,,,US0031E ,3RD,ST   ,US0031W,2ND,ST   ,2,1,0,0,2.0,CLEAR,1.0,DRY,False,2.0,FEDERAL,37.0,COLLISION WITH BICYCLIST,9.0,SINGLE VEHICLE,6.0,STRAIGHT & LEVEL,2.0,DAYLIGHT,,,False,38.2550049,-85.7547467,2014,7,9,12,2
786,137824,71477703,LOUISVILLE METRO POLICE DEPT,8014051494,AC,KY1020  ,,SOUTHERN PKY,,,8.955,,KENTON,ST   ,,,,,,,2,1,0,0,2.0,CLEAR,1.0,DRY,False,7.0,STATE,2.0,COLLISION WITH BICYCLE,9.0,SINGLE VEHICLE,3.0,CURVE & LEVEL,2.0,DAYLIGHT,,,False,38.1981389,-85.7668827,2014,7,12,0,0
787,137957,71476473,LOUISVILLE METRO POLICE DEPT,8014052195,AC,,,WAYCROSS,AVE  ,,0.66,KY2053  ,MT WASHINGTON,RD   ,,,,,,,2,1,0,5,3.0,CLOUDY,1.0,DRY,False,5.0,LOCAL STREET,2.0,COLLISION WITH BICYCLE,9.0,SINGLE VEHICLE,6.0,STRAIGHT & LEVEL,3.0,DUSK,,,False,38.0912207,-85.6550266,2014,7,14,20,33
788,138034,71476964,LOUISVILLE METRO POLICE DEPT,8014801405,AC,KY0061  ,,PRESTON,HWY  ,,6.339,,INDIAN,TRL  ,,,,,,,2,1,0,1,2.0,CLEAR,1.0,DRY,False,7.0,STATE,2.0,COLLISION WITH BICYCLE,9.0,SINGLE VEHICLE,6.0,STRAIGHT & LEVEL,2.0,DAYLIGHT,,,False,38.1687574,-85.7065798,2014,7,15,13,8
789,138206,71478614,LOUISVILLE METRO POLICE DEPT,8014053153,AC,US0031E ,,MAIN,ST   ,E ,17.343,KY0061  ,JACKSON,ST   ,,,,,,,2,1,0,1,2.0,CLEAR,1.0,DRY,False,2.0,FEDERAL,2.0,COLLISION WITH BICYCLE,9.0,SINGLE VEHICLE,6.0,STRAIGHT & LEVEL,2.0,DAYLIGHT,,,False,38.2552306,-85.7438409,2014,7,17,20,1
790,138402,71481893,LOUISVILLE METRO POLICE DEPT,8014053979,AC,US0150  ,,BROADWAY,,E ,2.656,,1ST,ST   ,,,,,,,2,1,0,1,3.0,CLOUDY,1.0,DRY,False,2.0,FEDERAL,2.0,COLLISION WITH BICYCLE,9.0,SINGLE VEHICLE,6.0,STRAIGHT & LEVEL,3.0,DUSK,,,False,38.2457147,-85.7533729,2014,7,20,20,2
791,138425,71479172,LOUISVILLE METRO POLICE DEPT,8014054194,AC,US0031W ,,22ND,ST   ,S ,20.209,,,,,,,,,,2,1,0,2,2.0,CLEAR,1.0,DRY,False,2.0,FEDERAL,37.0,COLLISION WITH BICYCLIST,9.0,SINGLE VEHICLE,6.0,STRAIGHT & LEVEL,2.0,DAYLIGHT,,,False,38.2585352,-85.7865611,2014,7,21,16,47
792,138460,71480464,LOUISVILLE METRO POLICE DEPT,8014054122,AC,KY3077  ,131.0,RIVER,RD   ,,0.583,,,,,,,,,,2,1,0,1,2.0,CLEAR,1.0,DRY,False,7.0,STATE,37.0,COLLISION WITH BICYCLIST,9.0,SINGLE VEHICLE,3.0,CURVE & LEVEL,2.0,DAYLIGHT,,,False,38.2588179,-85.7504965,2014,7,21,0,36
793,138625,71480730,JEFFERSONTOWN POLICE DEPT,A0749312  ,AC,,,LETHBOROUGH,DR   ,,0.384,,MODESTO,RD   ,,,,,,,2,1,0,1,2.0,CLEAR,1.0,DRY,False,5.0,LOCAL STREET,2.0,COLLISION WITH BICYCLE,9.0,SINGLE VEHICLE,6.0,STRAIGHT & LEVEL,5.0,DARK-HWY LIGHTED/ON,,,False,38.1896176,-85.5869244,2014,7,23,21,51
794,138636,1926603,LOUISVILLE METRO POLICE DEPT,8014054990,AC,,,LOUIS COLEMAN JR,,,,,,,,MAGNOLIA,,,WOODLAND,,2,1,0,1,2.0,CLEAR,1.0,DRY,False,5.0,LOCAL STREET,37.0,COLLISION WITH BICYCLIST,9.0,SINGLE VEHICLE,6.0,STRAIGHT & LEVEL,2.0,DAYLIGHT,,,False,38.23795,-85.807016667,2014,7,24,10,10
795,138722,71482812,LOUISVILLE METRO POLICE DEPT,8014055176,AC,KY2052  ,,SHEPHERDSVILLE,RD   ,,0.34,,RONWOOD,DR   ,,,,,,,2,1,0,1,2.0,CLEAR,1.0,DRY,False,7.0,STATE,2.0,COLLISION WITH BICYCLE,9.0,SINGLE VEHICLE,2.0,CURVE & HILLCREST,2.0,DAYLIGHT,,,False,38.1436486,-85.6598524,2014,7,24,19,15
796,139001,71482409,LOUISVILLE METRO POLICE DEPT,8014056169,AC,,,4TH,ST   ,S ,3.219,US0060A ,WINKLER,AVE  ,,,,,,,2,1,0,1,2.0,CLEAR,1.0,DRY,False,5.0,LOCAL STREET,2.0,COLLISION WITH BICYCLE,9.0,SINGLE VEHICLE,6.0,STRAIGHT & LEVEL,2.0,DAYLIGHT,,,False,38.2103886,-85.7646889,2014,7,28,14,49
797,139007,71482978,LOUISVILLE METRO POLICE DEPT,8014056171,AC,,,4TH,ST   ,S ,0.247,,LIBERTY,ST   ,,,,,,,2,1,0,1,2.0,CLEAR,1.0,DRY,False,5.0,LOCAL STREET,2.0,COLLISION WITH BICYCLE,9.0,SINGLE VEHICLE,6.0,STRAIGHT & LEVEL,1.0,DAWN,,,False,38.2530693,-85.7571514,2014,7,28,14,55
798,139020,71482158,LOUISVILLE METRO POLICE DEPT,8014056388,AC,KY0146  ,,LA GRANGE,RD   ,,2.922,,MILLGATE,RD   ,,,,,,,2,1,0,1,2.0,CLEAR,1.0,DRY,False,7.0,STATE,2.0,COLLISION WITH BICYCLE,9.0,SINGLE VEHICLE,6.0,STRAIGHT & LEVEL,2.0,DAYLIGHT,,,False,38.2707579,-85.5746646,2014,7,29,8,21
799,139038,71482431,LOUISVILLE METRO POLICE DEPT,8014056530,AC,US0031E ,,BARDSTOWN,RD   ,,14.323,,DUKER,AVE  ,,,,,,,2,1,0,1,2.0,CLEAR,1.0,DRY,False,2.0,FEDERAL,2.0,COLLISION WITH BICYCLE,9.0,SINGLE VEHICLE,6.0,STRAIGHT & LEVEL,2.0,DAYLIGHT,,,False,38.2303013,-85.7040399,2014,7,29,15,42
800,139052,71482583,ST. MATTHEWS POLICE DEPARTMENT,0314001745,AC,,,BROWNS,LN   ,,1.006,,KRESGE,WAY  ,,,,,,,2,1,0,1,2.0,CLEAR,1.0,DRY,False,5.0,LOCAL STREET,2.0,COLLISION WITH BICYCLE,9.0,SINGLE VEHICLE,6.0,STRAIGHT & LEVEL,2.0,DAYLIGHT,,,False,38.2414803,-85.6352989,2014,7,29,9,53
801,139096,71482819,LOUISVILLE METRO POLICE DEPT,8014056555,AC,,,MALCOLM,RD   ,,0.136,,,,,,,,,,2,1,0,0,2.0,CLEAR,1.0,DRY,False,5.0,LOCAL STREET,37.0,COLLISION WITH BICYCLIST,9.0,SINGLE VEHICLE,6.0,STRAIGHT & LEVEL,2.0,DAYLIGHT,,,False,38.1776859,-85.8102489,2014,7,29,16,39
802,139204,71482994,LOUISVILLE METRO POLICE DEPT,8014057087,AC,US0060A ,,LEXINGTON,RD   ,,8.763,,ALTA VISTA,RD   ,,,,,,,2,1,0,0,2.0,CLEAR,1.0,DRY,False,2.0,FEDERAL,2.0,COLLISION WITH BICYCLE,9.0,SINGLE VEHICLE,6.0,STRAIGHT & LEVEL,2.0,DAYLIGHT,,,False,38.2453683,-85.6878967,2014,7,31,10,15
803,139295,71483404,LOUISVILLE METRO POLICE DEPT,8014057370,AC,KY1865  ,,NEW CUT,RD   ,,2.33,,BAKERS,LN   ,,,,,,,2,1,0,1,2.0,CLEAR,1.0,DRY,True,7.0,STATE,2.0,COLLISION WITH BICYCLE,9.0,SINGLE VEHICLE,5.0,STRAIGHT & HILLCREST,2.0,DAYLIGHT,,,False,38.1409595,-85.7742197,2014,8,1,12,5
804,139467,71484265,LOUISVILLE METRO POLICE DEPT,8014057931,AC,,1900.0,ROANOKE,AVE  ,,0.015,,,,,,,,,,2,1,0,1,2.0,CLEAR,1.0,DRY,False,5.0,LOCAL STREET,37.0,COLLISION WITH BICYCLIST,9.0,SINGLE VEHICLE,6.0,STRAIGHT & LEVEL,2.0,DAYLIGHT,,,False,38.2276331,-85.7002084,2014,8,3,19,34
805,139590,71484743,LOUISVILLE METRO POLICE DEPT,8014058309,AC,,,DIXIE,HWY  ,,0.909,,DUMESNIL,ST   ,,,,,,,2,1,0,1,2.0,CLEAR,1.0,DRY,False,5.0,LOCAL STREET,2.0,COLLISION WITH BICYCLE,9.0,SINGLE VEHICLE,6.0,STRAIGHT & LEVEL,2.0,DAYLIGHT,,,False,38.2364162,-85.7871666,2014,8,5,6,53
806,139779,71485791,LOUISVILLE METRO POLICE DEPT,8014059177,AC,KY1020  ,,3RD,ST   ,S ,12.447,,MUHAMMAD ALI,BLVD ,,,,,,,2,1,0,1,6.0,RAINING,5.0,WET,False,7.0,STATE,2.0,COLLISION WITH BICYCLE,9.0,SINGLE VEHICLE,6.0,STRAIGHT & LEVEL,1.0,DAWN,,,False,38.2509522,-85.7558357,2014,8,8,6,38
807,139851,71486745,LOUISVILLE METRO POLICE DEPT,8014059418,AC,,,QUIET,WAY  ,,0.102,,NORENE,LN   ,,,,,,,2,1,0,1,2.0,CLEAR,1.0,DRY,False,5.0,LOCAL STREET,2.0,COLLISION WITH BICYCLE,9.0,SINGLE VEHICLE,6.0,STRAIGHT & LEVEL,6.0,DARK-HWY NOT LIGHTED,,,False,38.1618318,-85.6818669,2014,8,8,21,29
808,139872,71486735,LOUISVILLE METRO POLICE DEPT,8014059374,AC,,,KINROSS,BLVD ,,0.221,,ETHAN ALLEN,WAY  ,,,,,,,2,1,0,1,3.0,CLOUDY,1.0,DRY,False,5.0,LOCAL STREET,2.0,COLLISION WITH BICYCLE,9.0,SINGLE VEHICLE,6.0,STRAIGHT & LEVEL,2.0,DAYLIGHT,,,False,38.0607204,-85.8917303,2014,8,8,17,0
809,139911,71486424,ST. MATTHEWS POLICE DEPARTMENT,0314001850,AC,US0060  ,,SHELBYVILLE,RD   ,,4.851,,,,,,,,,,2,1,0,1,2.0,CLEAR,1.0,DRY,False,2.0,FEDERAL,37.0,COLLISION WITH BICYCLIST,9.0,SINGLE VEHICLE,6.0,STRAIGHT & LEVEL,2.0,DAYLIGHT,,,False,38.2509702,-85.631815,2014,8,9,16,5
810,139962,71486784,LOUISVILLE METRO POLICE DEPT,8014059636,AC,,,OAK,ST   ,W ,0.547,,7TH,ST   ,,,,,,,2,1,0,1,2.0,CLEAR,1.0,DRY,False,5.0,LOCAL STREET,2.0,COLLISION WITH BICYCLE,9.0,SINGLE VEHICLE,6.0,STRAIGHT & LEVEL,2.0,DAYLIGHT,,,False,38.2354917,-85.7653342,2014,8,9,18,30
811,140018,71486824,LOUISVILLE METRO POLICE DEPT,8014059852,AC,US0060  ,,SHELBYVILLE,RD   ,,10.981,,,,,JUNEAU,DR   ,KY2840,OLD SHELBYVILLE,RD   ,2,1,0,1,3.0,CLOUDY,1.0,DRY,False,2.0,FEDERAL,37.0,COLLISION WITH BICYCLIST,9.0,SINGLE VEHICLE,6.0,STRAIGHT & LEVEL,2.0,DAYLIGHT,,,False,38.2443849,-85.5222997,2014,8,10,15,28
812,140040,71490215,LOUISVILLE METRO POLICE DEPT,8014059917,AC,,,ARCADE,AVE  ,,0.054,US0060A ,TAYLOR,BLVD ,,,,,,,2,1,0,0,2.0,CLEAR,1.0,DRY,False,5.0,LOCAL STREET,2.0,COLLISION WITH BICYCLE,9.0,SINGLE VEHICLE,6.0,STRAIGHT & LEVEL,2.0,DAYLIGHT,,,True,38.2027579,-85.7820663,2014,8,10,20,0
813,140169,71487929,LOUISVILLE METRO POLICE DEPT,8014060523,AC,,,WURTELE,AVE  ,,0.316,,,,,COLORADO,AVE  ,,LINDBERGH,DR   ,2,1,0,1,2.0,CLEAR,1.0,DRY,False,5.0,LOCAL STREET,37.0,COLLISION WITH BICYCLIST,9.0,SINGLE VEHICLE,6.0,STRAIGHT & LEVEL,2.0,DAYLIGHT,,,False,38.2117112,-85.7790588,2014,8,12,18,16
814,140482,71492911,SHIVELY POLICE DEPARTMENT,0414001739,AC,US0031W ,,DIXIE,HWY  ,,14.973,,,,,,,,,,2,1,0,1,2.0,CLEAR,1.0,DRY,False,2.0,FEDERAL,37.0,COLLISION WITH BICYCLIST,9.0,SINGLE VEHICLE,6.0,STRAIGHT & LEVEL,2.0,DAYLIGHT,,,False,38.1877007,-85.8112202,2014,8,15,14,38
815,140670,71490237,LOUISVILLE METRO POLICE DEPT,8014062185,AC,,,SOUTHERN PKY,,,0.542,,,,,,,,,,2,1,0,1,2.0,CLEAR,1.0,DRY,False,5.0,LOCAL STREET,37.0,COLLISION WITH BICYCLIST,9.0,SINGLE VEHICLE,6.0,STRAIGHT & LEVEL,2.0,DAYLIGHT,,,False,38.1754168,-85.7736916,2014,8,18,13,5
816,140775,71490873,LOUISVILLE METRO POLICE DEPT,8014062534,AC,,,3RD,ST   ,N ,0.002,US0031W ,MAIN,ST   ,,,,,,,2,1,0,1,2.0,CLEAR,1.0,DRY,False,5.0,LOCAL STREET,2.0,COLLISION WITH BICYCLE,9.0,SINGLE VEHICLE,6.0,STRAIGHT & LEVEL,2.0,DAYLIGHT,,,False,38.2564246,-85.7548881,2014,8,19,15,10
817,141084,71492575,LOUISVILLE METRO POLICE DEPT,8014063606,AC,,,WHISPERING HILLS,BLVD ,,0.087,,BILLIE,LN   ,,,,,,,2,1,0,1,6.0,RAINING,5.0,WET,False,1.0,COUNTY ROAD,2.0,COLLISION WITH BICYCLE,9.0,SINGLE VEHICLE,2.0,CURVE & HILLCREST,4.0,DARK-HWY LIGHTED/OFF,,,False,38.1488918,-85.6583464,2014,8,22,23,55
818,141099,71494124,LOUISVILLE METRO POLICE DEPT,8014063319,AC,,,WILSON,AVE  ,,0.845,,,,,,,,,,2,1,0,1,2.0,CLEAR,1.0,DRY,False,5.0,LOCAL STREET,37.0,COLLISION WITH BICYCLIST,9.0,SINGLE VEHICLE,6.0,STRAIGHT & LEVEL,1.0,DAWN,,,False,38.2348921,-85.7905035,2014,8,22,7,30
819,141141,71492611,LOUISVILLE METRO POLICE DEPT,8014063843,AC,KY1020  ,,SOUTHERN PKY,,,9.15,,3RD,ST   ,,,,,,,2,1,0,1,6.0,RAINING,5.0,WET,False,7.0,STATE,2.0,COLLISION WITH BICYCLE,9.0,SINGLE VEHICLE,6.0,STRAIGHT & LEVEL,5.0,DARK-HWY LIGHTED/ON,,,False,38.2006006,-85.7651065,2014,8,23,20,34
820,141188,71496374,LOUISVILLE METRO POLICE DEPT,8014063810,AC,,,MUHAMMAD ALI,BLVD ,E ,0.73,KY0061  ,PRESTON,ST   ,,,,,,,2,1,0,1,3.0,CLOUDY,5.0,WET,False,5.0,LOCAL STREET,2.0,COLLISION WITH BICYCLE,9.0,SINGLE VEHICLE,6.0,STRAIGHT & LEVEL,2.0,DAYLIGHT,,,False,38.2500491,-85.746915,2014,8,23,17,15
821,141236,71492669,LOUISVILLE METRO POLICE DEPT,8014064047,AC,,,MAGNOLIA,AVE  ,W ,0.621,,7TH,ST   ,,,,,,,2,1,0,1,2.0,CLEAR,1.0,DRY,False,1.0,COUNTY ROAD,2.0,COLLISION WITH BICYCLE,9.0,SINGLE VEHICLE,4.0,STRAIGHT & GRADE,2.0,DAYLIGHT,,,False,38.2297726,-85.7676954,2014,8,24,17,9
822,141424,71493683,LOUISVILLE METRO POLICE DEPT,8014064769,AC,,,DIXIE,HWY  ,,1.008,,,,,WILSON,AVE  ,,ORMSBY,AVE  ,2,1,0,1,6.0,RAINING,5.0,WET,False,1.0,COUNTY ROAD,37.0,COLLISION WITH BICYCLIST,9.0,SINGLE VEHICLE,6.0,STRAIGHT & LEVEL,5.0,DARK-HWY LIGHTED/ON,,,False,38.2350546,-85.7877396,2014,8,26,21,15
823,141594,71494519,UNIV. OF LOUISVILLE POLICE,R14000571 ,AC,,2100.0,FLOYD,ST   ,S ,2.746,,,,,,,,,,2,1,0,0,2.0,CLEAR,1.0,DRY,False,5.0,LOCAL STREET,37.0,COLLISION WITH BICYCLIST,9.0,SINGLE VEHICLE,6.0,STRAIGHT & LEVEL,2.0,DAYLIGHT,,,False,38.2157659,-85.7549757,2014,8,28,11,22
824,141720,71495548,LOUISVILLE METRO POLICE DEPT,8014065420,AC,US0060  ,,FRANKFORT,AVE  ,,2.16,,RESERVOIR,AVE  ,,,,,,,2,1,0,1,2.0,CLEAR,1.0,DRY,False,2.0,FEDERAL,2.0,COLLISION WITH BICYCLE,9.0,SINGLE VEHICLE,6.0,STRAIGHT & LEVEL,2.0,DAYLIGHT,,,False,38.2545149,-85.6809143,2014,8,29,8,32
825,141751,71495610,LOUISVILLE METRO POLICE DEPT,8014065638,AC,KY1931  ,,7TH,ST   ,,10.281,,TENNESSEE,AVE  ,,,,,,,2,1,0,1,2.0,CLEAR,1.0,DRY,False,7.0,STATE,2.0,COLLISION WITH BICYCLE,9.0,SINGLE VEHICLE,6.0,STRAIGHT & LEVEL,2.0,DAYLIGHT,,,False,38.2176322,-85.7798889,2014,8,29,18,45
826,142033,71496399,LOUISVILLE METRO POLICE DEPT,8014066624,AC,,,24TH,ST   ,N ,0.359,,,,,,,,,,2,1,0,0,2.0,CLEAR,1.0,DRY,True,5.0,LOCAL STREET,37.0,COLLISION WITH BICYCLIST,9.0,SINGLE VEHICLE,3.0,CURVE & LEVEL,2.0,DAYLIGHT,,,False,38.265341,-85.7882314,2014,9,2,16,2
827,142200,71496896,LOUISVILLE METRO POLICE DEPT,8014067074,AC,,,MANSLICK,CT   ,,0.039,,,,,,,,,,2,1,0,1,3.0,CLOUDY,1.0,DRY,True,5.0,LOCAL STREET,37.0,COLLISION WITH BICYCLIST,9.0,SINGLE VEHICLE,6.0,STRAIGHT & LEVEL,6.0,DARK-HWY NOT LIGHTED,,,False,38.19171,-85.8015302,2014,9,4,23,49
828,142211,71497393,LOUISVILLE METRO POLICE DEPT,8014067155,AC,KY1020  ,,2ND,ST   ,S ,11.413,,,,,,,,,,2,1,0,1,2.0,CLEAR,1.0,DRY,False,7.0,STATE,37.0,COLLISION WITH BICYCLIST,9.0,SINGLE VEHICLE,6.0,STRAIGHT & LEVEL,2.0,DAYLIGHT,,,False,38.2351799,-85.7571415,2014,9,4,12,6
829,142436,71498425,LOUISVILLE METRO POLICE DEPT,8014067917,AC,KY0907  ,,3RD,ST   ,,5.6,,,,,CARTLEDGE,CT   ,,TWIN WILLOWS,LN   ,2,1,0,2,2.0,CLEAR,1.0,DRY,False,7.0,STATE,37.0,COLLISION WITH BICYCLIST,9.0,SINGLE VEHICLE,3.0,CURVE & LEVEL,4.0,DARK-HWY LIGHTED/OFF,,,False,38.13834,-85.7841601,2014,9,6,21,40
830,142498,71502704,LOUISVILLE METRO POLICE DEPT,8014068131,AC,US0031E ,,MARKET,ST   ,E ,17.489,,FLOYD,ST   ,,,,,,,2,1,0,1,2.0,CLEAR,1.0,DRY,True,2.0,FEDERAL,2.0,COLLISION WITH BICYCLE,9.0,SINGLE VEHICLE,6.0,STRAIGHT & LEVEL,2.0,DAYLIGHT,,,False,38.2543042,-85.7481601,2014,9,7,17,41