,Unnamed: 0,master_file_number,investigating_agency,local_code,collision_status_code,roadway_number,building_number,roadway_name,roadway_suffix,roadway_direction,milepoint,intersection_roadway_number,intersection_roadway_name,intersection_roadway_suffix,between_street_number_1,between_street_name_1,between_street_suffix_1,between_street_number_2,between_street_name_2,between_street_suffix_2,units_involved,motor_vehicles_involved,killed,injured,weather_code,weather,roadway_condition_code,roadway_condition,hit_and_run,roadway_type_code,roadway_type,directional_analysis_code,directional_analysis,manner_of_collision_code,manner_of_collision,roadway_character_code,roadway_character,light_condition_code,light_condition,ramp_from_roadway_id,ramp_to_roadway_id,secondary_collision,latitude,longitude,year,month,day,hour,minute
831,142730,71504600,LOUISVILLE METRO POLICE DEPT,8014069003,AC,,,HANCOCK,ST   ,S ,1.296,,,,,KENTUCKY,ST   ,,SAINT CATHERINE,ST   ,2,1,0,1,2.0,CLEAR,1.0,DRY,False,5.0,LOCAL STREET,37.0,COLLISION WITH BICYCLIST,9.0,SINGLE VEHICLE,6.0,STRAIGHT & LEVEL,2.0,DAYLIGHT,,,False,38.2362327,-85.7451558,2014,9,10,15,39
832,142785,71500445,LOUISVILLE METRO POLICE DEPT,8014069287,AC,US0031W ,,DIXIE,HWY  ,,13.205,,,,,UPPER HUNTERS,TRCE ,,BONNYVILLE,BLVD ,2,1,0,0,2.0,CLEAR,1.0,DRY,False,2.0,FEDERAL,37.0,COLLISION WITH BICYCLIST,9.0,SINGLE VEHICLE,6.0,STRAIGHT & LEVEL,2.0,DAYLIGHT,,,False,38.1672878,-85.8291547,2014,9,11,16,20
833,142818,71501252,LOUISVILLE METRO POLICE DEPT,8014069302,AC,,,GARDINER,LN   ,,0.64,,,,,,,,,,2,1,0,1,3.0,CLOUDY,1.0,DRY,False,5.0,LOCAL STREET,37.0,COLLISION WITH BICYCLIST,9.0,SINGLE VEHICLE,3.0,CURVE & LEVEL,2.0,DAYLIGHT,,,False,38.1969139,-85.6973096,2014,9,11,16,39
834,142944,71501033,ST. MATTHEWS POLICE DEPARTMENT,0314002141,AC,KY0146  ,7321.0,NEW LA GRANGE,RD   ,,0.136,,,,,,,,,,2,1,0,1,2.0,CLEAR,1.0,DRY,False,7.0,STATE,37.0,COLLISION WITH BICYCLIST,9.0,SINGLE VEHICLE,6.0,STRAIGHT & LEVEL,2.0,DAYLIGHT,,,False,38.2513551,-85.6159809,2014,9,13,19,20
835,142957,71501328,LOUISVILLE METRO POLICE DEPT,8014069798,AC,,3121.0,DEL PARK,TER  ,,0.053,,,,,,,,,,2,1,0,1,2.0,CLEAR,1.0,DRY,False,5.0,LOCAL STREET,37.0,COLLISION WITH BICYCLIST,9.0,SINGLE VEHICLE,6.0,STRAIGHT & LEVEL,2.0,DAYLIGHT,,,False,38.2527039,-85.8037598,2014,9,13,14,38
836,143008,71501375,LOUISVILLE METRO POLICE DEPT,8014070085,AC,,,DIXIE,HWY  ,,1.495,,HILL,ST   ,,,,,,,2,1,0,1,2.0,CLEAR,1.0,DRY,False,5.0,LOCAL STREET,2.0,COLLISION WITH BICYCLE,9.0,SINGLE VEHICLE,6.0,STRAIGHT & LEVEL,5.0,DARK-HWY LIGHTED/ON,,,False,38.2283221,-85.7904476,2014,9,14,20,31
837,143155,71502264,LOUISVILLE METRO POLICE DEPT,8014070659,AC,,,4TH,ST   ,S ,0.734,US0150  ,BROADWAY,,,,,,,,2,1,0,1,2.0,CLEAR,1.0,DRY,False,5.0,LOCAL STREET,2.0,COLLISION WITH BICYCLE,9.0,SINGLE VEHICLE,6.0,STRAIGHT & LEVEL,2.0,DAYLIGHT,,,False,38.2460788,-85.7583797,2014,9,16,17,14
838,143173,71502235,ST. MATTHEWS POLICE DEPARTMENT,0314002166,AC,US0060  ,,SHELBYVILLE,RD   ,,3.928,,RIDGEWAY,AVE  ,,,,,,,2,1,0,1,6.0,RAINING,5.0,WET,False,2.0,FEDERAL,2.0,COLLISION WITH BICYCLE,9.0,SINGLE VEHICLE,6.0,STRAIGHT & LEVEL,5.0,DARK-HWY LIGHTED/ON,,,False,38.2523899,-85.6491338,2014,9,16,23,15
839,143246,71502735,LOUISVILLE METRO POLICE DEPT,8014070977,AC,KY1020  ,,NATIONAL,TPKE ,,3.45,,GLENGARRY,DR   ,,,,,,,2,1,0,1,2.0,CLEAR,1.0,DRY,False,7.0,STATE,2.0,COLLISION WITH BICYCLE,9.0,SINGLE VEHICLE,6.0,STRAIGHT & LEVEL,2.0,DAYLIGHT,,,False,38.1236481,-85.748482,2014,9,17,17,37
840,143422,71508437,SHIVELY POLICE DEPARTMENT,0414002000,AC,US0031W ,,DIXIE,HWY  ,,15.238,,GARRS,LN   ,,,,,,,2,1,0,0,2.0,CLEAR,1.0,DRY,False,2.0,FEDERAL,2.0,COLLISION WITH BICYCLE,9.0,SINGLE VEHICLE,6.0,STRAIGHT & LEVEL,2.0,DAYLIGHT,,,False,38.1908921,-85.808877,2014,9,18,22,29
841,143554,71503979,LOUISVILLE METRO POLICE DEPT,8014071920,AC,,,NORTON HEALTHCARE,BLVD ,,0.375,,,,,,,,,,2,1,0,1,2.0,CLEAR,1.0,DRY,False,5.0,LOCAL STREET,37.0,COLLISION WITH BICYCLIST,9.0,SINGLE VEHICLE,3.0,CURVE & LEVEL,2.0,DAYLIGHT,,,False,38.3148924,-85.5747049,2014,9,20,14,32
842,143584,71503995,LOUISVILLE METRO POLICE DEPT,8014072015,AC,KY2845  ,,MANSLICK,RD   ,E ,0.08,,,,,,,,,,2,1,0,1,2.0,CLEAR,1.0,DRY,False,7.0,STATE,37.0,COLLISION WITH BICYCLIST,9.0,SINGLE VEHICLE,5.0,STRAIGHT & HILLCREST,4.0,DARK-HWY LIGHTED/OFF,,,False,38.1183364,-85.675714,2014,9,20,20,50
843,143596,71505030,LOUISVILLE METRO POLICE DEPT,8014072142,AC,US0042  ,,BROWNSBORO,RD   ,,1.939,,IDLEWYLDE,DR   ,,,,,,,2,1,0,1,2.0,CLEAR,1.0,DRY,False,2.0,FEDERAL,2.0,COLLISION WITH BICYCLE,9.0,SINGLE VEHICLE,4.0,STRAIGHT & GRADE,2.0,DAYLIGHT,,,False,38.2584215,-85.7002718,2014,9,20,12,14
844,143604,71503756,ST. MATTHEWS POLICE DEPARTMENT,0314002218,AC,US0060  ,5000.0,SHELBYVILLE,RD   ,,5.243,,,,,,,,,,2,1,0,1,2.0,CLEAR,1.0,DRY,False,2.0,FEDERAL,37.0,COLLISION WITH BICYCLIST,9.0,SINGLE VEHICLE,6.0,STRAIGHT & LEVEL,2.0,DAYLIGHT,,,False,38.2503525,-85.6246135,2014,9,21,16,15
845,143635,71504016,LOUISVILLE METRO POLICE DEPT,8014072189,AC,,,RIVER,RD   ,,6.414,,,,,SHIRLEY,AVE  ,,CARSLAW,CT   ,2,1,0,1,2.0,CLEAR,1.0,DRY,False,5.0,LOCAL STREET,37.0,COLLISION WITH BICYCLIST,9.0,SINGLE VEHICLE,6.0,STRAIGHT & LEVEL,2.0,DAYLIGHT,,,False,38.343249,-85.6216464,2014,9,21,15,28
846,143987,71505862,LOUISVILLE METRO POLICE DEPT,8014073396,AC,KY1447  ,,WESTPORT,RD   ,,3.011,,,,,ORMSBY,LN   ,,APPLEWOOD,LN   ,2,1,0,1,2.0,CLEAR,1.0,DRY,False,7.0,STATE,37.0,COLLISION WITH BICYCLIST,9.0,SINGLE VEHICLE,4.0,STRAIGHT & GRADE,2.0,DAYLIGHT,,,False,38.2740339,-85.6090736,2014,9,25,11,30
847,144022,71506075,LOUISVILLE METRO POLICE DEPT,8014073590,AC,,,ST RITA,DR   ,,0.146,,NEWSTEAD,AVE  ,,,,,,,2,1,0,1,2.0,CLEAR,1.0,DRY,False,5.0,LOCAL STREET,2.0,COLLISION WITH BICYCLE,9.0,SINGLE VEHICLE,6.0,STRAIGHT & LEVEL,6.0,DARK-HWY NOT LIGHTED,,,False,38.1293075,-85.6787995,2014,9,25,21,20
848,144504,71508083,LOUISVILLE METRO POLICE DEPT,8014074974,AC,US0031W ,,DIXIE,HWY  ,,10.279,,,,,,,,,,2,1,0,1,2.0,CLEAR,1.0,DRY,False,2.0,FEDERAL,37.0,COLLISION WITH BICYCLIST,9.0,SINGLE VEHICLE,6.0,STRAIGHT & LEVEL,2.0,DAYLIGHT,,,False,38.1275382,-85.8501612,2014,9,30,12,52
849,144603,71508556,JEFFERSONTOWN POLICE DEPT,A1042996  ,AC,KY0155  ,,TAYLORSVILLE,RD   ,,9.349,,WATTERSON,TRL  ,,,,,,,2,1,0,1,2.0,CLEAR,1.0,DRY,False,7.0,STATE,2.0,COLLISION WITH BICYCLE,9.0,SINGLE VEHICLE,6.0,STRAIGHT & LEVEL,2.0,DAYLIGHT,,,False,38.1942575,-85.5654457,2014,10,1,15,19
850,144896,71510130,LOUISVILLE METRO POLICE DEPT,8014076021,AC,,3600.0,REGATTA,WAY  ,,0.141,,,,,,,,,,2,1,0,1,2.0,CLEAR,1.0,DRY,False,5.0,LOCAL STREET,37.0,COLLISION WITH BICYCLIST,9.0,SINGLE VEHICLE,6.0,STRAIGHT & LEVEL,2.0,DAYLIGHT,,,False,38.2371465,-85.8139676,2014,10,3,18,48
851,145016,71510215,LOUISVILLE METRO POLICE DEPT,8014076440,AC,,,CRAIG,AVE  ,,0.414,,SOUTHERN HEIGHTS,AVE  ,,,,,,,2,1,0,1,3.0,CLOUDY,1.0,DRY,False,5.0,LOCAL STREET,2.0,COLLISION WITH BICYCLE,9.0,SINGLE VEHICLE,6.0,STRAIGHT & LEVEL,2.0,DAYLIGHT,,,True,38.1898212,-85.7900132,2014,10,5,16,0
852,145062,71510745,LOUISVILLE METRO POLICE DEPT,8014076662,AC,KY0061  ,,PRESTON,ST   ,S ,12.339,,,,US0150  ,BROADWAY,,US0150,BROADWAY,,2,1,0,0,3.0,CLOUDY,5.0,WET,False,7.0,STATE,37.0,COLLISION WITH BICYCLIST,9.0,SINGLE VEHICLE,6.0,STRAIGHT & LEVEL,2.0,DAYLIGHT,,,False,38.2449037,-85.7476634,2014,10,6,12,0
853,145570,1907373,LOUISVILLE METRO POLICE DEPT,8014078164,AC,,,HILLVIEW DR,,,,,SOUTHSIDE,DR   ,,,,,,,2,1,0,1,3.0,CLOUDY,1.0,DRY,False,5.0,LOCAL STREET,2.0,COLLISION WITH BICYCLE,1.0,ANGLE,6.0,STRAIGHT & LEVEL,2.0,DAYLIGHT,,,False,38.151833333,-85.759266667,2014,10,11,14,30
854,145590,71513279,LOUISVILLE METRO POLICE DEPT,8014078158,AC,,,11TH,ST   ,S ,0.735,US0150  ,BROADWAY,,,,,,,,2,1,0,1,3.0,CLOUDY,1.0,DRY,False,5.0,LOCAL STREET,2.0,COLLISION WITH BICYCLE,9.0,SINGLE VEHICLE,6.0,STRAIGHT & LEVEL,2.0,DAYLIGHT,,,False,38.2473698,-85.7699405,2014,10,11,14,12
855,145687,71515166,LOUISVILLE METRO POLICE DEPT,8014078330,AC,,,BURNETT,AVE  ,W ,0.092,KY1020  ,2ND,ST   ,,,,,,,2,1,0,1,2.0,CLEAR,1.0,DRY,True,5.0,LOCAL STREET,2.0,COLLISION WITH BICYCLE,9.0,SINGLE VEHICLE,6.0,STRAIGHT & LEVEL,5.0,DARK-HWY LIGHTED/ON,,,False,38.2269632,-85.7583849,2014,10,12,3,12
856,145778,71514047,LOUISVILLE METRO POLICE DEPT,8014078871,AC,,,23RD,ST   ,S ,1.596,,,,,,,,,,2,1,0,1,6.0,RAINING,5.0,WET,False,5.0,LOCAL STREET,37.0,COLLISION WITH BICYCLIST,9.0,SINGLE VEHICLE,6.0,STRAIGHT & LEVEL,5.0,DARK-HWY LIGHTED/ON,,,False,38.2312075,-85.7945227,2014,10,13,22,1
857,146048,71515764,LOUISVILLE METRO POLICE DEPT,8014079540,AC,,,PHILLIPS,LN   ,,0.713,,,,,EMBERSON,AVE  ,,EMBERSON,AVE  ,2,1,0,0,6.0,RAINING,5.0,WET,False,5.0,LOCAL STREET,37.0,COLLISION WITH BICYCLIST,9.0,SINGLE VEHICLE,6.0,STRAIGHT & LEVEL,5.0,DARK-HWY LIGHTED/ON,,,False,38.1932306,-85.740093,2014,10,15,21,50
858,146162,71518221,LOUISVILLE METRO POLICE DEPT,8014079765,AC,,,35TH,ST   ,S ,0.043,,MARKET,ST   ,,,,,,,2,1,0,1,2.0,CLEAR,1.0,DRY,False,5.0,LOCAL STREET,2.0,COLLISION WITH BICYCLE,9.0,SINGLE VEHICLE,6.0,STRAIGHT & LEVEL,2.0,DAYLIGHT,,,False,38.2617151,-85.8083264,2014,10,16,10,0
859,146476,71517725,LOUISVILLE METRO POLICE DEPT,8014080795,AC,KY1230  ,,CANE RUN,RD   ,,4.295,,GLOBAL,DR   ,,,,,,,2,1,0,1,3.0,CLOUDY,1.0,DRY,False,7.0,STATE,2.0,COLLISION WITH BICYCLE,9.0,SINGLE VEHICLE,6.0,STRAIGHT & LEVEL,2.0,DAYLIGHT,,,False,38.1398737,-85.8972811,2014,10,20,12,13
860,146557,71517737,LOUISVILLE METRO POLICE DEPT,8014081074,AC,,,ELEANOR,AVE  ,,1.194,,GARDINER,LN   ,,,,,,,2,1,0,1,3.0,CLOUDY,5.0,WET,False,5.0,LOCAL STREET,2.0,COLLISION WITH BICYCLE,9.0,SINGLE VEHICLE,6.0,STRAIGHT & LEVEL,1.0,DAWN,,,False,38.2111546,-85.6751406,2014,10,21,7,54
861,146743,71518734,LOUISVILLE METRO POLICE DEPT,8014081697,AC,,,BRECKINRIDGE,ST   ,E ,0.311,,BARRET,AVE  ,,,,,,,2,1,0,0,2.0,CLEAR,1.0,DRY,False,5.0,LOCAL STREET,2.0,COLLISION WITH BICYCLE,9.0,SINGLE VEHICLE,6.0,STRAIGHT & LEVEL,2.0,DAYLIGHT,,,False,38.2403978,-85.7311172,2014,10,23,10,0
862,146811,71519749,LOUISVILLE METRO POLICE DEPT,8014081767,AC,,,8TH,ST   ,S ,0.272,,LIBERTY,ST   ,,,,,,,2,1,0,1,2.0,CLEAR,1.0,DRY,False,5.0,LOCAL STREET,2.0,COLLISION WITH BICYCLE,9.0,SINGLE VEHICLE,6.0,STRAIGHT & LEVEL,2.0,DAYLIGHT,,,False,38.2534355,-85.7638325,2014,10,23,14,10
863,146867,71519760,LOUISVILLE METRO POLICE DEPT,8014082048,AC,US0031W ,,MARKET,ST   ,W ,21.615,,,,,7TH,ST   ,,6TH,ST   ,2,1,0,0,2.0,CLEAR,1.0,DRY,False,2.0,FEDERAL,37.0,COLLISION WITH BICYCLIST,9.0,SINGLE VEHICLE,6.0,STRAIGHT & LEVEL,2.0,DAYLIGHT,,,False,38.2556546,-85.7609108,2014,10,24,11,46
864,147030,71519862,LOUISVILLE METRO POLICE DEPT,8014082518,AC,US0060A ,,LEXINGTON,RD   ,,10.337,,BAUER,AVE  ,,,,,,,2,1,0,0,2.0,CLEAR,1.0,DRY,True,2.0,FEDERAL,2.0,COLLISION WITH BICYCLE,9.0,SINGLE VEHICLE,6.0,STRAIGHT & LEVEL,5.0,DARK-HWY LIGHTED/ON,,,False,38.251685,-85.660947,2014,10,26,2,31
865,147112,71520292,LOUISVILLE METRO POLICE DEPT,8014082784,AC,,,WILLIAM,ST   ,,0.217,US0060  ,FRANKFORT,AVE  ,,,,,,,2,1,0,0,2.0,CLEAR,1.0,DRY,False,5.0,LOCAL STREET,2.0,COLLISION WITH BICYCLE,9.0,SINGLE VEHICLE,6.0,STRAIGHT & LEVEL,2.0,DAYLIGHT,,,False,38.2571625,-85.717781,2014,10,27,8,45
866,147279,71521190,LOUISVILLE METRO POLICE DEPT,8014083325,AC,US0060A ,,EASTERN,PKWY ,,5.07,,BURNETT,AVE  ,,,,,,,2,1,0,0,2.0,CLEAR,1.0,DRY,False,2.0,FEDERAL,2.0,COLLISION WITH BICYCLE,9.0,SINGLE VEHICLE,6.0,STRAIGHT & LEVEL,3.0,DUSK,,,False,38.2188864,-85.735287,2014,10,28,19,10
867,147451,71523284,LOUISVILLE METRO POLICE DEPT,8014083649,AC,,,CARNATION,DR   ,,0.274,,JESSAMINE,LN   ,,,,,,,2,1,0,1,2.0,CLEAR,1.0,DRY,False,5.0,LOCAL STREET,2.0,COLLISION WITH BICYCLE,9.0,SINGLE VEHICLE,6.0,STRAIGHT & LEVEL,2.0,DAYLIGHT,,,False,38.1392612,-85.8610375,2014,10,29,0,0
868,147953,71524237,LOUISVILLE METRO POLICE DEPT,8014085123,AC,KY1020  ,,3RD,ST   ,S ,9.867,US0060A ,WINKLER,AVE  ,,,,,,,2,1,0,0,2.0,CLEAR,1.0,DRY,False,7.0,STATE,2.0,COLLISION WITH BICYCLE,9.0,SINGLE VEHICLE,4.0,STRAIGHT & GRADE,5.0,DARK-HWY LIGHTED/ON,,,False,38.2101462,-85.7629781,2014,11,3,18,32
869,148183,71525291,LOUISVILLE METRO POLICE DEPT,8014085722,AC,,,HIKES,LN   ,,0.867,,,,KY2251  ,BARDSTOWN,RD   ,,GREEN MEADOWS,DR   ,2,1,0,1,6.0,RAINING,5.0,WET,False,5.0,LOCAL STREET,37.0,COLLISION WITH BICYCLIST,9.0,SINGLE VEHICLE,6.0,STRAIGHT & LEVEL,5.0,DARK-HWY LIGHTED/ON,,,False,38.1990689,-85.6599659,2014,11,5,18,50
870,148220,1939512,LOUISVILLE METRO POLICE DEPT,8014086017,AC,,,HEPBURN,AVE  ,,,,BARRET,AVE  ,,,,,,,2,1,0,0,6.0,RAINING,5.0,WET,False,5.0,LOCAL STREET,2.0,COLLISION WITH BICYCLE,1.0,ANGLE,4.0,STRAIGHT & GRADE,2.0,DAYLIGHT,,,False,38.201666667,-85.536666667,2014,11,6,16,12
871,148376,71526925,LOUISVILLE METRO POLICE DEPT,8014086286,AC,US0031E ,,BARDSTOWN,RD   ,,14.563,,,,,SHERWOOD,AVE  ,,SHERWOOD,AVE  ,2,1,0,0,2.0,CLEAR,1.0,DRY,False,2.0,FEDERAL,37.0,COLLISION WITH BICYCLIST,9.0,SINGLE VEHICLE,6.0,STRAIGHT & LEVEL,2.0,DAYLIGHT,,,False,38.2316374,-85.708185,2014,11,7,14,45
872,149054,71536638,INDIAN HILLS POLICE DEPARTMENT,4414000062,AC,,,RIVER,RD   ,,1.181,,,,,INDIAN HILLS,TRL  ,,RIVERSIDE,DR   ,2,1,0,1,2.0,CLEAR,1.0,DRY,False,5.0,LOCAL STREET,37.0,COLLISION WITH BICYCLIST,9.0,SINGLE VEHICLE,6.0,STRAIGHT & LEVEL,2.0,DAYLIGHT,,,False,38.2906322,-85.6808092,2014,11,14,17,0
873,149125,71532588,LOUISVILLE METRO POLICE DEPT,8014088397,AC,,,INDIAN,TRL  ,E ,0.001,KY0061  ,PRESTON,HWY  ,,,,,,,2,1,0,1,2.0,CLEAR,1.0,DRY,False,5.0,LOCAL STREET,2.0,COLLISION WITH BICYCLE,9.0,SINGLE VEHICLE,6.0,STRAIGHT & LEVEL,5.0,DARK-HWY LIGHTED/ON,,,False,38.1687485,-85.7065739,2014,11,15,23,38
874,149258,71530868,LOUISVILLE METRO POLICE DEPT,8014088864,AC,KY2051  ,,CAMP GROUND,RD   ,,4.614,,,,,,,,,,2,1,0,1,9.0,SNOWING,4.0,SNOW/SLUSH,False,7.0,STATE,37.0,COLLISION WITH BICYCLIST,9.0,SINGLE VEHICLE,6.0,STRAIGHT & LEVEL,3.0,DUSK,,,False,38.2076275,-85.8469912,2014,11,17,7,5
875,149807,71535017,LOUISVILLE METRO POLICE DEPT,8014090328,AC,US0060  ,,FRANKFORT,AVE  ,,1.216,,,,,PETERSON,AVE  ,,EWING,AVE  ,2,1,0,0,2.0,CLEAR,1.0,DRY,False,2.0,FEDERAL,37.0,COLLISION WITH BICYCLIST,9.0,SINGLE VEHICLE,6.0,STRAIGHT & LEVEL,2.0,DAYLIGHT,,,False,38.2540029,-85.6980064,2014,11,22,12,10
876,149915,71534388,LOUISVILLE METRO POLICE DEPT,8014090715,AC,KY1065  ,2200.0,OUTER,LOOP ,,3.82,,,,,,,,,,2,1,0,1,3.0,CLOUDY,5.0,WET,False,7.0,STATE,37.0,COLLISION WITH BICYCLIST,9.0,SINGLE VEHICLE,6.0,STRAIGHT & LEVEL,6.0,DARK-HWY NOT LIGHTED,,,False,38.1326739,-85.7261443,2014,11,24,3,0
877,150025,71535071,LOUISVILLE METRO POLICE DEPT,8014091222,AC,US0031E ,,BARDSTOWN,RD   ,,6.592,,FAIRGROUND,RD   ,,,,,,,2,1,0,0,2.0,CLEAR,1.0,DRY,False,2.0,FEDERAL,2.0,COLLISION WITH BICYCLE,9.0,SINGLE VEHICLE,6.0,STRAIGHT & LEVEL,3.0,DUSK,,,False,38.1629519,-85.5959772,2014,11,25,17,0
878,150094,71538209,LOUISVILLE METRO POLICE DEPT,8014091130,AC,,,MUHAMMAD ALI,BLVD ,W ,0.164,KY1020  ,3RD,ST   ,,,,,,,2,1,0,1,2.0,CLEAR,1.0,DRY,False,5.0,LOCAL STREET,2.0,COLLISION WITH BICYCLE,9.0,SINGLE VEHICLE,6.0,STRAIGHT & LEVEL,2.0,DAYLIGHT,,,False,38.2509064,-85.7555252,2014,11,25,13,41
879,152029,71544620,ST. MATTHEWS POLICE DEPARTMENT,0314002995,AC,,,MASSIE,AVE  ,,0.134,KY1932  ,CHENOWETH,LN   ,,,,,,,2,1,0,1,3.0,CLOUDY,1.0,DRY,False,5.0,LOCAL STREET,2.0,COLLISION WITH BICYCLE,9.0,SINGLE VEHICLE,6.0,STRAIGHT & LEVEL,2.0,DAYLIGHT,,,False,38.2562664,-85.6582034,2014,12,15,13,10
880,152138,71545399,LOUISVILLE METRO POLICE DEPT,8014096819,AC,US0150  ,,BROADWAY,,W ,2.055,,8TH,ST   ,,,,,,,2,1,0,1,2.0,CLEAR,1.0,DRY,False,2.0,FEDERAL,2.0,COLLISION WITH BICYCLE,9.0,SINGLE VEHICLE,6.0,STRAIGHT & LEVEL,2.0,DAYLIGHT,,,False,38.2466713,-85.7643026,2014,12,16,17,0
881,152875,71547678,LOUISVILLE METRO POLICE DEPT,8014098943,AC,KY1447  ,,WESTPORT,RD   ,,5.821,,,,,WESTPORT GREEN,PL   ,,ASSEMBLY,WAY  ,2,1,0,1,6.0,RAINING,5.0,WET,False,7.0,STATE,37.0,COLLISION WITH BICYCLIST,9.0,SINGLE VEHICLE,6.0,STRAIGHT & LEVEL,6.0,DARK-HWY NOT LIGHTED,,,False,38.2922153,-85.5625969,2014,12,23,17,15
882,153078,71548243,LOUISVILLE METRO POLICE DEPT,8014099340,AC,,,18TH,ST   ,S ,0.579,,PLYMOUTH,CT   ,,,,,,,2,1,0,1,3.0,CLOUDY,1.0,DRY,False,5.0,LOCAL STREET,2.0,COLLISION WITH BICYCLE,9.0,SINGLE VEHICLE,6.0,STRAIGHT & LEVEL,2.0,DAYLIGHT,,,False,38.2508783,-85.7812217,2014,12,25,0,0
883,154686,71556378,LOUISVILLE METRO POLICE DEPT,8015003402,AC,,,7TH,ST   ,S ,0.867,,,,,,,,,,2,1,0,1,2.0,CLEAR,1.0,DRY,False,5.0,LOCAL STREET,37.0,COLLISION WITH BICYCLIST,9.0,SINGLE VEHICLE,6.0,STRAIGHT & LEVEL,2.0,DAYLIGHT,,,True,38.2295879,-85.7675571,2015,1,14,17,50
884,154773,71556900,LOUISVILLE METRO POLICE DEPT,8015003647,AC,,,CENTRAL STATION,BLVD ,,0.051,KY1020  ,3RD,ST   ,,,,,,,2,1,0,0,2.0,CLEAR,1.0,DRY,False,5.0,LOCAL STREET,2.0,COLLISION WITH BICYCLE,9.0,SINGLE VEHICLE,6.0,STRAIGHT & LEVEL,2.0,DAYLIGHT,,,False,38.2035248,-85.7641338,2015,1,15,16,0
885,154800,71556925,LOUISVILLE METRO POLICE DEPT,8015003766,AC,US0031E ,,MARKET,ST   ,E ,16.635,US0031E ,BAXTER,AVE  ,,,,,,,2,1,0,0,2.0,CLEAR,1.0,DRY,False,2.0,FEDERAL,2.0,COLLISION WITH BICYCLE,9.0,SINGLE VEHICLE,6.0,STRAIGHT & LEVEL,5.0,DARK-HWY LIGHTED/ON,,,False,38.2525879,-85.7325504,2015,1,15,23,47
886,155163,71563699,INDIAN HILLS POLICE DEPARTMENT,4415000007,AC,,,RIVER,RD   ,,1.068,,INDIAN HILLS,TRL  ,,,,,,,2,1,0,1,2.0,CLEAR,1.0,DRY,False,5.0,LOCAL STREET,2.0,COLLISION WITH BICYCLE,9.0,SINGLE VEHICLE,3.0,CURVE & LEVEL,2.0,DAYLIGHT,,,False,38.2896723,-85.6825147,2015,1,19,16,55
887,155499,71560825,LOUISVILLE METRO POLICE DEPT,8015006125,AC,KY0155  ,,TAYLORSVILLE,RD   ,,16.203,,,,,CAROLINA,AVE  ,,BROADMEADE,RD   ,2,1,0,1,2.0,CLEAR,5.0,WET,False,7.0,STATE,37.0,COLLISION WITH BICYCLIST,9.0,SINGLE VEHICLE,6.0,STRAIGHT & LEVEL,5.0,DARK-HWY LIGHTED/ON,,,False,38.2236711,-85.6786299,2015,1,23,23,27
888,156973,71567441,LOUISVILLE METRO POLICE DEPT,8015010788,AC,,,JEANINE,DR   ,,0.908,,INDIAN,TRL  ,,,,,,,2,1,0,1,2.0,CLEAR,1.0,DRY,False,5.0,LOCAL STREET,2.0,COLLISION WITH BICYCLE,9.0,SINGLE VEHICLE,6.0,STRAIGHT & LEVEL,2.0,DAYLIGHT,,,False,38.1706953,-85.6886462,2015,2,10,17,50
889,157094,71567864,LOUISVILLE METRO POLICE DEPT,8015011010,AC,,,4TH,ST   ,S ,1.017,,BRECKINRIDGE,ST   ,,,,,,,2,1,0,1,2.0,CLEAR,1.0,DRY,False,5.0,LOCAL STREET,2.0,COLLISION WITH BICYCLE,9.0,SINGLE VEHICLE,6.0,STRAIGHT & LEVEL,2.0,DAYLIGHT,,,False,38.2420249,-85.7591114,2015,2,11,15,18
890,157412,71569262,LOUISVILLE METRO POLICE DEPT,8015011939,AC,,,CARLISLE,AVE  ,,0.21,,WHEELER,AVE  ,,,,,,,2,1,0,1,3.0,CLOUDY,1.0,DRY,False,5.0,LOCAL STREET,2.0,COLLISION WITH BICYCLE,9.0,SINGLE VEHICLE,6.0,STRAIGHT & LEVEL,5.0,DARK-HWY LIGHTED/ON,,,False,38.1943768,-85.7883561,2015,2,14,21,36
891,159390,71580920,LOUISVILLE METRO POLICE DEPT,8015017045,AC,KY0913  ,,BLANKENBAKER,PKWY ,,1.409,,,,,ELECTRON,DR   ,,REHL,RD   ,2,1,1,0,3.0,CLOUDY,5.0,WET,False,7.0,STATE,37.0,COLLISION WITH BICYCLIST,9.0,SINGLE VEHICLE,2.0,CURVE & HILLCREST,6.0,DARK-HWY NOT LIGHTED,,,False,38.2046614,-85.5380492,2015,3,9,23,41
892,159529,71580361,LOUISVILLE METRO POLICE DEPT,8015017544,AC,,,BROADWAY,,W ,0.813,,,,,30TH,ST   ,,31ST,ST   ,2,1,0,1,2.0,CLEAR,1.0,DRY,True,5.0,LOCAL STREET,37.0,COLLISION WITH BICYCLIST,9.0,SINGLE VEHICLE,6.0,STRAIGHT & LEVEL,5.0,DARK-HWY LIGHTED/ON,,,False,38.2497265,-85.8031414,2015,3,11,20,50
893,159982,71582429,LOUISVILLE METRO POLICE DEPT,8015018876,AC,,,HERMAN,ST   ,,0.736,,43RD,ST   ,,,,,,,2,1,0,1,2.0,CLEAR,1.0,DRY,False,5.0,LOCAL STREET,2.0,COLLISION WITH BICYCLE,9.0,SINGLE VEHICLE,6.0,STRAIGHT & LEVEL,2.0,DAYLIGHT,,,False,38.261497,-85.8205574,2015,3,16,17,49