,Unnamed: 0,master_file_number,investigating_agency,local_code,collision_status_code,roadway_number,building_number,roadway_name,roadway_suffix,roadway_direction,milepoint,intersection_roadway_number,intersection_roadway_name,intersection_roadway_suffix,between_street_number_1,between_street_name_1,between_street_suffix_1,between_street_number_2,between_street_name_2,between_street_suffix_2,units_involved,motor_vehicles_involved,killed,injured,weather_code,weather,roadway_condition_code,roadway_condition,hit_and_run,roadway_type_code,roadway_type,directional_analysis_code,directional_analysis,manner_of_collision_code,manner_of_collision,roadway_character_code,roadway_character,light_condition_code,light_condition,ramp_from_roadway_id,ramp_to_roadway_id,secondary_collision,latitude,longitude,year,month,day,hour,minute
894,160454,71584639,LOUISVILLE METRO POLICE DEPT,8015020540,AC,US0060A ,,TAYLOR,BLVD ,,1.792,,OLEANDA,AVE  ,,,,,,,2,1,0,1,2.0,CLEAR,1.0,DRY,False,2.0,FEDERAL,2.0,COLLISION WITH BICYCLE,9.0,SINGLE VEHICLE,6.0,STRAIGHT & LEVEL,2.0,DAYLIGHT,,,False,38.2005897,-85.7825645,2015,3,22,15,4
895,160462,71585094,LOUISVILLE METRO POLICE DEPT,8015020576,AC,,9800.0,LOWER RIVER,RD   ,,0.27,,,,,,,,,,2,1,0,1,2.0,CLEAR,1.0,DRY,False,5.0,LOCAL STREET,37.0,COLLISION WITH BICYCLIST,9.0,SINGLE VEHICLE,6.0,STRAIGHT & LEVEL,2.0,DAYLIGHT,,,False,38.1125401,-85.8928262,2015,3,22,17,7
896,160571,1910062,LOUISVILLE METRO POLICE DEPT,8015021000,AC,,,VERMONT,,,,,0033,ST   ,,,,,,,2,1,0,0,2.0,CLEAR,1.0,DRY,False,5.0,LOCAL STREET,2.0,COLLISION WITH BICYCLE,1.0,ANGLE,6.0,STRAIGHT & LEVEL,5.0,DARK-HWY LIGHTED/ON,,,False,38.201666667,-85.536666667,2015,3,24,4,22
897,160836,1890207,LOUISVILLE METRO POLICE DEPT,8015022868,AC,,,BROADWAY,,,,,RUBEL,,,,,,,,2,1,0,0,2.0,CLEAR,1.0,DRY,False,5.0,LOCAL STREET,2.0,COLLISION WITH BICYCLE,3.0,HEAD ON,6.0,STRAIGHT & LEVEL,2.0,DAYLIGHT,,,False,38.201666667,-85.536666667,2015,3,30,17,45
898,160914,71587898,LOUISVILLE METRO POLICE DEPT,8015022899,AC,,,BROADWAY,,W ,1.18,,35TH,ST   ,,,,,,,2,1,0,1,2.0,CLEAR,1.0,DRY,False,5.0,LOCAL STREET,2.0,COLLISION WITH BICYCLE,9.0,SINGLE VEHICLE,6.0,STRAIGHT & LEVEL,2.0,DAYLIGHT,,,False,38.2499238,-85.8098817,2015,3,30,10,0
899,160915,71587899,LOUISVILLE METRO POLICE DEPT,8015022906,AC,KY1747  ,,FERN VALLEY,RD   ,,2.383,,JEANINE,DR   ,,,,,,,3,2,0,2,2.0,CLEAR,1.0,DRY,False,7.0,STATE,2.0,COLLISION WITH BICYCLE,1.0,ANGLE,6.0,STRAIGHT & LEVEL,2.0,DAYLIGHT,,,False,38.1578699,-85.6885569,2015,3,30,20,0
900,161149,1937042,LOUISVILLE METRO POLICE DEPT,8015023792,AC,,,MUHAMMAD ALI,BLVD ,,,,PRESTON,,,,,,,,2,1,0,1,2.0,CLEAR,5.0,WET,True,5.0,LOCAL STREET,2.0,COLLISION WITH BICYCLE,1.0,ANGLE,6.0,STRAIGHT & LEVEL,2.0,DAYLIGHT,,,False,38.201666667,-85.536666667,2015,4,2,16,55
901,161351,71590136,LOUISVILLE METRO POLICE DEPT,8015023957,AC,,,EASTERN,PKWY ,,0.182,,,,,,,,,,2,1,0,1,6.0,RAINING,5.0,WET,False,5.0,LOCAL STREET,37.0,COLLISION WITH BICYCLIST,9.0,SINGLE VEHICLE,6.0,STRAIGHT & LEVEL,2.0,DAYLIGHT,,,False,38.2344876,-85.7051825,2015,4,3,8,53
902,161483,71590261,LOUISVILLE METRO POLICE DEPT,8015024555,AC,,,BROADWAY,,W ,1.28,,SUTCLIFFE,AVE  ,,,,,,,2,1,0,1,2.0,CLEAR,1.0,DRY,False,5.0,LOCAL STREET,2.0,COLLISION WITH BICYCLE,9.0,SINGLE VEHICLE,6.0,STRAIGHT & LEVEL,2.0,DAYLIGHT,,,False,38.2499855,-85.811703,2015,4,5,17,36
903,161498,71590257,LOUISVILLE METRO POLICE DEPT,8015024531,AC,,,LINDELL,AVE  ,,0.064,,,,,BROADWAY,,,DEL PARK,TER  ,2,1,0,1,2.0,CLEAR,1.0,DRY,False,5.0,LOCAL STREET,37.0,COLLISION WITH BICYCLIST,9.0,SINGLE VEHICLE,6.0,STRAIGHT & LEVEL,2.0,DAYLIGHT,,,False,38.2509546,-85.8121732,2015,4,5,15,43
904,161598,71591090,LOUISVILLE METRO POLICE DEPT,8015025107,AC,,,4TH,ST   ,S ,3.586,,CENTRAL,AVE  ,,,,,,,2,1,0,0,6.0,RAINING,5.0,WET,False,5.0,LOCAL STREET,2.0,COLLISION WITH BICYCLE,9.0,SINGLE VEHICLE,6.0,STRAIGHT & LEVEL,2.0,DAYLIGHT,,,False,38.2051647,-85.765586,2015,4,7,18,20
905,161601,71591093,LOUISVILLE METRO POLICE DEPT,8015025146,AC,KY0907  ,,3RD,ST   ,,3.399,,,,,LAKERIDGE,DR   ,,WINDSOR PARK,DR   ,2,1,0,1,6.0,RAINING,5.0,WET,True,7.0,STATE,37.0,COLLISION WITH BICYCLIST,9.0,SINGLE VEHICLE,6.0,STRAIGHT & LEVEL,3.0,DUSK,,,False,38.1165329,-85.8116627,2015,4,7,20,8
906,161740,1939762,LOUISVILLE METRO POLICE DEPT,8015025703,AC,,,FRANFORT AVE,,,,,KENNEDY AVE,,,,,,,,2,1,0,2,2.0,CLEAR,1.0,DRY,False,5.0,LOCAL STREET,2.0,COLLISION WITH BICYCLE,1.0,ANGLE,6.0,STRAIGHT & LEVEL,2.0,DAYLIGHT,,,False,38.201666667,-85.536666667,2015,4,9,18,45
907,162472,71596941,LOUISVILLE METRO POLICE DEPT,8015027905,AC,US0031E ,,MAIN,ST   ,E ,17.498,,,,,,,,,,2,1,0,1,2.0,CLEAR,1.0,DRY,False,2.0,FEDERAL,37.0,COLLISION WITH BICYCLIST,9.0,SINGLE VEHICLE,6.0,STRAIGHT & LEVEL,2.0,DAYLIGHT,,,False,38.2555165,-85.7465013,2015,4,17,12,35
908,162750,71596958,LOUISVILLE METRO POLICE DEPT,8015028962,AC,,,PAYNE,ST   ,,0.814,,,,,SPRING,ST   ,,CHARLTON,ST   ,2,1,0,1,2.0,CLEAR,1.0,DRY,False,5.0,LOCAL STREET,37.0,COLLISION WITH BICYCLIST,9.0,SINGLE VEHICLE,4.0,STRAIGHT & GRADE,5.0,DARK-HWY LIGHTED/ON,,,False,38.2519378,-85.7181856,2015,4,20,21,57
909,162844,71598411,SHIVELY POLICE DEPARTMENT,0415000787,AC,,,CARDINAL,CT   ,,0.064,,,,,VENHOFF,AVE  ,,STEWART,LN   ,2,1,0,0,3.0,CLOUDY,1.0,DRY,False,5.0,LOCAL STREET,37.0,COLLISION WITH BICYCLIST,9.0,SINGLE VEHICLE,6.0,STRAIGHT & LEVEL,2.0,DAYLIGHT,,,False,38.1769685,-85.8174463,2015,4,21,17,0
910,163485,71599920,LOUISVILLE METRO POLICE DEPT,8015031231,AC,,,PEE WEE REESE,RD   ,,1.537,,ROCK CREEK,DR   ,,,,,,,2,1,0,1,2.0,CLEAR,1.0,DRY,False,5.0,LOCAL STREET,2.0,COLLISION WITH BICYCLE,9.0,SINGLE VEHICLE,3.0,CURVE & LEVEL,2.0,DAYLIGHT,,,False,38.2416729,-85.6735969,2015,4,28,18,18
911,163822,71601798,LOUISVILLE METRO POLICE DEPT,8015032387,AC,,,RODMAN,ST   ,,0.463,,CREEL,AVE  ,,,,,,,2,1,0,1,2.0,CLEAR,1.0,DRY,False,3.0,FRONTAGE ROAD,2.0,COLLISION WITH BICYCLE,9.0,SINGLE VEHICLE,6.0,STRAIGHT & LEVEL,2.0,DAYLIGHT,,,False,38.2129377,-85.7692768,2015,5,2,16,13
912,163936,71601862,LOUISVILLE METRO POLICE DEPT,8015032782,AC,KY1727  ,,TERRY,RD   ,,1.579,KY1931  ,GREENWOOD,RD   ,,,,,,,2,1,0,1,2.0,CLEAR,1.0,DRY,True,7.0,STATE,2.0,COLLISION WITH BICYCLE,9.0,SINGLE VEHICLE,6.0,STRAIGHT & LEVEL,2.0,DAYLIGHT,,,False,38.1445276,-85.8719611,2015,5,3,18,30
913,164051,71602815,LOUISVILLE METRO POLICE DEPT,8015033188,AC,US0031E ,,MARKET,ST   ,W ,17.789,US0031W ,2ND,ST   ,,,,,,,2,1,0,1,2.0,CLEAR,1.0,DRY,False,2.0,FEDERAL,2.0,COLLISION WITH BICYCLE,9.0,SINGLE VEHICLE,6.0,STRAIGHT & LEVEL,2.0,DAYLIGHT,,,False,38.254873,-85.7535428,2015,5,5,8,28
914,164323,71603870,LOUISVILLE METRO POLICE DEPT,8015034108,AC,,,MICHAEL EDWARD,DR   ,,0.174,,SPRUCEWOOD,DR   ,,,,,,,2,1,0,0,2.0,CLEAR,1.0,DRY,False,1.0,COUNTY ROAD,2.0,COLLISION WITH BICYCLE,9.0,SINGLE VEHICLE,6.0,STRAIGHT & LEVEL,2.0,DAYLIGHT,,,False,38.1712006,-85.575873,2015,5,7,20,13
915,164496,1910088,LOUISVILLE METRO POLICE DEPT,8015034690,AC,,,PORTLAND AVE,,,,,0032,ST   ,,,,,,,2,1,0,0,2.0,CLEAR,1.0,DRY,False,5.0,LOCAL STREET,2.0,COLLISION WITH BICYCLE,1.0,ANGLE,6.0,STRAIGHT & LEVEL,2.0,DAYLIGHT,,,False,38.201666667,-85.536666667,2015,5,9,16,50
916,164639,71605931,SHIVELY POLICE DEPARTMENT,0415000949,AC,US0031W ,,DIXIE,HWY  ,,15.109,,GARRS,LN   ,,,,,,,2,1,0,1,2.0,CLEAR,1.0,DRY,False,2.0,FEDERAL,2.0,COLLISION WITH BICYCLE,9.0,SINGLE VEHICLE,6.0,STRAIGHT & LEVEL,2.0,DAYLIGHT,,,False,38.1893692,-85.8100026,2015,5,10,11,43
917,164829,71606059,LOUISVILLE METRO POLICE DEPT,8015035638,AC,,,TAZWELL,DR   ,,0.633,,PACELLI,PL   ,,,,,,,2,1,0,1,2.0,CLEAR,1.0,DRY,False,5.0,LOCAL STREET,2.0,COLLISION WITH BICYCLE,9.0,SINGLE VEHICLE,6.0,STRAIGHT & LEVEL,2.0,DAYLIGHT,,,False,38.3077486,-85.5311038,2015,5,12,19,33
918,165086,71607821,LOUISVILLE METRO POLICE DEPT,8015035487,AC,,,26TH,ST   ,S ,1.373,,GRAND,AVE  ,,,,,,,2,1,0,1,2.0,CLEAR,1.0,DRY,False,5.0,LOCAL STREET,2.0,COLLISION WITH BICYCLE,9.0,SINGLE VEHICLE,6.0,STRAIGHT & LEVEL,2.0,DAYLIGHT,,,False,38.2409203,-85.7958738,2015,5,15,14,13
919,165838,71611150,LOUISVILLE METRO POLICE DEPT,8015039031,AC,,,35TH,ST   ,S ,0.65,,,,,BROADWAY,,,DOERHOEFER,AVE  ,2,1,0,1,2.0,CLEAR,1.0,DRY,False,5.0,LOCAL STREET,37.0,COLLISION WITH BICYCLIST,9.0,SINGLE VEHICLE,6.0,STRAIGHT & LEVEL,2.0,DAYLIGHT,,,False,38.2489869,-85.8099146,2015,5,23,16,10
920,166442,71615313,LOUISVILLE METRO POLICE DEPT,8015042085,AC,KY1020  ,,NATIONAL,TPKE ,,4.279,,TOLLS,LN   ,,,,,,,2,1,0,1,3.0,CLOUDY,1.0,DRY,False,7.0,STATE,2.0,COLLISION WITH BICYCLE,9.0,SINGLE VEHICLE,6.0,STRAIGHT & LEVEL,2.0,DAYLIGHT,,,False,38.1356199,-85.7523184,2015,6,3,11,32
921,166823,71616657,LOUISVILLE METRO POLICE DEPT,8015043114,AC,,,BEECHER,ST   ,,0.205,,PEACHTREE,AVE  ,,,,,,,2,1,0,1,2.0,CLEAR,1.0,DRY,False,5.0,LOCAL STREET,2.0,COLLISION WITH BICYCLE,9.0,SINGLE VEHICLE,6.0,STRAIGHT & LEVEL,2.0,DAYLIGHT,,,False,38.1916846,-85.779501,2015,6,6,15,40
922,166867,71616698,LOUISVILLE METRO POLICE DEPT,8015043330,AC,KY0061  ,,PRESTON,HWY  ,,2.982,,HIGH SCHOOL,DR   ,,,,,,,2,1,0,1,2.0,CLEAR,1.0,DRY,False,7.0,STATE,2.0,COLLISION WITH BICYCLE,9.0,SINGLE VEHICLE,6.0,STRAIGHT & LEVEL,2.0,DAYLIGHT,,,False,38.125313,-85.6796295,2015,6,7,12,50
923,167102,71617747,LOUISVILLE METRO POLICE DEPT,8015044133,AC,,,PAYNE,ST   ,,0.214,,COOPER,ST   ,,,,,,,2,1,0,1,2.0,CLEAR,1.0,DRY,False,5.0,LOCAL STREET,2.0,COLLISION WITH BICYCLE,9.0,SINGLE VEHICLE,6.0,STRAIGHT & LEVEL,5.0,DARK-HWY LIGHTED/ON,,,False,38.2471157,-85.7273549,2015,6,10,0,0
924,167136,71618129,LOUISVILLE METRO POLICE DEPT,8015044325,AC,,,16TH,ST   ,S ,1.917,KY2054  ,ALGONQUIN,PKWY ,,,,,,,2,1,0,1,2.0,CLEAR,1.0,DRY,False,5.0,LOCAL STREET,2.0,COLLISION WITH BICYCLE,9.0,SINGLE VEHICLE,3.0,CURVE & LEVEL,2.0,DAYLIGHT,,,False,38.2221745,-85.7827977,2015,6,10,15,56
925,167509,71619668,LOUISVILLE METRO POLICE DEPT,8015045578,AC,,,RIVER,RD   ,,0.832,,,,,,,,,,2,1,0,0,2.0,CLEAR,1.0,DRY,False,5.0,LOCAL STREET,37.0,COLLISION WITH BICYCLIST,9.0,SINGLE VEHICLE,3.0,CURVE & LEVEL,2.0,DAYLIGHT,,,False,38.262813,-85.7325299,2015,6,13,9,32
926,167550,71619666,LOUISVILLE METRO POLICE DEPT,8015045560,AC,,3231.0,VIRGINIA,AVE  ,,0.667,,,,,,,,,,3,2,0,1,2.0,CLEAR,1.0,DRY,False,5.0,LOCAL STREET,37.0,COLLISION WITH BICYCLIST,1.0,ANGLE,6.0,STRAIGHT & LEVEL,2.0,DAYLIGHT,,,False,38.2388235,-85.8084104,2015,6,14,16,27
927,167642,71620178,LOUISVILLE METRO POLICE DEPT,8015045897,AC,,,MARKET,ST   ,W ,0.506,,,,,,,,,,2,1,0,1,2.0,CLEAR,1.0,DRY,True,5.0,LOCAL STREET,37.0,COLLISION WITH BICYCLIST,9.0,SINGLE VEHICLE,6.0,STRAIGHT & LEVEL,2.0,DAYLIGHT,,,False,38.2597385,-85.7956562,2015,6,15,18,10
928,168335,71623798,LOUISVILLE METRO POLICE DEPT,8015048329,AC,KY1065  ,3521.0,OUTER,LOOP ,,5.562,,,,,,,,,,2,1,0,1,2.0,CLEAR,1.0,DRY,False,7.0,STATE,37.0,COLLISION WITH BICYCLIST,9.0,SINGLE VEHICLE,6.0,STRAIGHT & LEVEL,4.0,DARK-HWY LIGHTED/OFF,,,False,38.1362348,-85.6953923,2015,6,23,23,42
929,168533,71625361,LOUISVILLE METRO POLICE DEPT,8015049145,AC,,,OLD TOWNE,RD   ,,0.0,KY1020  ,NATIONAL,TPKE ,,,,,,,2,1,0,1,2.0,CLEAR,1.0,DRY,False,5.0,LOCAL STREET,2.0,COLLISION WITH BICYCLE,9.0,SINGLE VEHICLE,6.0,STRAIGHT & LEVEL,2.0,DAYLIGHT,,,False,38.1483668,-85.7602492,2015,6,25,16,36
930,168586,71625377,LOUISVILLE METRO POLICE DEPT,8015049183,AC,,,SHELBY,ST   ,S ,0.534,KY0864  ,GRAY,ST   ,,,,,,,2,1,0,1,6.0,RAINING,5.0,WET,False,5.0,LOCAL STREET,2.0,COLLISION WITH BICYCLE,9.0,SINGLE VEHICLE,6.0,STRAIGHT & LEVEL,2.0,DAYLIGHT,,,False,38.2458395,-85.7393114,2015,6,26,17,44
931,169126,71627998,LOUISVILLE METRO POLICE DEPT,8015051444,AC,,4450.0,3RD,ST   ,S ,0.748,,,,,,,,,,2,1,0,0,2.0,CLEAR,1.0,DRY,False,5.0,LOCAL STREET,37.0,COLLISION WITH BICYCLIST,9.0,SINGLE VEHICLE,6.0,STRAIGHT & LEVEL,5.0,DARK-HWY LIGHTED/ON,,,False,38.189757,-85.7648575,2015,7,4,21,51
932,169233,71629036,LOUISVILLE METRO POLICE DEPT,8015052059,AC,,,5TH,ST   ,S ,3.073,US0150  ,BROADWAY,,,,,,,,2,1,0,1,2.0,CLEAR,1.0,DRY,False,5.0,LOCAL STREET,2.0,COLLISION WITH BICYCLE,9.0,SINGLE VEHICLE,6.0,STRAIGHT & LEVEL,5.0,DARK-HWY LIGHTED/ON,,,False,38.2461655,-85.7600269,2015,7,6,23,39
933,169449,71629537,LOUISVILLE METRO POLICE DEPT,8015052407,AC,,7010.0,GREEN MANOR,DR   ,,0.044,,,,,,,,,,2,1,0,1,2.0,CLEAR,5.0,WET,True,5.0,LOCAL STREET,37.0,COLLISION WITH BICYCLIST,9.0,SINGLE VEHICLE,6.0,STRAIGHT & LEVEL,5.0,DARK-HWY LIGHTED/ON,,,False,38.1469035,-85.6288442,2015,7,8,1,25
934,169631,71630998,LOUISVILLE METRO POLICE DEPT,8015053200,AC,,,TAYLOR,AVE  ,,0.533,,,,,REDWOOD,DR   ,,LEE,AVE  ,2,1,0,1,2.0,CLEAR,1.0,DRY,False,5.0,LOCAL STREET,37.0,COLLISION WITH BICYCLIST,9.0,SINGLE VEHICLE,6.0,STRAIGHT & LEVEL,2.0,DAYLIGHT,,,False,38.1983859,-85.7095098,2015,7,10,15,40
935,169819,71631120,LOUISVILLE METRO POLICE DEPT,8015053786,AC,,,ROWAN,ST   ,,1.389,,26TH,ST   ,,,,,,,2,1,0,1,2.0,CLEAR,1.0,DRY,False,99.0,NONE OF THE ABOVE,2.0,COLLISION WITH BICYCLE,9.0,SINGLE VEHICLE,6.0,STRAIGHT & LEVEL,2.0,DAYLIGHT,,,False,38.2621786,-85.7937497,2015,7,12,17,31
936,169915,71632076,LOUISVILLE METRO POLICE DEPT,8015054077,AC,KY0061  ,,JACKSON,ST   ,S ,12.731,,,,,BALLARD,CT   ,,LIBERTY,ST   ,2,1,0,0,3.0,CLOUDY,5.0,WET,False,7.0,STATE,37.0,COLLISION WITH BICYCLIST,9.0,SINGLE VEHICLE,6.0,STRAIGHT & LEVEL,2.0,DAYLIGHT,,,False,38.2514809,-85.7445084,2015,7,13,15,47
937,170129,71636682,LOUISVILLE METRO POLICE DEPT,8015054635,AC,,900.0,28TH,ST   ,S ,1.17,,,,,,,,,,2,1,0,1,2.0,CLEAR,1.0,DRY,False,5.0,LOCAL STREET,37.0,COLLISION WITH BICYCLIST,9.0,SINGLE VEHICLE,6.0,STRAIGHT & LEVEL,2.0,DAYLIGHT,,,False,38.2442408,-85.7992253,2015,7,15,15,40
938,170220,71633089,LOUISVILLE METRO POLICE DEPT,8015055109,AC,,,DUTCHMANS,LN   ,,0.141,,,,KY2048  ,CANNONS,LN   ,KY2048,DUTCHMANS,LN   ,2,1,0,1,2.0,CLEAR,1.0,DRY,False,5.0,LOCAL STREET,37.0,COLLISION WITH BICYCLIST,9.0,SINGLE VEHICLE,6.0,STRAIGHT & LEVEL,5.0,DARK-HWY LIGHTED/ON,,,False,38.2270621,-85.6483161,2015,7,17,0,35
939,170633,71635395,LOUISVILLE METRO POLICE DEPT,8015056587,AC,KY0061  ,,PRESTON,HWY  ,,1.609,,,,,,,,,,4,2,0,2,2.0,CLEAR,1.0,DRY,True,7.0,STATE,37.0,COLLISION WITH BICYCLIST,5.0,REAR END,6.0,STRAIGHT & LEVEL,5.0,DARK-HWY LIGHTED/ON,,,False,38.1061775,-85.6736115,2015,7,22,23,52
940,170800,71636702,LOUISVILLE METRO POLICE DEPT,8015057005,AC,,,OXMOOR,LN   ,,0.29,,,,,BULLITT,LN   ,,OXMOOR,AVE  ,2,1,0,1,2.0,CLEAR,1.0,DRY,False,1.0,COUNTY ROAD,37.0,COLLISION WITH BICYCLIST,9.0,SINGLE VEHICLE,3.0,CURVE & LEVEL,2.0,DAYLIGHT,,,False,38.2452431,-85.6129162,2015,7,23,10,26
941,171109,71637886,LOUISVILLE METRO POLICE DEPT,8015058199,AC,,,GRAND,AVE  ,,0.458,,,,,23RD,ST   ,,25TH,ST   ,2,1,0,1,2.0,CLEAR,1.0,DRY,False,5.0,LOCAL STREET,37.0,COLLISION WITH BICYCLIST,9.0,SINGLE VEHICLE,6.0,STRAIGHT & LEVEL,2.0,DAYLIGHT,,,False,38.24065,-85.7941,2015,7,27,12,38
942,171251,71638379,LOUISVILLE METRO POLICE DEPT,8015058919,AC,US0031W ,8019.0,DIXIE,HWY  ,,11.114,,,,,,,,,,2,1,0,1,2.0,CLEAR,1.0,DRY,False,2.0,FEDERAL,37.0,COLLISION WITH BICYCLIST,9.0,SINGLE VEHICLE,6.0,STRAIGHT & LEVEL,2.0,DAYLIGHT,,,False,38.1370285,-85.8435345,2015,7,29,16,21
943,171742,71640843,LOUISVILLE METRO POLICE DEPT,8015060752,AC,,,WENZEL,ST   ,N ,0.0,US0031E ,MAIN,ST   ,,,,,,,2,1,0,1,2.0,CLEAR,1.0,DRY,False,5.0,LOCAL STREET,2.0,COLLISION WITH BICYCLE,9.0,SINGLE VEHICLE,6.0,STRAIGHT & LEVEL,2.0,DAYLIGHT,,,False,38.2541384,-85.7337545,2015,8,4,13,30
944,171904,71641458,LOUISVILLE METRO POLICE DEPT,8015061266,AC,US0060A ,,TAYLOR,BLVD ,,1.619,,LONGFIELD,AVE  ,,,,,,,2,1,0,1,2.0,CLEAR,1.0,DRY,False,2.0,FEDERAL,2.0,COLLISION WITH BICYCLE,9.0,SINGLE VEHICLE,6.0,STRAIGHT & LEVEL,3.0,DUSK,,,False,38.1985704,-85.7827587,2015,8,5,22,10
945,172241,71643125,LOUISVILLE METRO POLICE DEPT,8015062082,AC,US0031W ,,DIXIE,HWY  ,,7.981,,DIXIE GARDEN,DR   ,,,,,,,2,1,0,1,2.0,CLEAR,1.0,DRY,False,99.0,NONE OF THE ABOVE,2.0,COLLISION WITH BICYCLE,9.0,SINGLE VEHICLE,6.0,STRAIGHT & LEVEL,2.0,DAYLIGHT,,,False,38.099096,-85.8719319,2015,8,8,14,38
946,172733,71646089,LOUISVILLE METRO POLICE DEPT,8015063795,AC,KY1020  ,,3RD,ST   ,S ,12.1,US0150  ,BROADWAY,,,,,,,,2,1,0,0,2.0,CLEAR,1.0,DRY,False,7.0,STATE,2.0,COLLISION WITH BICYCLE,9.0,SINGLE VEHICLE,6.0,STRAIGHT & LEVEL,5.0,DARK-HWY LIGHTED/ON,,,False,38.245958,-85.7567122,2015,8,14,0,22
947,172747,71645968,SHIVELY POLICE DEPARTMENT,0415001749,AC,US0060A ,,7TH,ST   ,,0.348,,,,,NOBEL,PL   ,,LEROY,AVE  ,3,1,0,3,2.0,CLEAR,1.0,DRY,False,2.0,FEDERAL,37.0,COLLISION WITH BICYCLIST,9.0,SINGLE VEHICLE,6.0,STRAIGHT & LEVEL,5.0,DARK-HWY LIGHTED/ON,,,False,38.1951764,-85.8027393,2015,8,14,22,20
948,172873,71646186,LOUISVILLE METRO POLICE DEPT,8015064150,AC,,,26TH,ST   ,S ,0.781,,BROADWAY,,,,,,,,2,1,0,0,2.0,CLEAR,1.0,DRY,False,5.0,LOCAL STREET,2.0,COLLISION WITH BICYCLE,9.0,SINGLE VEHICLE,4.0,STRAIGHT & GRADE,3.0,DUSK,,,False,38.2494709,-85.7949173,2015,8,15,0,29
949,173506,71649506,LOUISVILLE METRO POLICE DEPT,8015066301,AC,,,26TH,ST   ,S ,1.246,,KENTUCKY,ST   ,,,,,,,2,1,0,1,2.0,CLEAR,1.0,DRY,False,5.0,LOCAL STREET,2.0,COLLISION WITH BICYCLE,9.0,SINGLE VEHICLE,6.0,STRAIGHT & LEVEL,5.0,DARK-HWY LIGHTED/ON,,,False,38.2427472,-85.7956583,2015,8,21,23,19
950,173659,71649580,LOUISVILLE METRO POLICE DEPT,8015066733,AC,,,ACME,WAY  ,,0.339,,BAY PINE,DR   ,,,,,,,2,1,0,1,2.0,CLEAR,1.0,DRY,False,5.0,LOCAL STREET,2.0,COLLISION WITH BICYCLE,9.0,SINGLE VEHICLE,5.0,STRAIGHT & HILLCREST,2.0,DAYLIGHT,,,False,38.1300301,-85.6479148,2015,8,23,16,0
951,173701,71650108,SHIVELY POLICE DEPARTMENT,0415001802,AC,,,AMBOY,DR   ,,0.112,,,,,PEASLEE,RD   ,,MILDRED,DR   ,2,1,0,1,2.0,CLEAR,1.0,DRY,False,5.0,LOCAL STREET,37.0,COLLISION WITH BICYCLIST,9.0,SINGLE VEHICLE,6.0,STRAIGHT & LEVEL,2.0,DAYLIGHT,,,False,38.2030592,-85.817984,2015,8,24,18,40
952,173952,71651080,LOUISVILLE METRO POLICE DEPT,8015067572,AC,KY2054  ,,ALGONQUIN,PKWY ,,2.387,,,,,13TH,ST   ,,13TH,ST   ,2,1,0,0,2.0,CLEAR,1.0,DRY,True,7.0,STATE,37.0,COLLISION WITH BICYCLIST,9.0,SINGLE VEHICLE,3.0,CURVE & LEVEL,2.0,DAYLIGHT,,,False,38.2212122,-85.7791369,2015,8,26,8,52
953,174155,71652406,LOUISVILLE METRO POLICE DEPT,8015068375,AC,,,TAYLOR,AVE  ,,0.66,,,,,,,,,,2,1,0,1,2.0,CLEAR,1.0,DRY,False,5.0,LOCAL STREET,37.0,COLLISION WITH BICYCLIST,9.0,SINGLE VEHICLE,6.0,STRAIGHT & LEVEL,2.0,DAYLIGHT,,,False,38.199528,-85.7076277,2015,8,28,16,0
954,174213,71652452,LOUISVILLE METRO POLICE DEPT,8015068579,AC,,,ZORN,AVE  ,,1.444,,MELLWOOD,AVE  ,,,,,,,2,1,0,1,2.0,CLEAR,1.0,DRY,False,5.0,LOCAL STREET,2.0,COLLISION WITH BICYCLE,9.0,SINGLE VEHICLE,6.0,STRAIGHT & LEVEL,2.0,DAYLIGHT,,,False,38.2736925,-85.6961768,2015,8,29,10,3
955,174246,71652456,LOUISVILLE METRO POLICE DEPT,8015068597,AC,US0042  ,,MELLWOOD,AVE  ,,0.806,US0060  ,FRANKFORT,AVE  ,,,,,,,2,1,0,0,2.0,CLEAR,1.0,DRY,False,2.0,FEDERAL,2.0,COLLISION WITH BICYCLE,9.0,SINGLE VEHICLE,6.0,STRAIGHT & LEVEL,2.0,DAYLIGHT,,,False,38.2577341,-85.7194825,2015,8,29,14,36
956,174322,71652549,LOUISVILLE METRO POLICE DEPT,8015069019,AC,US0031W ,10300.0,DIXIE,HWY  ,,8.555,,,,,,,,,,2,1,0,1,2.0,CLEAR,1.0,DRY,False,2.0,FEDERAL,37.0,COLLISION WITH BICYCLIST,9.0,SINGLE VEHICLE,6.0,STRAIGHT & LEVEL,5.0,DARK-HWY LIGHTED/ON,,,False,38.1066243,-85.8673829,2015,8,30,22,10
957,174534,71655735,LOUISVILLE METRO POLICE DEPT,8015069616,AC,,,16TH,ST   ,S ,0.198,,JEFFERSON,ST   ,,,,,,,2,1,0,0,2.0,CLEAR,1.0,DRY,False,5.0,LOCAL STREET,2.0,COLLISION WITH BICYCLE,9.0,SINGLE VEHICLE,6.0,STRAIGHT & LEVEL,3.0,DUSK,,,False,38.255962,-85.7768824,2015,9,1,19,23