,Unnamed: 0,master_file_number,investigating_agency,local_code,collision_status_code,roadway_number,building_number,roadway_name,roadway_suffix,roadway_direction,milepoint,intersection_roadway_number,intersection_roadway_name,intersection_roadway_suffix,between_street_number_1,between_street_name_1,between_street_suffix_1,between_street_number_2,between_street_name_2,between_street_suffix_2,units_involved,motor_vehicles_involved,killed,injured,weather_code,weather,roadway_condition_code,roadway_condition,hit_and_run,roadway_type_code,roadway_type,directional_analysis_code,directional_analysis,manner_of_collision_code,manner_of_collision,roadway_character_code,roadway_character,light_condition_code,light_condition,ramp_from_roadway_id,ramp_to_roadway_id,secondary_collision,latitude,longitude,year,month,day,hour,minute
958,174562,71653825,JEFFERSONTOWN POLICE DEPT,A0951773  ,AC,,,BILLTOWN,RD   ,,0.15,,WATTERSON,TRL  ,,,,,,,2,1,0,1,2.0,CLEAR,1.0,DRY,False,5.0,LOCAL STREET,2.0,COLLISION WITH BICYCLE,9.0,SINGLE VEHICLE,5.0,STRAIGHT & HILLCREST,1.0,DAWN,,,False,38.1923427,-85.5684709,2015,9,2,6,56
959,174716,71654467,LOUISVILLE METRO POLICE DEPT,8015070327,AC,,,JACOB,ST   ,W ,0.0,KY1020  ,2ND,ST   ,,,,,,,2,1,0,0,2.0,CLEAR,1.0,DRY,False,5.0,LOCAL STREET,2.0,COLLISION WITH BICYCLE,9.0,SINGLE VEHICLE,6.0,STRAIGHT & LEVEL,5.0,DARK-HWY LIGHTED/ON,,,False,38.2445619,-85.7552695,2015,9,3,20,34
960,174932,71655899,LOUISVILLE METRO POLICE DEPT,8015071087,AC,,,BLANTON,LN   ,,0.004,,,,,,,,,,2,1,0,0,2.0,CLEAR,1.0,DRY,False,1.0,COUNTY ROAD,37.0,COLLISION WITH BICYCLIST,9.0,SINGLE VEHICLE,6.0,STRAIGHT & LEVEL,2.0,DAYLIGHT,,,False,38.1573591,-85.8339306,2015,9,6,16,20
961,174954,71655945,LOUISVILLE METRO POLICE DEPT,8015071163,AC,US0031W ,12305.0,DIXIE,HWY  ,,6.737,,,,,,,,,,2,1,0,1,3.0,CLOUDY,5.0,WET,True,2.0,FEDERAL,37.0,COLLISION WITH BICYCLIST,9.0,SINGLE VEHICLE,6.0,STRAIGHT & LEVEL,3.0,DUSK,,,False,38.0826844,-85.8813748,2015,9,6,20,50
962,174989,71655974,LOUISVILLE METRO POLICE DEPT,8015071386,AC,,,TORRINGTON,RD   ,,0.083,,,,,,,,,,2,1,0,1,2.0,CLEAR,1.0,DRY,False,1.0,COUNTY ROAD,37.0,COLLISION WITH BICYCLIST,9.0,SINGLE VEHICLE,6.0,STRAIGHT & LEVEL,2.0,DAYLIGHT,,,False,38.0924502,-85.8670519,2015,9,7,0,0
963,174994,71655987,LOUISVILLE METRO POLICE DEPT,8015424071,AC,,,RENAISSANCE VALLEY,WAY  ,,0.299,,,,,,,,,,2,1,0,1,2.0,CLEAR,1.0,DRY,False,1.0,COUNTY ROAD,37.0,COLLISION WITH BICYCLIST,9.0,SINGLE VEHICLE,6.0,STRAIGHT & LEVEL,5.0,DARK-HWY LIGHTED/ON,,,False,38.1056884,-85.8613835,2015,9,7,20,45
964,175116,71656746,JEFFERSONTOWN POLICE DEPT,A0952097  ,AC,KY1819  ,,RUCKRIEGEL,PKWY ,,9.306,,PAVILION,WAY  ,,,,,,,2,1,0,1,6.0,RAINING,5.0,WET,False,7.0,STATE,2.0,COLLISION WITH BICYCLE,9.0,SINGLE VEHICLE,1.0,CURVE & GRADE,5.0,DARK-HWY LIGHTED/ON,,,False,38.1897399,-85.5625791,2015,9,9,7,1
965,175173,71657071,LOUISVILLE METRO POLICE DEPT,8015072017,AC,US0150  ,,DR W J HODGE,ST   ,,0.765,,,,US0031W ,MAIN,ST   ,,PIRTLE,ST   ,2,1,0,1,3.0,CLOUDY,1.0,DRY,False,2.0,FEDERAL,37.0,COLLISION WITH BICYCLIST,9.0,SINGLE VEHICLE,6.0,STRAIGHT & LEVEL,2.0,DAYLIGHT,,,False,38.2596786,-85.7846688,2015,9,9,16,15
966,175462,71664205,LOUISVILLE METRO POLICE DEPT,8015072497,AC,,,PEE WEE REESE,RD   ,,2.138,KY2048  ,CANNONS,LN   ,,,,,,,2,1,0,0,2.0,CLEAR,1.0,DRY,False,5.0,LOCAL STREET,2.0,COLLISION WITH BICYCLE,9.0,SINGLE VEHICLE,6.0,STRAIGHT & LEVEL,1.0,DAWN,,,False,38.2462904,-85.6643109,2015,9,11,7,0
967,175490,71658560,LOUISVILLE METRO POLICE DEPT,8015072943,AC,KY1020  ,,NATIONAL,TPKE ,,4.992,,SAM,DR   ,,,,,,,2,1,0,1,2.0,CLEAR,1.0,DRY,False,7.0,STATE,2.0,COLLISION WITH BICYCLE,9.0,SINGLE VEHICLE,6.0,STRAIGHT & LEVEL,2.0,DAYLIGHT,,,False,38.1450629,-85.7574504,2015,9,12,16,39
968,175500,71658528,LOUISVILLE METRO POLICE DEPT,8015072846,AC,,,BLUEGRASS,AVE  ,,1.501,,SOUTHERN PKY,,,,,,,,2,1,0,0,3.0,CLOUDY,1.0,DRY,False,5.0,LOCAL STREET,2.0,COLLISION WITH BICYCLE,9.0,SINGLE VEHICLE,6.0,STRAIGHT & LEVEL,2.0,DAYLIGHT,,,False,38.1789216,-85.7713375,2015,9,12,10,11
969,175816,71661117,LOUISVILLE METRO POLICE DEPT,8015073826,AC,,,SENECA PARK,RD   ,,0.698,,,,,,,,,,2,1,0,0,2.0,CLEAR,1.0,DRY,False,1.0,COUNTY ROAD,37.0,COLLISION WITH BICYCLIST,9.0,SINGLE VEHICLE,6.0,STRAIGHT & LEVEL,2.0,DAYLIGHT,,,False,38.2346514,-85.6759546,2015,9,15,10,0
970,175899,71661126,LOUISVILLE METRO POLICE DEPT,8015074106,AC,US0031E ,,MAIN,ST   ,E ,17.589,,FLOYD,ST   ,,,,,,,2,1,0,1,2.0,CLEAR,1.0,DRY,False,2.0,FEDERAL,2.0,COLLISION WITH BICYCLE,9.0,SINGLE VEHICLE,6.0,STRAIGHT & LEVEL,2.0,DAYLIGHT,,,False,38.255716,-85.7479036,2015,9,16,14,3
971,176145,71662093,LOUISVILLE METRO POLICE DEPT,8015074879,AC,US0031E ,,BARDSTOWN,RD   ,,14.289,,,,,,,,,,4,3,0,0,2.0,CLEAR,1.0,DRY,False,2.0,FEDERAL,37.0,COLLISION WITH BICYCLIST,1.0,ANGLE,6.0,STRAIGHT & LEVEL,2.0,DAYLIGHT,,,False,38.2300128,-85.7035148,2015,9,18,18,11
972,176465,71663255,LOUISVILLE METRO POLICE DEPT,8015075975,AC,KY2048  ,,DUTCHMANS,LN   ,,0.413,,ABIGAIL,DR   ,,,,,,,2,1,0,1,2.0,CLEAR,1.0,DRY,False,7.0,STATE,2.0,COLLISION WITH BICYCLE,9.0,SINGLE VEHICLE,6.0,STRAIGHT & LEVEL,2.0,DAYLIGHT,,,False,38.2254166,-85.6516909,2015,9,22,17,1
973,176562,71663795,LOUISVILLE METRO POLICE DEPT,8015076313,AC,,,RODMAN,ST   ,,0.234,,M,ST   ,,,,,,,2,1,0,1,2.0,CLEAR,1.0,DRY,False,5.0,LOCAL STREET,2.0,COLLISION WITH BICYCLE,9.0,SINGLE VEHICLE,6.0,STRAIGHT & LEVEL,2.0,DAYLIGHT,,,False,38.2090679,-85.7699435,2015,9,23,10,0
974,176581,71663803,LOUISVILLE METRO POLICE DEPT,8015076373,AC,,,CLARKS,LN   ,,0.061,,FLEET,AVE  ,,,,,,,2,1,0,0,2.0,CLEAR,1.0,DRY,False,5.0,LOCAL STREET,2.0,COLLISION WITH BICYCLE,9.0,SINGLE VEHICLE,6.0,STRAIGHT & LEVEL,5.0,DARK-HWY LIGHTED/ON,,,False,38.2134932,-85.740582,2015,9,23,20,25
975,176877,71665361,LOUISVILLE METRO POLICE DEPT,8015077240,AC,,,MUHAMMAD ALI,BLVD ,W ,1.0,,12TH,ST   ,,,,,,,2,1,0,1,2.0,CLEAR,1.0,DRY,False,5.0,LOCAL STREET,2.0,COLLISION WITH BICYCLE,9.0,SINGLE VEHICLE,6.0,STRAIGHT & LEVEL,2.0,DAYLIGHT,,,False,38.2525914,-85.7707264,2015,9,26,17,0
976,177281,71667886,LOUISVILLE METRO POLICE DEPT,8015078693,AC,US0031W ,,DIXIE,HWY  ,,12.553,,BLANTON,LN   ,,,,,,,2,1,0,1,3.0,CLOUDY,1.0,DRY,False,2.0,FEDERAL,2.0,COLLISION WITH BICYCLE,9.0,SINGLE VEHICLE,6.0,STRAIGHT & LEVEL,1.0,DAWN,,,False,38.1575811,-85.8337533,2015,10,1,7,17
977,177350,71667943,LOUISVILLE METRO POLICE DEPT,8015078907,AC,KY1020  ,900.0,3RD,ST   ,S ,11.114,,,,,,,,,,2,1,0,0,2.0,CLEAR,1.0,DRY,True,7.0,STATE,37.0,COLLISION WITH BICYCLIST,9.0,SINGLE VEHICLE,6.0,STRAIGHT & LEVEL,2.0,DAYLIGHT,,,False,38.2318831,-85.7591943,2015,10,1,18,19
978,177458,71669511,LOUISVILLE METRO POLICE DEPT,8015079143,AC,,,MUHAMMAD ALI,BLVD ,W ,1.454,,17TH,ST   ,,,,,,,2,1,0,1,6.0,RAINING,5.0,WET,False,5.0,LOCAL STREET,2.0,COLLISION WITH BICYCLE,9.0,SINGLE VEHICLE,6.0,STRAIGHT & LEVEL,2.0,DAYLIGHT,,,False,38.2535027,-85.7790036,2015,10,2,15,36
979,177600,71669674,LOUISVILLE METRO POLICE DEPT,8015079714,RE,,,BEARGRASS,RD   ,,0.527,,,,,MILLVALE,RD   ,,BARRET HILL,RD   ,2,2,0,0,2.0,CLEAR,1.0,DRY,False,5.0,LOCAL STREET,37.0,COLLISION WITH BICYCLIST,1.0,ANGLE,3.0,CURVE & LEVEL,2.0,DAYLIGHT,,,False,38.2343622,-85.6873123,2015,10,3,0,0
980,177717,71670201,LOUISVILLE METRO POLICE DEPT,8015079879,AC,US0031E ,,BARDSTOWN,RD   ,,14.615,,,,,SHERWOOD,AVE  ,US0060A,EASTERN,PKWY ,2,1,0,0,2.0,CLEAR,1.0,DRY,False,2.0,FEDERAL,37.0,COLLISION WITH BICYCLIST,9.0,SINGLE VEHICLE,6.0,STRAIGHT & LEVEL,2.0,DAYLIGHT,,,False,38.2319088,-85.7091439,2015,10,5,9,55
981,177835,71671121,LOUISVILLE METRO POLICE DEPT,8015080167,AC,,,JEANINE,DR   ,,0.908,,INDIAN,TRL  ,,,,,,,2,1,0,1,2.0,CLEAR,1.0,DRY,False,5.0,LOCAL STREET,2.0,COLLISION WITH BICYCLE,9.0,SINGLE VEHICLE,4.0,STRAIGHT & GRADE,5.0,DARK-HWY LIGHTED/ON,,,False,38.1706931,-85.6886446,2015,10,6,6,13
982,177842,71672463,LOUISVILLE METRO POLICE DEPT,8015080320,AC,,,HILL,ST   ,W ,0.662,,7TH,ST   ,,,,,,,2,1,0,1,2.0,CLEAR,1.0,DRY,False,5.0,LOCAL STREET,2.0,COLLISION WITH BICYCLE,9.0,SINGLE VEHICLE,6.0,STRAIGHT & LEVEL,2.0,DAYLIGHT,,,False,38.2267603,-85.7690002,2015,10,6,15,0
983,177847,71674941,LOUISVILLE METRO POLICE DEPT,8015080206,AC,US0150  ,,BROADWAY,,W ,2.653,,1ST,ST   ,,,,,,,2,1,0,0,2.0,CLEAR,1.0,DRY,False,2.0,FEDERAL,2.0,COLLISION WITH BICYCLE,9.0,SINGLE VEHICLE,6.0,STRAIGHT & LEVEL,2.0,DAYLIGHT,,,False,38.2457367,-85.7534337,2015,10,6,0,0
984,178126,71672538,LOUISVILLE METRO POLICE DEPT,8015081484,AC,,,GRAY,ST   ,E ,0.286,,,,KY0061  ,JACKSON,ST   ,KY0061,PRESTON,ST   ,2,1,0,0,3.0,CLOUDY,1.0,DRY,False,5.0,LOCAL STREET,37.0,COLLISION WITH BICYCLIST,9.0,SINGLE VEHICLE,6.0,STRAIGHT & LEVEL,2.0,DAYLIGHT,,,False,38.2462941,-85.7458786,2015,10,9,15,11
985,178266,71672608,LOUISVILLE METRO POLICE DEPT,8015081768,AC,,,THORNBERRY,AVE  ,,0.201,US0060A ,TAYLOR,BLVD ,,,,,,,2,1,0,1,2.0,CLEAR,1.0,DRY,False,5.0,LOCAL STREET,2.0,COLLISION WITH BICYCLE,9.0,SINGLE VEHICLE,6.0,STRAIGHT & LEVEL,2.0,DAYLIGHT,,,False,38.2041316,-85.7790181,2015,10,10,16,57
986,178469,71674435,LOUISVILLE METRO POLICE DEPT,8015082257,AC,KY1020  ,,3RD,ST   ,S ,12.296,,CHESTNUT,ST   ,,,,,,,2,1,0,1,2.0,CLEAR,1.0,DRY,False,7.0,STATE,2.0,COLLISION WITH BICYCLE,9.0,SINGLE VEHICLE,6.0,STRAIGHT & LEVEL,2.0,DAYLIGHT,,,False,38.2487779,-85.756227,2015,10,12,14,40
987,178575,71673909,LOUISVILLE METRO POLICE DEPT,8015082704,AC,US0060A ,,BERRY,BLVD ,,1.3,,,,,LENTZ,AVE  ,,WHEELER,AVE  ,2,1,0,1,2.0,CLEAR,1.0,DRY,False,2.0,FEDERAL,37.0,COLLISION WITH BICYCLIST,9.0,SINGLE VEHICLE,6.0,STRAIGHT & LEVEL,5.0,DARK-HWY LIGHTED/ON,,,False,38.1964017,-85.786026,2015,10,13,19,32
988,178898,71675973,LOUISVILLE METRO POLICE DEPT,8015083583,AC,KY1450  ,,BLUE LICK,RD   ,,1.907,,,,,,,,,,2,1,0,0,2.0,CLEAR,1.0,DRY,False,7.0,STATE,37.0,COLLISION WITH BICYCLIST,9.0,SINGLE VEHICLE,3.0,CURVE & LEVEL,2.0,DAYLIGHT,,,False,38.1124969,-85.6898478,2015,10,16,14,49
989,179231,71677295,LOUISVILLE METRO POLICE DEPT,8015084811,AC,US0031E ,,MARKET,ST   ,E ,17.487,,FLOYD,ST   ,,,,,,,2,1,0,1,2.0,CLEAR,1.0,DRY,False,2.0,FEDERAL,2.0,COLLISION WITH BICYCLE,9.0,SINGLE VEHICLE,6.0,STRAIGHT & LEVEL,2.0,DAYLIGHT,,,False,38.2542935,-85.7481331,2015,10,20,17,10
990,179302,1939983,LOUISVILLE METRO POLICE DEPT,8015084846,AC,,,ROY WILKINS,AVE  ,S ,,,MARKET,ST   ,,,,,,,2,1,0,0,2.0,CLEAR,1.0,DRY,True,5.0,LOCAL STREET,2.0,COLLISION WITH BICYCLE,1.0,ANGLE,6.0,STRAIGHT & LEVEL,2.0,DAYLIGHT,,,False,38.201666667,-85.536666667,2015,10,21,18,35
991,179361,71677838,LOUISVILLE METRO POLICE DEPT,8015085112,AC,,,SHELBY,ST   ,S ,0.531,KY0864  ,GRAY,ST   ,,,,,,,2,1,0,1,2.0,CLEAR,1.0,DRY,True,5.0,LOCAL STREET,2.0,COLLISION WITH BICYCLE,9.0,SINGLE VEHICLE,6.0,STRAIGHT & LEVEL,2.0,DAYLIGHT,,,False,38.245876,-85.7392912,2015,10,21,16,47
992,179447,71678328,LOUISVILLE METRO POLICE DEPT,8015085380,AC,KY0061  ,,PRESTON,HWY  ,,6.808,,,,,GILMORE,LN   ,,VIM,DR   ,2,1,0,1,2.0,CLEAR,1.0,DRY,False,7.0,STATE,37.0,COLLISION WITH BICYCLIST,9.0,SINGLE VEHICLE,6.0,STRAIGHT & LEVEL,2.0,DAYLIGHT,,,False,38.1738963,-85.7119078,2015,10,22,13,5
993,179570,71679357,LOUISVILLE METRO POLICE DEPT,8015085684,AC,,,SPRINGER,ALY  ,,0.112,KY0061  ,PRESTON,ST   ,,,,,,,2,1,0,0,2.0,CLEAR,1.0,DRY,False,5.0,LOCAL STREET,2.0,COLLISION WITH BICYCLE,9.0,SINGLE VEHICLE,6.0,STRAIGHT & LEVEL,2.0,DAYLIGHT,,,False,38.2471421,-85.7473047,2015,10,23,9,59
994,179611,71679377,LOUISVILLE METRO POLICE DEPT,8015085774,AC,KY0061  ,,PRESTON,HWY  ,,7.764,,,,,,,,,,2,1,0,1,2.0,CLEAR,1.0,DRY,False,7.0,STATE,37.0,COLLISION WITH BICYCLIST,9.0,SINGLE VEHICLE,6.0,STRAIGHT & LEVEL,2.0,DAYLIGHT,,,False,38.1847769,-85.722987,2015,10,23,15,12
995,179659,71679416,LOUISVILLE METRO POLICE DEPT,8015085970,AC,,,LIBERTY,ST   ,W ,0.6,,4TH,ST   ,,,,,,,2,1,0,1,2.0,CLEAR,1.0,DRY,True,5.0,LOCAL STREET,2.0,COLLISION WITH BICYCLE,9.0,SINGLE VEHICLE,6.0,STRAIGHT & LEVEL,5.0,DARK-HWY LIGHTED/ON,,,False,38.2530785,-85.7573043,2015,10,24,4,0
996,179962,71680764,LOUISVILLE METRO POLICE DEPT,8015086855,AC,,,INDIAN,TRL  ,E ,1.198,KY0864  ,POPLAR LEVEL,RD   ,,,,,,,2,1,0,0,6.0,RAINING,5.0,WET,False,5.0,LOCAL STREET,2.0,COLLISION WITH BICYCLE,9.0,SINGLE VEHICLE,4.0,STRAIGHT & GRADE,5.0,DARK-HWY LIGHTED/ON,,,False,38.1715475,-85.6849979,2015,10,27,7,4
997,180534,1927606,LOUISVILLE METRO POLICE DEPT,8015089197,AC,,,29TH,ST   ,S ,,,BROADWAY,,,,,,,,2,1,0,0,2.0,CLEAR,1.0,DRY,False,5.0,LOCAL STREET,2.0,COLLISION WITH BICYCLE,1.0,ANGLE,6.0,STRAIGHT & LEVEL,2.0,DAYLIGHT,,,False,38.201666667,-85.536666667,2015,11,3,0,0
998,181239,71688928,NORTHFIELD POLICE DEPARTMENT,3815000072,AC,KY2050  ,,HERR,LN   ,,1.632,,GREENLAWN,RD   ,,,,,,,2,1,0,1,3.0,CLOUDY,1.0,DRY,False,7.0,STATE,2.0,COLLISION WITH BICYCLE,9.0,SINGLE VEHICLE,6.0,STRAIGHT & LEVEL,2.0,DAYLIGHT,,,False,38.2772996,-85.6221841,2015,11,9,7,5
999,181346,71691344,LOUISVILLE METRO POLICE DEPT,8015091511,AC,,,DIXIE,HWY  ,,0.429,,,,,GARLAND,AVE  ,,DATE,ST   ,2,1,0,1,2.0,CLEAR,1.0,DRY,False,5.0,LOCAL STREET,37.0,COLLISION WITH BICYCLIST,9.0,SINGLE VEHICLE,6.0,STRAIGHT & LEVEL,2.0,DAYLIGHT,,,False,38.2430418,-85.7844986,2015,11,10,15,46
1000,181839,71690734,LOUISVILLE METRO POLICE DEPT,8015093049,AC,,,SMYRNA,PKWY ,,0.105,,VANDRE,AVE  ,,,,,,,2,1,0,1,2.0,CLEAR,1.0,DRY,False,1.0,COUNTY ROAD,2.0,COLLISION WITH BICYCLE,9.0,SINGLE VEHICLE,5.0,STRAIGHT & HILLCREST,4.0,DARK-HWY LIGHTED/OFF,,,False,38.1364345,-85.6420196,2015,11,15,19,21
1001,181883,71691392,LOUISVILLE METRO POLICE DEPT,8015093191,AC,US0031W ,,DR W J HODGE,ST   ,,19.62,US0150  ,BROADWAY,,,,,,,,2,1,0,1,3.0,CLOUDY,1.0,DRY,False,2.0,FEDERAL,2.0,COLLISION WITH BICYCLE,9.0,SINGLE VEHICLE,6.0,STRAIGHT & LEVEL,2.0,DAYLIGHT,,,False,38.2487361,-85.786601,2015,11,16,11,34
1002,182069,71692107,LOUISVILLE METRO POLICE DEPT,8015093676,AC,,,MURPHY,LN   ,,0.099,KY1447  ,WESTPORT,RD   ,,,,,,,2,1,0,1,2.0,CLEAR,1.0,DRY,False,5.0,LOCAL STREET,2.0,COLLISION WITH BICYCLE,9.0,SINGLE VEHICLE,6.0,STRAIGHT & LEVEL,5.0,DARK-HWY LIGHTED/ON,,,False,38.3033063,-85.533411,2015,11,17,18,17
1003,182332,71693331,LOUISVILLE METRO POLICE DEPT,8015094316,AC,KY1450  ,,BLUE LICK,RD   ,,3.351,,,,,,,,,,2,1,0,0,2.0,CLEAR,1.0,DRY,True,7.0,STATE,37.0,COLLISION WITH BICYCLIST,9.0,SINGLE VEHICLE,3.0,CURVE & LEVEL,2.0,DAYLIGHT,,,False,38.1323209,-85.6869601,2015,11,19,17,0
1004,182498,71693839,ST. MATTHEWS POLICE DEPARTMENT,0315002891,AC,US0060  ,4224 ,SHELBYVILLE,RD   ,,4.578,,,,,,,,,,2,1,0,0,6.0,RAINING,5.0,WET,False,2.0,FEDERAL,37.0,COLLISION WITH BICYCLIST,9.0,SINGLE VEHICLE,6.0,STRAIGHT & LEVEL,2.0,DAYLIGHT,,,False,38.2513956,-85.6368645,2015,11,21,14,18
1005,182822,71695988,LOUISVILLE METRO POLICE DEPT,8015095791,AC,,,PARK,RD   ,S ,0.73,,,,KY1450  ,BLUE LICK,RD   ,,WHITEOAK PARK,RD   ,2,1,0,1,3.0,CLOUDY,1.0,DRY,False,5.0,LOCAL STREET,37.0,COLLISION WITH BICYCLIST,9.0,SINGLE VEHICLE,6.0,STRAIGHT & LEVEL,2.0,DAYLIGHT,,,False,38.1164283,-85.6901119,2015,11,24,16,53
1006,182905,71697412,LOUISVILLE METRO POLICE DEPT,8015096113,AC,,,BARRET,AVE  ,,0.32,US0150  ,BROADWAY,,,,,,,,2,1,0,0,2.0,CLEAR,1.0,DRY,False,5.0,LOCAL STREET,2.0,COLLISION WITH BICYCLE,9.0,SINGLE VEHICLE,6.0,STRAIGHT & LEVEL,2.0,DAYLIGHT,,,False,38.2442631,-85.7339588,2015,11,25,16,37
1007,183024,71697499,LOUISVILLE METRO POLICE DEPT,8015096537,AC,KY1065  ,,OUTER,LOOP ,,6.988,,,,,LAUREL RIDGE,RD   ,,JUDGE,BLVD ,2,1,0,0,2.0,CLEAR,1.0,DRY,False,7.0,STATE,37.0,COLLISION WITH BICYCLIST,9.0,SINGLE VEHICLE,6.0,STRAIGHT & LEVEL,2.0,DAYLIGHT,,,False,38.1378721,-85.6696753,2015,11,27,14,50
1008,183192,71697656,LOUISVILLE METRO POLICE DEPT,8015097121,AC,,,42ND,ST   ,S ,0.691,,,,,ELLIOTT,AVE  ,,BROADWAY,,2,1,0,1,6.0,RAINING,5.0,WET,True,5.0,LOCAL STREET,37.0,COLLISION WITH BICYCLIST,9.0,SINGLE VEHICLE,6.0,STRAIGHT & LEVEL,6.0,DARK-HWY NOT LIGHTED,,,False,38.2521799,-85.8224194,2015,11,29,20,9
1009,183567,71700245,LOUISVILLE METRO POLICE DEPT,8015098317,AC,US0031E ,,BARDSTOWN,RD   ,,11.344,,BASHFORD MANOR,LN   ,,,,,,,2,1,0,0,2.0,CLEAR,1.0,DRY,False,2.0,FEDERAL,2.0,COLLISION WITH BICYCLE,9.0,SINGLE VEHICLE,6.0,STRAIGHT & LEVEL,2.0,DAYLIGHT,,,False,38.2028855,-85.6645763,2015,12,3,15,56
1010,184423,71706826,SHIVELY POLICE DEPARTMENT,0415002669,AC,,,STALLINGS,AVE  ,,0.005,US0031W ,DIXIE,HWY  ,,,,,,,2,1,0,1,2.0,CLEAR,1.0,DRY,False,5.0,LOCAL STREET,2.0,COLLISION WITH BICYCLE,9.0,SINGLE VEHICLE,6.0,STRAIGHT & LEVEL,2.0,DAYLIGHT,,,False,38.1747011,-85.8227096,2015,12,11,10,44
1011,184549,71704705,LOUISVILLE METRO POLICE DEPT,8015101404,AC,,,GAGEL,AVE  ,,0.919,,,,,ESTATE,DR   ,,DE MEL,AVE  ,2,1,0,1,2.0,CLEAR,1.0,DRY,False,5.0,LOCAL STREET,37.0,COLLISION WITH BICYCLIST,9.0,SINGLE VEHICLE,5.0,STRAIGHT & HILLCREST,3.0,DUSK,,,False,38.1727528,-85.8058467,2015,12,13,18,20
1012,186418,71714311,LOUISVILLE METRO POLICE DEPT,8016001185,AC,,,REASOR,AVE  ,,0.0,KY0864  ,GOSS,AVE  ,,,,,,,2,1,0,1,2.0,CLEAR,1.0,DRY,False,1.0,COUNTY ROAD,2.0,COLLISION WITH BICYCLE,9.0,SINGLE VEHICLE,6.0,STRAIGHT & LEVEL,2.0,DAYLIGHT,,,False,38.2245799,-85.7311092,2016,1,2,15,10
1013,186789,71730212,LOUISVILLE METRO POLICE DEPT,8016011228,AC,US0042  ,,US42,,,5.925,,,,,,,,,,2,1,0,0,2.0,CLEAR,1.0,DRY,False,2.0,FEDERAL,37.0,COLLISION WITH BICYCLIST,9.0,SINGLE VEHICLE,6.0,STRAIGHT & LEVEL,2.0,DAYLIGHT,,,False,38.281396,-85.6346458,2016,1,6,13,56
1014,187616,71720316,LOUISVILLE METRO POLICE DEPT,8016004796,AC,KY1020  ,,2ND,ST   ,S ,11.745,,,,,BRECKINRIDGE,ST   ,,KENTUCKY,ST   ,2,1,0,1,2.0,CLEAR,1.0,DRY,True,7.0,STATE,37.0,COLLISION WITH BICYCLIST,9.0,SINGLE VEHICLE,6.0,STRAIGHT & LEVEL,2.0,DAYLIGHT,,,False,38.2407328,-85.7559704,2016,1,14,11,48
1015,187654,71720382,LOUISVILLE METRO POLICE DEPT,8016004975,AC,KY1020  ,927  ,2ND,ST   ,S ,11.708,,,,,,,,,,2,1,0,0,2.0,CLEAR,1.0,DRY,True,7.0,STATE,37.0,COLLISION WITH BICYCLIST,9.0,SINGLE VEHICLE,6.0,STRAIGHT & LEVEL,2.0,DAYLIGHT,,,False,38.2402026,-85.756035,2016,1,14,10,0
1016,188343,71724153,LOUISVILLE METRO POLICE DEPT,8016007060,AC,,,SAINT CATHERINE,ST   ,E ,0.866,KY0061  ,JACKSON,ST   ,,,,,,,2,1,0,1,1.0,BLOWING SAND/SOIL/DIRT/SNOW,4.0,SNOW/SLUSH,False,5.0,LOCAL STREET,2.0,COLLISION WITH BICYCLE,9.0,SINGLE VEHICLE,6.0,STRAIGHT & LEVEL,5.0,DARK-HWY LIGHTED/ON,,,False,38.2353304,-85.7472943,2016,1,22,21,40
1017,188868,71727090,LOUISVILLE METRO POLICE DEPT,8016008721,AC,,,COOPER CHAPEL,RD   ,,0.819,,,,,INDIAN FALLS,DR   ,,LEISURE,LN   ,2,1,0,1,3.0,CLOUDY,1.0,DRY,False,5.0,LOCAL STREET,37.0,COLLISION WITH BICYCLIST,9.0,SINGLE VEHICLE,6.0,STRAIGHT & LEVEL,2.0,DAYLIGHT,,,False,38.1032148,-85.657555,2016,1,29,9,32
1018,189344,71728898,LOUISVILLE METRO POLICE DEPT,8016010249,AC,,,BARRET,AVE  ,,1.012,,WINTER,AVE  ,,,,,,,2,1,0,1,2.0,CLEAR,1.0,DRY,False,5.0,LOCAL STREET,2.0,COLLISION WITH BICYCLE,9.0,SINGLE VEHICLE,6.0,STRAIGHT & LEVEL,2.0,DAYLIGHT,,,False,38.2357083,-85.7276376,2016,2,3,8,55
1019,189371,71728893,LOUISVILLE METRO POLICE DEPT,8016010224,AC,,,4TH,ST   ,S ,3.226,US0060A ,WINKLER,AVE  ,,,,,,,2,1,0,1,2.0,CLEAR,1.0,DRY,False,5.0,LOCAL STREET,2.0,COLLISION WITH BICYCLE,9.0,SINGLE VEHICLE,6.0,STRAIGHT & LEVEL,5.0,DARK-HWY LIGHTED/ON,,,False,38.2102901,-85.7646645,2016,2,3,6,35
1020,189703,71734810,LOUISVILLE METRO POLICE DEPT,8016011331,AC,,,LINCOLN,AVE  ,,0.722,KY1931  ,7TH,ST   ,,,,,,,2,1,0,1,2.0,CLEAR,1.0,DRY,False,5.0,LOCAL STREET,2.0,COLLISION WITH BICYCLE,9.0,SINGLE VEHICLE,6.0,STRAIGHT & LEVEL,5.0,DARK-HWY LIGHTED/ON,,,False,38.2184766,-85.7790853,2016,2,6,22,23