,Unnamed: 0,master_file_number,investigating_agency,local_code,collision_status_code,roadway_number,building_number,roadway_name,roadway_suffix,roadway_direction,milepoint,intersection_roadway_number,intersection_roadway_name,intersection_roadway_suffix,between_street_number_1,between_street_name_1,between_street_suffix_1,between_street_number_2,between_street_name_2,between_street_suffix_2,units_involved,motor_vehicles_involved,killed,injured,weather_code,weather,roadway_condition_code,roadway_condition,hit_and_run,roadway_type_code,roadway_type,directional_analysis_code,directional_analysis,manner_of_collision_code,manner_of_collision,roadway_character_code,roadway_character,light_condition_code,light_condition,ramp_from_roadway_id,ramp_to_roadway_id,secondary_collision,latitude,longitude,year,month,day,hour,minute
1021,189704,71740280,LOUISVILLE METRO POLICE DEPT,8016011232,AC,,,HARTLAGE,CT   ,,0.575,KY1934  ,CANE RUN,RD   ,,,,,,,2,1,0,1,2.0,CLEAR,1.0,DRY,False,5.0,LOCAL STREET,2.0,COLLISION WITH BICYCLE,9.0,SINGLE VEHICLE,6.0,STRAIGHT & LEVEL,2.0,DAYLIGHT,,,False,38.2004048,-85.8359467,2016,2,6,14,12
1022,191816,71741476,LOUISVILLE METRO POLICE DEPT,8016018025,AC,KY1447  ,,WESTPORT,RD   ,,4.933,,,,,,,,,,2,1,0,0,3.0,CLOUDY,1.0,DRY,False,7.0,STATE,37.0,COLLISION WITH BICYCLIST,9.0,SINGLE VEHICLE,6.0,STRAIGHT & LEVEL,2.0,DAYLIGHT,,,False,38.2860233,-85.5777139,2016,3,2,13,44
1023,192368,71743958,LOUISVILLE METRO POLICE DEPT,8016019884,AC,KY1020  ,,3RD,ST   ,S ,10.323,,CARDINAL,BLVD ,,,,,,,2,1,0,0,2.0,CLEAR,1.0,DRY,False,7.0,STATE,2.0,COLLISION WITH BICYCLE,9.0,SINGLE VEHICLE,6.0,STRAIGHT & LEVEL,2.0,DAYLIGHT,,,False,38.2205542,-85.7611768,2016,3,8,10,0
1024,192775,71745793,LOUISVILLE METRO POLICE DEPT,8016020918,AC,,,29TH,ST   ,N ,0.715,,,,,ALFORD,AVE  ,,DUNCAN,ST   ,2,1,0,1,2.0,CLEAR,1.0,DRY,True,5.0,LOCAL STREET,37.0,COLLISION WITH BICYCLIST,9.0,SINGLE VEHICLE,6.0,STRAIGHT & LEVEL,2.0,DAYLIGHT,,,False,38.2653783,-85.7986299,2016,3,11,18,17
1025,192782,71747032,UNIV. OF LOUISVILLE POLICE,R16000173 ,AC,,,4TH,ST   ,S ,2.779,,,,,,,,,,2,1,0,1,3.0,CLOUDY,1.0,DRY,False,5.0,LOCAL STREET,37.0,COLLISION WITH BICYCLIST,9.0,SINGLE VEHICLE,5.0,STRAIGHT & HILLCREST,2.0,DAYLIGHT,,,False,38.2167243,-85.7635804,2016,3,11,11,5
1026,193645,71750052,UNIV. OF LOUISVILLE POLICE,R16000199 ,AC,,,CARDINAL,BLVD ,W ,0.106,KY1020  ,2ND,ST   ,,,,,,,2,1,0,0,2.0,CLEAR,1.0,DRY,False,5.0,LOCAL STREET,2.0,COLLISION WITH BICYCLE,9.0,SINGLE VEHICLE,6.0,STRAIGHT & LEVEL,5.0,DARK-HWY LIGHTED/ON,,,False,38.2204283,-85.7597911,2016,3,21,22,51
1027,193688,71749931,LOUISVILLE METRO POLICE DEPT,8016024101,AC,,1228 ,BARRET,AVE  ,,1.337,,,,,,,,,,2,1,0,1,2.0,CLEAR,1.0,DRY,False,5.0,LOCAL STREET,37.0,COLLISION WITH BICYCLIST,9.0,SINGLE VEHICLE,6.0,STRAIGHT & LEVEL,2.0,DAYLIGHT,,,False,38.2316839,-85.7245154,2016,3,22,17,19
1028,194150,71751724,LOUISVILLE METRO POLICE DEPT,8016025494,AC,US0031E ,967  ,BAXTER,AVE  ,,15.697,,,,,,,,,,2,1,0,0,2.0,CLEAR,1.0,DRY,True,2.0,FEDERAL,37.0,COLLISION WITH BICYCLIST,9.0,SINGLE VEHICLE,6.0,STRAIGHT & LEVEL,3.0,DUSK,,,False,38.2408545,-85.7247778,2016,3,26,10,0
1029,194163,1909936,LOUISVILLE METRO POLICE DEPT,8016025513,AC,,,MADISON,,,,,DR W J HODGE,,,,,,,,2,1,0,1,2.0,CLEAR,1.0,DRY,True,5.0,LOCAL STREET,2.0,COLLISION WITH BICYCLE,1.0,ANGLE,6.0,STRAIGHT & LEVEL,4.0,DARK-HWY LIGHTED/OFF,,,False,38.201666667,-85.536666667,2016,3,26,0,0
1030,194190,71751751,LOUISVILLE METRO POLICE DEPT,8016025648,AC,,,BARRET,AVE  ,,0.113,,RUBEL,AVE  ,,,,,,,2,1,0,0,3.0,CLOUDY,1.0,DRY,False,5.0,LOCAL STREET,2.0,COLLISION WITH BICYCLE,9.0,SINGLE VEHICLE,3.0,CURVE & LEVEL,2.0,DAYLIGHT,,,False,38.2466188,-85.7315897,2016,3,27,13,38
1031,194232,1889621,LOUISVILLE METRO POLICE DEPT,8016025738,AC,,,HUBBARDS,LN   ,,,,,,,LEDYARD,,,BLEMHIEM,,2,1,0,0,3.0,CLOUDY,1.0,DRY,False,5.0,LOCAL STREET,37.0,COLLISION WITH BICYCLIST,7.0,SIDESWIPE-OPPOSITE DIRECTION,6.0,STRAIGHT & LEVEL,5.0,DARK-HWY LIGHTED/ON,,,False,38.201666667,-85.536666667,2016,3,27,20,30
1032,195055,71755756,LOUISVILLE METRO POLICE DEPT,8016028530,AC,KY0155  ,,TAYLORSVILLE,RD   ,,12.114,,,,,ARBORO,PL   ,,CARDWELL,WAY  ,2,1,0,1,2.0,CLEAR,1.0,DRY,False,7.0,STATE,37.0,COLLISION WITH BICYCLIST,9.0,SINGLE VEHICLE,6.0,STRAIGHT & LEVEL,5.0,DARK-HWY LIGHTED/ON,,,False,38.2188896,-85.6034284,2016,4,5,22,8
1033,195549,71758097,LOUISVILLE METRO POLICE DEPT,8016030177,AC,,,16TH,ST   ,S ,0.732,US0150  ,BROADWAY,,,,,,,,2,1,0,1,3.0,CLOUDY,5.0,WET,False,5.0,LOCAL STREET,2.0,COLLISION WITH BICYCLE,9.0,SINGLE VEHICLE,6.0,STRAIGHT & LEVEL,2.0,DAYLIGHT,,,False,38.2485537,-85.7781843,2016,4,11,16,10
1034,195981,71760577,LOUISVILLE METRO POLICE DEPT,8016031442,AC,,,WHISPERING BROOK,DR   ,,0.185,,QUIET WOOD,CT   ,,,,,,,2,1,1,0,2.0,CLEAR,1.0,DRY,False,5.0,LOCAL STREET,2.0,COLLISION WITH BICYCLE,9.0,SINGLE VEHICLE,4.0,STRAIGHT & GRADE,2.0,DAYLIGHT,,,False,38.1042612,-85.6965742,2016,4,15,11,35
1035,196146,71760690,LOUISVILLE METRO POLICE DEPT,8016031894,AC,US0031E ,,BARDSTOWN,RD   ,,14.049,,ROANOKE,AVE  ,,,,,,,2,1,0,0,2.0,CLEAR,1.0,DRY,False,2.0,FEDERAL,2.0,COLLISION WITH BICYCLE,9.0,SINGLE VEHICLE,6.0,STRAIGHT & LEVEL,2.0,DAYLIGHT,,,False,38.2278071,-85.7000018,2016,4,16,18,55
1036,196478,71762159,LOUISVILLE METRO POLICE DEPT,8016032929,AC,,,DIXIE GARDEN,DR   ,,0.309,,BLAZE,WAY  ,,,,,,,2,1,0,0,2.0,CLEAR,1.0,DRY,False,1.0,COUNTY ROAD,2.0,COLLISION WITH BICYCLE,9.0,SINGLE VEHICLE,3.0,CURVE & LEVEL,2.0,DAYLIGHT,,,False,38.10143,-85.8767086,2016,4,19,19,50
1037,196910,71763635,LOUISVILLE METRO POLICE DEPT,8016034140,AC,KY0061  ,,JACKSON,ST   ,S ,11.407,,SHELBY,PKWY ,,,,,,,2,1,0,0,2.0,CLEAR,1.0,DRY,True,7.0,STATE,2.0,COLLISION WITH BICYCLE,9.0,SINGLE VEHICLE,6.0,STRAIGHT & LEVEL,2.0,DAYLIGHT,,,False,38.2324702,-85.7478062,2016,4,23,14,8
1038,197042,71764222,LOUISVILLE METRO POLICE DEPT,8016034639,AC,US0031E ,,MARKET,ST   ,E ,17.576,,,,,,,,,,2,1,0,1,2.0,CLEAR,1.0,DRY,False,2.0,FEDERAL,37.0,COLLISION WITH BICYCLIST,9.0,SINGLE VEHICLE,6.0,STRAIGHT & LEVEL,2.0,DAYLIGHT,,,False,38.2545461,-85.750373,2016,4,25,9,34
1039,197860,71770586,LOUISVILLE METRO POLICE DEPT,8016037162,RE,,1784.0,GAULBERT,AVE  ,W ,0.623,,,,,,,,,,2,1,0,0,3.0,CLOUDY,5.0,WET,False,5.0,LOCAL STREET,37.0,COLLISION WITH BICYCLIST,9.0,SINGLE VEHICLE,6.0,STRAIGHT & LEVEL,2.0,DAYLIGHT,,,False,38.227533333,-85.789733333,2016,5,2,18,40
1040,197890,71768067,LOUISVILLE METRO POLICE DEPT,8016037397,AC,US0150  ,,BROADWAY,,W ,2.56,KY1020  ,2ND,ST   ,,,,,,,2,1,0,1,2.0,CLEAR,1.0,DRY,False,2.0,FEDERAL,2.0,COLLISION WITH BICYCLE,9.0,SINGLE VEHICLE,6.0,STRAIGHT & LEVEL,2.0,DAYLIGHT,,,False,38.2458371,-85.7550449,2016,5,3,15,40
1041,198066,71770619,LOUISVILLE METRO POLICE DEPT,8016038010,AC,,,HOERTZ,AVE  ,,0.114,,,,,,,,,,2,1,0,0,2.0,CLEAR,1.0,DRY,True,5.0,LOCAL STREET,37.0,COLLISION WITH BICYCLIST,9.0,SINGLE VEHICLE,6.0,STRAIGHT & LEVEL,2.0,DAYLIGHT,,,False,38.2265882,-85.737744,2016,5,4,13,30
1042,198581,71771310,LOUISVILLE METRO POLICE DEPT,8016039316,AC,,,DIXIE,HWY  ,,1.494,,HILL,ST   ,,,,,,,2,1,0,1,2.0,CLEAR,1.0,DRY,True,5.0,LOCAL STREET,2.0,COLLISION WITH BICYCLE,9.0,SINGLE VEHICLE,6.0,STRAIGHT & LEVEL,2.0,DAYLIGHT,,,False,38.2283671,-85.7905463,2016,5,9,16,25
1043,198789,71771916,LOUISVILLE METRO POLICE DEPT,8016039964,AC,,,34TH,ST   ,S ,0.312,,LARKWOOD,AVE  ,,,,,,,2,1,0,0,2.0,CLEAR,1.0,DRY,False,5.0,LOCAL STREET,2.0,COLLISION WITH BICYCLE,9.0,SINGLE VEHICLE,6.0,STRAIGHT & LEVEL,2.0,DAYLIGHT,,,False,38.2577575,-85.8075609,2016,5,11,14,21
1044,198827,71773228,LOUISVILLE METRO POLICE DEPT,8016039820,AC,,,DURRETT,LN   ,,0.001,KY0061  ,PRESTON,HWY  ,,,,,,,2,1,0,1,3.0,CLOUDY,5.0,WET,False,5.0,LOCAL STREET,2.0,COLLISION WITH BICYCLE,9.0,SINGLE VEHICLE,6.0,STRAIGHT & LEVEL,2.0,DAYLIGHT,,,False,38.1863365,-85.7241763,2016,5,11,5,46
1045,200111,71777766,LOUISVILLE METRO POLICE DEPT,8016043867,AC,,,ZORN,AVE  ,,1.749,,RIVER,RD   ,,,,,,,2,1,0,1,2.0,CLEAR,1.0,DRY,False,1.0,COUNTY ROAD,2.0,COLLISION WITH BICYCLE,9.0,SINGLE VEHICLE,6.0,STRAIGHT & LEVEL,2.0,DAYLIGHT,,,False,38.2774136,-85.6991552,2016,5,24,0,0
1046,200596,71781808,SHIVELY POLICE DEPARTMENT,0416001212,AC,KY1931  ,3200.0,7TH STREET,RD   ,,9.146,,,,,,,,,,2,1,0,1,2.0,CLEAR,1.0,DRY,True,7.0,STATE,37.0,COLLISION WITH BICYCLIST,9.0,SINGLE VEHICLE,6.0,STRAIGHT & LEVEL,6.0,DARK-HWY NOT LIGHTED,,,False,38.2038077,-85.7911266,2016,5,28,22,13
1047,200771,71780877,LOUISVILLE METRO POLICE DEPT,8016046242,AC,,,MAHONEY,DR   ,,0.003,,JOHNSONTOWN,RD   ,,,,,,,2,1,0,0,2.0,CLEAR,1.0,DRY,False,5.0,LOCAL STREET,2.0,COLLISION WITH BICYCLE,9.0,SINGLE VEHICLE,6.0,STRAIGHT & LEVEL,2.0,DAYLIGHT,,,False,38.1214351,-85.8616031,2016,5,31,17,32
1048,201067,71782343,SHIVELY POLICE DEPARTMENT,0416001251,AC,US0031W ,,DIXIE,HWY  ,,15.658,,,,,MATHEIS,LN   ,,MATHEIS,LN   ,2,1,0,1,2.0,CLEAR,1.0,DRY,False,2.0,FEDERAL,37.0,COLLISION WITH BICYCLIST,9.0,SINGLE VEHICLE,6.0,STRAIGHT & LEVEL,2.0,DAYLIGHT,,,False,38.1960878,-85.8054222,2016,6,3,16,26
1049,201138,71783022,LOUISVILLE METRO POLICE DEPT,8016047229,AC,US0031W ,5244.0,DIXIE,HWY  ,,12.761,,,,,,,,,,2,1,0,1,3.0,CLOUDY,1.0,DRY,False,2.0,FEDERAL,37.0,COLLISION WITH BICYCLIST,9.0,SINGLE VEHICLE,6.0,STRAIGHT & LEVEL,2.0,DAYLIGHT,,,False,38.1604939,-85.832605,2016,6,3,16,30
1050,201246,71783106,LOUISVILLE METRO POLICE DEPT,8016047572,AC,,,30TH,ST   ,S ,0.841,,,,,SOUTHERN,AVE  ,,YOUNG,AVE  ,2,1,0,0,6.0,RAINING,5.0,WET,True,5.0,LOCAL STREET,37.0,COLLISION WITH BICYCLIST,9.0,SINGLE VEHICLE,6.0,STRAIGHT & LEVEL,2.0,DAYLIGHT,,,False,38.2316607,-85.805915,2016,6,4,19,5
1051,201800,71786211,LOUISVILLE METRO POLICE DEPT,8016049230,AC,,,NOLTEMEYER WYNDE,,,0.009,KY1065  ,OUTER,LOOP ,,,,,,,2,1,0,1,2.0,CLEAR,1.0,DRY,False,5.0,LOCAL STREET,2.0,COLLISION WITH BICYCLE,9.0,SINGLE VEHICLE,6.0,STRAIGHT & LEVEL,2.0,DAYLIGHT,,,False,38.1382651,-85.680439,2016,6,10,9,50
1052,201960,71786353,LOUISVILLE METRO POLICE DEPT,8016049810,AC,,,FAIRMOUNT,RD   ,,2.477,,,,,OLD BARDSTOWN,RD   ,,GENTRY,LN   ,2,1,0,0,2.0,CLEAR,1.0,DRY,False,5.0,LOCAL STREET,37.0,COLLISION WITH BICYCLIST,9.0,SINGLE VEHICLE,6.0,STRAIGHT & LEVEL,2.0,DAYLIGHT,,,False,38.1169832,-85.572883,2016,6,12,10,0
1053,201981,71786386,LOUISVILLE METRO POLICE DEPT,8016049954,AC,,,CHAMPION LAKES,PL   ,,0.164,,CHAMPION LAKES,CT   ,,,,,,,3,1,0,2,3.0,CLOUDY,1.0,DRY,False,5.0,LOCAL STREET,2.0,COLLISION WITH BICYCLE,9.0,SINGLE VEHICLE,6.0,STRAIGHT & LEVEL,5.0,DARK-HWY LIGHTED/ON,,,False,38.2755902,-85.4810527,2016,6,12,22,51
1054,202305,71788577,LOUISVILLE METRO POLICE DEPT,8016050834,AC,KY2048  ,,CANNONS,LN   ,,1.946,,,,,NANZ,AVE  ,,GRANDVIEW,AVE  ,2,1,0,0,2.0,CLEAR,1.0,DRY,False,7.0,STATE,37.0,COLLISION WITH BICYCLIST,9.0,SINGLE VEHICLE,3.0,CURVE & LEVEL,2.0,DAYLIGHT,,,False,38.2445649,-85.6628452,2016,6,15,15,15
1055,202391,71788613,LOUISVILLE METRO POLICE DEPT,8016051116,AC,US0031E ,,BARDSTOWN,RD   ,,13.209,,,,,WEBER,AVE  ,,TREVILIAN,WAY  ,2,1,0,0,2.0,CLEAR,1.0,DRY,False,2.0,FEDERAL,37.0,COLLISION WITH BICYCLIST,9.0,SINGLE VEHICLE,1.0,CURVE & GRADE,2.0,DAYLIGHT,,,False,38.2234563,-85.686056,2016,6,16,13,46
1056,202512,71789538,LOUISVILLE METRO POLICE DEPT,8016051507,RE,,,8TH,ST   ,S ,0.073,,,,,,,,,,1,1,0,0,2.0,CLEAR,1.0,DRY,True,5.0,LOCAL STREET,37.0,COLLISION WITH BICYCLIST,9.0,SINGLE VEHICLE,6.0,STRAIGHT & LEVEL,2.0,DAYLIGHT,,,False,38.2562902,-85.7633325,2016,6,17,10,0
1057,202649,71789752,LOUISVILLE METRO POLICE DEPT,8016052057,AC,,4911.0,SHASTA,TRL  ,,0.517,,,,,,,,,,2,1,0,1,2.0,CLEAR,1.0,DRY,False,99.0,NONE OF THE ABOVE,37.0,COLLISION WITH BICYCLIST,9.0,SINGLE VEHICLE,6.0,STRAIGHT & LEVEL,2.0,DAYLIGHT,,,False,38.1788181,-85.6717813,2016,6,19,18,39
1058,202798,71791060,LOUISVILLE METRO POLICE DEPT,8016052582,AC,US0060A ,,TAYLOR,BLVD ,,2.537,,,,,IOWA,AVE  ,,TENNESSEE,AVE  ,2,1,0,0,2.0,CLEAR,1.0,DRY,False,2.0,FEDERAL,37.0,COLLISION WITH BICYCLIST,9.0,SINGLE VEHICLE,6.0,STRAIGHT & LEVEL,2.0,DAYLIGHT,,,False,38.2088419,-85.7730377,2016,6,21,12,0
1059,202923,71791158,LOUISVILLE METRO POLICE DEPT,8016053058,AC,,,4TH,ST   ,S ,3.267,,,,,,,,,,2,1,0,1,2.0,CLEAR,1.0,DRY,True,5.0,LOCAL STREET,37.0,COLLISION WITH BICYCLIST,9.0,SINGLE VEHICLE,4.0,STRAIGHT & GRADE,2.0,DAYLIGHT,,,False,38.2097046,-85.7647768,2016,6,22,19,12
1060,203136,71792461,LOUISVILLE METRO POLICE DEPT,8016053531,AC,,,STANDARD,AVE  ,,0.135,US0031W ,22ND,ST   ,,,,,,,2,1,0,1,2.0,CLEAR,1.0,DRY,False,5.0,LOCAL STREET,2.0,COLLISION WITH BICYCLE,9.0,SINGLE VEHICLE,6.0,STRAIGHT & LEVEL,2.0,DAYLIGHT,,,False,38.2315593,-85.7917539,2016,6,24,11,12
1061,203286,71792602,LOUISVILLE METRO POLICE DEPT,8016054189,AC,,,COLORADO,AVE  ,,0.643,,,,,TENNESSEE,AVE  ,,LINCOLN,AVE  ,2,1,0,1,2.0,CLEAR,1.0,DRY,False,5.0,LOCAL STREET,37.0,COLLISION WITH BICYCLIST,9.0,SINGLE VEHICLE,5.0,STRAIGHT & HILLCREST,2.0,DAYLIGHT,,,False,38.2127085,-85.7752983,2016,6,26,18,36
1062,203936,71796539,LOUISVILLE METRO POLICE DEPT,8016056354,AC,KY1931  ,,7TH,ST   ,,10.332,,,,,,,,,,2,1,0,1,2.0,CLEAR,1.0,DRY,True,7.0,STATE,37.0,COLLISION WITH BICYCLIST,9.0,SINGLE VEHICLE,6.0,STRAIGHT & LEVEL,2.0,DAYLIGHT,,,False,38.218253,-85.7793547,2016,7,3,16,52
1063,204237,71798337,JEFFERSONTOWN POLICE DEPT,A0768998  ,AC,KY0155  ,,TAYLORSVILLE,RD   ,,10.696,,JANLYN,RD   ,,,,,,,2,1,0,1,3.0,CLOUDY,1.0,DRY,False,7.0,STATE,2.0,COLLISION WITH BICYCLE,9.0,SINGLE VEHICLE,6.0,STRAIGHT & LEVEL,2.0,DAYLIGHT,,,False,38.2076413,-85.5831238,2016,7,7,10,1
1064,204302,71798955,LOUISVILLE METRO POLICE DEPT,8016057582,AC,US0060  ,,FRANKFORT,AVE  ,,1.214,,PETERSON,AVE  ,,,,,,,2,1,0,1,2.0,CLEAR,1.0,DRY,False,2.0,FEDERAL,2.0,COLLISION WITH BICYCLE,9.0,SINGLE VEHICLE,6.0,STRAIGHT & LEVEL,2.0,DAYLIGHT,,,False,38.2539861,-85.6980822,2016,7,7,15,54
1065,204370,71800536,LOUISVILLE METRO POLICE DEPT,8016057811,AC,,,LOWELL,AVE  ,,0.533,US0031E ,BARDSTOWN,RD   ,,,,,,,2,1,0,1,6.0,RAINING,5.0,WET,False,5.0,LOCAL STREET,2.0,COLLISION WITH BICYCLE,9.0,SINGLE VEHICLE,4.0,STRAIGHT & GRADE,2.0,DAYLIGHT,,,False,38.2209589,-85.6815157,2016,7,8,11,57
1066,204812,71802914,LOUISVILLE METRO POLICE DEPT,8016059322,AC,,,TYLER,LN   ,,0.52,US0031E ,BARDSTOWN,RD   ,,,,,,,2,1,0,1,2.0,CLEAR,1.0,DRY,False,5.0,LOCAL STREET,2.0,COLLISION WITH BICYCLE,9.0,SINGLE VEHICLE,4.0,STRAIGHT & GRADE,2.0,DAYLIGHT,,,False,38.2177892,-85.6774723,2016,7,13,14,43
1067,205072,71807898,LOUISVILLE METRO POLICE DEPT,8016060101,AC,KY0061  ,,PRESTON,HWY  ,,3.252,,,,,SAINT RITA,DR   ,,TRIO,AVE  ,2,1,0,0,2.0,CLEAR,1.0,DRY,False,7.0,STATE,37.0,COLLISION WITH BICYCLIST,9.0,SINGLE VEHICLE,6.0,STRAIGHT & LEVEL,2.0,DAYLIGHT,,,False,38.1289293,-85.6814849,2016,7,15,21,6
1068,205273,71808026,LOUISVILLE METRO POLICE DEPT,8016060725,AC,US0031E ,600.0,BAXTER,AVE  ,,16.082,,,,,,,,,,2,1,0,0,2.0,CLEAR,1.0,DRY,True,2.0,FEDERAL,37.0,COLLISION WITH BICYCLIST,9.0,SINGLE VEHICLE,6.0,STRAIGHT & LEVEL,5.0,DARK-HWY LIGHTED/ON,,,False,38.2457891,-85.7286052,2016,7,18,0,3
1069,205443,71816208,LOUISVILLE METRO POLICE DEPT,8016060997,AC,,1132.0,CAMDEN,AVE  ,,0.783,,,,,,,,,,2,1,0,1,2.0,CLEAR,1.0,DRY,False,5.0,LOCAL STREET,37.0,COLLISION WITH BICYCLIST,9.0,SINGLE VEHICLE,6.0,STRAIGHT & LEVEL,2.0,DAYLIGHT,,,False,38.1925752,-85.7827253,2016,7,19,20,25
1070,205566,71808797,LOUISVILLE METRO POLICE DEPT,8016061779,AC,,,HILLBROOK,DR   ,,0.0,KY1932  ,BRECKENRIDGE,LN   ,,,,,,,2,1,0,0,2.0,CLEAR,1.0,DRY,False,5.0,LOCAL STREET,2.0,COLLISION WITH BICYCLE,9.0,SINGLE VEHICLE,3.0,CURVE & LEVEL,2.0,DAYLIGHT,,,False,38.2241986,-85.634084,2016,7,21,12,2
1071,206471,71815347,LOUISVILLE METRO POLICE DEPT,8016064597,RE,,,MUHAMMAD ALI,BLVD ,W ,2.603,,,,,,,,,,3,3,0,1,2.0,CLEAR,1.0,DRY,False,5.0,LOCAL STREET,37.0,COLLISION WITH BICYCLIST,5.0,REAR END,6.0,STRAIGHT & LEVEL,5.0,DARK-HWY LIGHTED/ON,,,False,38.2558305,-85.7999076,2016,7,30,6,10
1072,206676,71816263,LOUISVILLE METRO POLICE DEPT,8016065336,AC,,3742.0,LENTZ,AVE  ,,0.467,,,,,,,,,,2,1,0,0,2.0,CLEAR,1.0,DRY,True,5.0,LOCAL STREET,37.0,COLLISION WITH BICYCLIST,9.0,SINGLE VEHICLE,6.0,STRAIGHT & LEVEL,2.0,DAYLIGHT,,,False,38.1896266,-85.7861562,2016,8,1,18,50
1073,206697,71816427,ST. MATTHEWS POLICE DEPARTMENT,0316002099,AC,US0060  ,4000.0,SHELBYVILLE,RD   ,,3.812,,,,,,,,,,2,1,0,1,3.0,CLOUDY,1.0,DRY,False,2.0,FEDERAL,37.0,COLLISION WITH BICYCLIST,9.0,SINGLE VEHICLE,6.0,STRAIGHT & LEVEL,2.0,DAYLIGHT,,,False,38.2525229,-85.6508934,2016,8,1,14,42
1074,206798,71817243,LOUISVILLE METRO POLICE DEPT,8016065745,AC,,,CENTRAL,AVE  ,,1.033,US0060A ,TAYLOR,BLVD ,,,,,,,2,1,0,1,2.0,CLEAR,1.0,DRY,False,5.0,LOCAL STREET,2.0,COLLISION WITH BICYCLE,9.0,SINGLE VEHICLE,6.0,STRAIGHT & LEVEL,5.0,DARK-HWY LIGHTED/ON,,,False,38.2063757,-85.7762939,2016,8,2,23,47
1075,206914,71818839,LOUISVILLE METRO POLICE DEPT,8016066015,AC,,1365.0,CYPRESS,ST   ,,0.255,,,,,,,,,,2,1,0,1,2.0,CLEAR,1.0,DRY,True,5.0,LOCAL STREET,37.0,COLLISION WITH BICYCLIST,9.0,SINGLE VEHICLE,6.0,STRAIGHT & LEVEL,2.0,DAYLIGHT,,,False,38.2341838,-85.7981286,2016,8,3,19,37
1076,206937,71824605,SHIVELY POLICE DEPARTMENT,0416001726,AC,US0031W ,,DIXIE,HWY  ,,13.921,,,,,STALLINGS,AVE  ,,KLAGES,AVE  ,3,2,0,1,2.0,CLEAR,1.0,DRY,False,2.0,FEDERAL,37.0,COLLISION WITH BICYCLIST,1.0,ANGLE,6.0,STRAIGHT & LEVEL,7.0,DARK (UNKNOWN ROADWAY LIGHTING),,,False,38.1751109,-85.8222824,2016,8,3,0,57
1077,206952,71818846,LOUISVILLE METRO POLICE DEPT,8016066139,AC,,,YORK,ST   ,,0.416,,,,,LIBRARY,LN   ,,LIBRARY,PL   ,2,1,0,1,2.0,CLEAR,1.0,DRY,False,5.0,LOCAL STREET,37.0,COLLISION WITH BICYCLIST,9.0,SINGLE VEHICLE,6.0,STRAIGHT & LEVEL,2.0,DAYLIGHT,,,False,38.2441354,-85.757756,2016,8,4,10,32
1078,207047,71821480,LOUISVILLE METRO POLICE DEPT,8016066153,AC,KY0061  ,7121.0,PRESTON,HWY  ,,4.644,,,,,,,,,,2,1,0,1,2.0,CLEAR,1.0,DRY,False,7.0,STATE,37.0,COLLISION WITH BICYCLIST,9.0,SINGLE VEHICLE,6.0,STRAIGHT & LEVEL,2.0,DAYLIGHT,,,False,38.1476494,-85.6918352,2016,8,4,11,28
1079,207310,71823191,LOUISVILLE METRO POLICE DEPT,8016067130,AC,,,SHELBY,ST   ,S ,0.465,,,,,BURNETT,AVE  ,,SYLVIA,ST   ,2,1,0,1,2.0,CLEAR,1.0,DRY,False,5.0,LOCAL STREET,37.0,COLLISION WITH BICYCLIST,9.0,SINGLE VEHICLE,6.0,STRAIGHT & LEVEL,2.0,DAYLIGHT,,,False,38.2242021,-85.7425338,2016,8,7,14,0
1080,207386,71821523,LOUISVILLE METRO POLICE DEPT,8016067506,AC,,,HIKES,LN   ,,2.303,,FURMAN,BLVD ,,,,,,,2,1,0,1,2.0,CLEAR,1.0,DRY,False,5.0,LOCAL STREET,2.0,COLLISION WITH BICYCLE,9.0,SINGLE VEHICLE,6.0,STRAIGHT & LEVEL,2.0,DAYLIGHT,,,False,38.2119649,-85.6393858,2016,8,8,17,7
1081,207820,71825892,LOUISVILLE METRO POLICE DEPT,8016068801,AC,,,MILTON,ST   ,,0.001,,SHELBY,ST   ,,,,,,,2,1,0,0,2.0,CLEAR,1.0,DRY,False,5.0,LOCAL STREET,2.0,COLLISION WITH BICYCLE,9.0,SINGLE VEHICLE,6.0,STRAIGHT & LEVEL,2.0,DAYLIGHT,,,False,38.2258,-85.7418175,2016,8,12,16,50
1082,207935,71826184,SHIVELY POLICE DEPARTMENT,0416001823,AC,US0031W ,,DIXIE,HWY  ,,15.38,,,,KY2049  ,CRUMS,LN   ,KY2049,CRUMS,LN   ,2,1,0,1,2.0,CLEAR,1.0,DRY,False,2.0,FEDERAL,37.0,COLLISION WITH BICYCLIST,9.0,SINGLE VEHICLE,4.0,STRAIGHT & GRADE,2.0,DAYLIGHT,,,False,38.1925268,-85.8077667,2016,8,13,12,50
1083,208216,71830279,LOUISVILLE METRO POLICE DEPT,8016070034,AC,US0060  ,,FRANKFORT,AVE  ,,0.805,,,,,CLIFTON,AVE  ,,RASTETTER,AVE  ,2,1,0,0,2.0,CLEAR,1.0,DRY,False,2.0,FEDERAL,37.0,COLLISION WITH BICYCLIST,9.0,SINGLE VEHICLE,5.0,STRAIGHT & HILLCREST,2.0,DAYLIGHT,,,False,38.2535713,-85.7056277,2016,8,16,17,40
1084,208315,71828350,LOUISVILLE METRO POLICE DEPT,8016070343,AC,,,26TH,ST   ,N ,0.196,,DUNCAN,ST   ,,,,,,,2,1,0,1,2.0,CLEAR,1.0,DRY,False,5.0,LOCAL STREET,2.0,COLLISION WITH BICYCLE,9.0,SINGLE VEHICLE,6.0,STRAIGHT & LEVEL,2.0,DAYLIGHT,,,False,38.2635577,-85.7932316,2016,8,17,15,26