,Unnamed: 0,master_file_number,investigating_agency,local_code,collision_status_code,roadway_number,building_number,roadway_name,roadway_suffix,roadway_direction,milepoint,intersection_roadway_number,intersection_roadway_name,intersection_roadway_suffix,between_street_number_1,between_street_name_1,between_street_suffix_1,between_street_number_2,between_street_name_2,between_street_suffix_2,units_involved,motor_vehicles_involved,killed,injured,weather_code,weather,roadway_condition_code,roadway_condition,hit_and_run,roadway_type_code,roadway_type,directional_analysis_code,directional_analysis,manner_of_collision_code,manner_of_collision,roadway_character_code,roadway_character,light_condition_code,light_condition,ramp_from_roadway_id,ramp_to_roadway_id,secondary_collision,latitude,longitude,year,month,day,hour,minute
1085,208329,71828378,LOUISVILLE METRO POLICE DEPT,8016070475,AC,,,26TH,ST   ,S ,0.537,,CHESTNUT,ST   ,,,,,,,2,1,0,0,2.0,CLEAR,1.0,DRY,True,5.0,LOCAL STREET,2.0,COLLISION WITH BICYCLE,9.0,SINGLE VEHICLE,6.0,STRAIGHT & LEVEL,5.0,DARK-HWY LIGHTED/ON,,,False,38.2529874,-85.7945099,2016,8,17,22,23
1086,208435,71828938,LOUISVILLE METRO POLICE DEPT,8016070772,AC,KY2048  ,,CANNONS,LN   ,,2.087,,PEE WEE REESE,RD   ,,,,,,,2,1,0,0,2.0,CLEAR,1.0,DRY,False,7.0,STATE,2.0,COLLISION WITH BICYCLE,9.0,SINGLE VEHICLE,6.0,STRAIGHT & LEVEL,2.0,DAYLIGHT,,,False,38.2462472,-85.664296,2016,8,18,10,0
1087,208436,71828939,LOUISVILLE METRO POLICE DEPT,8016070777,AC,,,STRAWBERRY,LN   ,,0.276,,,,,STEEDLY,DR   ,,DOWNES,LN   ,2,1,0,1,2.0,CLEAR,1.0,DRY,True,5.0,LOCAL STREET,37.0,COLLISION WITH BICYCLIST,9.0,SINGLE VEHICLE,6.0,STRAIGHT & LEVEL,6.0,DARK-HWY NOT LIGHTED,,,False,38.160814,-85.7609155,2016,8,18,21,10
1088,208778,71830492,LOUISVILLE METRO POLICE DEPT,8016071505,RE,KY0841  ,,,,,0.286,KY1020  ,NATIONAL,TPKE ,,,,,,,2,2,0,1,2.0,CLEAR,1.0,DRY,False,7.0,STATE,2.0,COLLISION WITH BICYCLE,1.0,ANGLE,4.0,STRAIGHT & GRADE,2.0,DAYLIGHT,,,False,38.1166255,-85.7480769,2016,8,21,12,25
1089,208779,71830493,LOUISVILLE METRO POLICE DEPT,8016071506,AC,US0031W ,,DIXIE,HWY  ,,8.276,,BARRETT,LN   ,,,,,,,2,1,0,1,2.0,CLEAR,1.0,DRY,False,2.0,FEDERAL,2.0,COLLISION WITH BICYCLE,9.0,SINGLE VEHICLE,6.0,STRAIGHT & LEVEL,2.0,DAYLIGHT,,,False,38.1029702,-85.8696461,2016,8,21,12,25
1090,208798,71831662,ST. MATTHEWS POLICE DEPARTMENT,0316002328,AC,KY1447  ,,RIDGEWAY,AVE  ,,0.455,KY1447  ,WESTPORT,RD   ,,,,,,,2,1,0,0,3.0,CLOUDY,1.0,DRY,False,7.0,STATE,2.0,COLLISION WITH BICYCLE,9.0,SINGLE VEHICLE,6.0,STRAIGHT & LEVEL,2.0,DAYLIGHT,,,False,38.2568034,-85.6482369,2016,8,21,16,38
1091,208881,71831493,AUDUBON PARK POLICE DEPARTMENT,1916000096,AC,KY0061  ,,PRESTON,HWY  ,,9.934,,,,,PARKWAY,DR   ,,CLARKS,LN   ,2,1,0,1,2.0,CLEAR,1.0,DRY,False,7.0,STATE,37.0,COLLISION WITH BICYCLIST,9.0,SINGLE VEHICLE,4.0,STRAIGHT & GRADE,2.0,DAYLIGHT,,,False,38.2127128,-85.7412891,2016,8,22,16,10
1092,209744,71837702,LOUISVILLE METRO POLICE DEPT,8016074742,AC,,,HALE,AVE  ,,2.619,,45TH,ST   ,,,,,,,2,1,0,1,2.0,CLEAR,1.0,DRY,False,5.0,LOCAL STREET,2.0,COLLISION WITH BICYCLE,9.0,SINGLE VEHICLE,6.0,STRAIGHT & LEVEL,1.0,DAWN,,,False,38.2420202,-85.8279381,2016,8,31,21,10
1093,209880,71840394,LOUISVILLE METRO POLICE DEPT,8016074888,AC,,,CITATION,RD   ,,0.0,US0031W ,DIXIE,HWY  ,,,,,,,2,1,0,1,3.0,CLOUDY,1.0,DRY,True,5.0,LOCAL STREET,2.0,COLLISION WITH BICYCLE,9.0,SINGLE VEHICLE,6.0,STRAIGHT & LEVEL,2.0,DAYLIGHT,,,False,38.1132855,-85.8625145,2016,9,1,10,30
1094,210090,71840546,LOUISVILLE METRO POLICE DEPT,8016075648,AC,,,40TH,ST   ,N ,0.128,,DUNCAN,ST   ,,,,,,,2,1,0,1,2.0,CLEAR,1.0,DRY,False,5.0,LOCAL STREET,2.0,COLLISION WITH BICYCLE,9.0,SINGLE VEHICLE,6.0,STRAIGHT & LEVEL,2.0,DAYLIGHT,,,False,38.2659911,-85.8144405,2016,9,3,18,58
1095,210574,71844928,LOUISVILLE METRO POLICE DEPT,8016077418,AC,,,PAYNE,ST   ,,0.108,US0031E ,BAXTER,AVE  ,,,,,,,2,1,0,1,2.0,CLEAR,1.0,DRY,False,1.0,COUNTY ROAD,2.0,COLLISION WITH BICYCLE,9.0,SINGLE VEHICLE,6.0,STRAIGHT & LEVEL,2.0,DAYLIGHT,,,False,38.246263,-85.7289416,2016,9,9,14,0
1096,210662,71847248,GRAYMOOR-DEVONDALE POLICE DEPT,5016000184,AC,KY2050  ,,HERR,LN   ,,1.031,KY1447  ,WESTPORT,RD   ,,,,,,,2,1,0,1,2.0,CLEAR,1.0,DRY,False,7.0,STATE,2.0,COLLISION WITH BICYCLE,9.0,SINGLE VEHICLE,6.0,STRAIGHT & LEVEL,2.0,DAYLIGHT,,,False,38.2702171,-85.615673,2016,9,9,14,55
1097,210664,71848633,LOUISVILLE METRO POLICE DEPT,8016077448,AC,,,MASEMURE,CT   ,,0.003,,,,,GOLDSMITH,LN   ,,DELL BROOKE,AVE  ,2,1,0,0,2.0,CLEAR,1.0,DRY,False,5.0,LOCAL STREET,37.0,COLLISION WITH BICYCLIST,9.0,SINGLE VEHICLE,6.0,STRAIGHT & LEVEL,2.0,DAYLIGHT,,,False,38.2072028,-85.6517326,2016,9,9,15,39
1098,210671,71852635,LOUISVILLE METRO POLICE DEPT,8016077483,AC,,,HANCOCK,ST   ,S ,0.688,US0150  ,BROADWAY,,,,,,,,2,1,0,1,2.0,CLEAR,1.0,DRY,False,5.0,LOCAL STREET,2.0,COLLISION WITH BICYCLE,9.0,SINGLE VEHICLE,3.0,CURVE & LEVEL,2.0,DAYLIGHT,,,False,38.2451289,-85.7435651,2016,9,9,17,0
1099,210782,71845061,LOUISVILLE METRO POLICE DEPT,8016077971,AC,,,DIXIE,HWY  ,,1.367,,,,,,,,,,2,1,0,1,2.0,CLEAR,1.0,DRY,False,5.0,LOCAL STREET,37.0,COLLISION WITH BICYCLIST,9.0,SINGLE VEHICLE,4.0,STRAIGHT & GRADE,2.0,DAYLIGHT,,,False,38.2301016,-85.7897785,2016,9,11,10,42
1100,210786,71845071,LOUISVILLE METRO POLICE DEPT,8016078037,AC,,,HILL,ST   ,W ,0.186,KY1020  ,3RD,ST   ,,,,,,,2,1,0,1,2.0,CLEAR,1.0,DRY,False,5.0,LOCAL STREET,2.0,COLLISION WITH BICYCLE,9.0,SINGLE VEHICLE,6.0,STRAIGHT & LEVEL,2.0,DAYLIGHT,,,False,38.2258155,-85.7603258,2016,9,11,15,25
1101,210865,71845895,LOUISVILLE METRO POLICE DEPT,8016078207,AC,,,CHEROKEE,RD   ,,0.351,,,,,HIGHLAND,AVE  ,KY2860,GRINSTEAD,DR   ,2,1,0,0,2.0,CLEAR,1.0,DRY,False,5.0,LOCAL STREET,37.0,COLLISION WITH BICYCLIST,9.0,SINGLE VEHICLE,6.0,STRAIGHT & LEVEL,2.0,DAYLIGHT,,,False,38.2405462,-85.7220472,2016,9,12,8,22
1102,211068,71847799,LOUISVILLE METRO POLICE DEPT,8016079097,AC,,,QUEST,DR   ,,0.0,,CHESTNUT,ST   ,,,,,,,2,1,0,0,2.0,CLEAR,1.0,DRY,True,5.0,LOCAL STREET,2.0,COLLISION WITH BICYCLE,9.0,SINGLE VEHICLE,6.0,STRAIGHT & LEVEL,5.0,DARK-HWY LIGHTED/ON,,,False,38.250553,-85.7724446,2016,9,14,21,34
1103,211255,71850024,LOUISVILLE METRO POLICE DEPT,8016079479,AC,,,SAINT CATHERINE,ST   ,E ,0.866,KY0061  ,JACKSON,ST   ,,,,,,,2,1,0,1,2.0,CLEAR,1.0,DRY,True,5.0,LOCAL STREET,2.0,COLLISION WITH BICYCLE,9.0,SINGLE VEHICLE,6.0,STRAIGHT & LEVEL,2.0,DAYLIGHT,,,False,38.2353329,-85.7472892,2016,9,16,7,34
1104,211433,71850168,LOUISVILLE METRO POLICE DEPT,8016079919,AC,,3208.0,DUVALLE,DR   ,,0.001,,,,,,,,,,2,1,0,0,2.0,CLEAR,1.0,DRY,False,5.0,LOCAL STREET,37.0,COLLISION WITH BICYCLIST,9.0,SINGLE VEHICLE,6.0,STRAIGHT & LEVEL,2.0,DAYLIGHT,,,False,38.227094,-85.8089138,2016,9,17,16,0
1105,211453,71852643,LOUISVILLE METRO POLICE DEPT,8016079970,RE,KY0864  ,,SHELBY,ST   ,S ,15.149,,,,,,,,,,3,3,0,0,2.0,CLEAR,1.0,DRY,True,7.0,STATE,37.0,COLLISION WITH BICYCLIST,8.0,SIDESWIPE-SAME DIRECTION,6.0,STRAIGHT & LEVEL,2.0,DAYLIGHT,,,False,38.2397949,-85.740335,2016,9,17,17,30
1106,211528,71850249,LOUISVILLE METRO POLICE DEPT,8016080310,AC,,,7TH,ST   ,S ,0.038,,,,KY2054  ,ALGONQUIN,PKWY ,,INDUSTRY,RD   ,2,1,0,1,3.0,CLOUDY,1.0,DRY,True,5.0,LOCAL STREET,37.0,COLLISION WITH BICYCLIST,9.0,SINGLE VEHICLE,6.0,STRAIGHT & LEVEL,2.0,DAYLIGHT,,,False,38.2203862,-85.7768133,2016,9,19,0,0
1107,211577,71851138,LOUISVILLE METRO POLICE DEPT,8016080475,AC,,,PARK BOUNDARY,RD   ,,0.545,,,,,,,,,,2,1,0,1,2.0,CLEAR,1.0,DRY,False,5.0,LOCAL STREET,37.0,COLLISION WITH BICYCLIST,9.0,SINGLE VEHICLE,1.0,CURVE & GRADE,2.0,DAYLIGHT,,,False,38.2325669,-85.6821604,2016,9,19,15,48
1108,211989,71853423,LOUISVILLE METRO POLICE DEPT,8016081689,AC,US0031E ,,BARDSTOWN,RD   ,,15.35,,,,,,,,,,2,1,0,0,2.0,CLEAR,1.0,DRY,False,2.0,FEDERAL,37.0,COLLISION WITH BICYCLIST,9.0,SINGLE VEHICLE,6.0,STRAIGHT & LEVEL,1.0,DAWN,,,False,38.2378065,-85.7198949,2016,9,23,8,30
1109,212236,71854939,LOUISVILLE METRO POLICE DEPT,8016082364,AC,US0031E ,,MAIN,ST   ,W ,17.963,,2ND,ST   ,,,,,,,2,1,0,0,2.0,CLEAR,1.0,DRY,False,2.0,FEDERAL,2.0,COLLISION WITH BICYCLE,9.0,SINGLE VEHICLE,6.0,STRAIGHT & LEVEL,2.0,DAYLIGHT,,,False,38.2562754,-85.7533408,2016,9,25,9,28
1110,212423,71856713,LOUISVILLE METRO POLICE DEPT,8016083052,AC,,5604.0,FOX HORN,CIR  ,,0.06,,,,,,,,,,2,1,0,1,2.0,CLEAR,1.0,DRY,False,99.0,NONE OF THE ABOVE,37.0,COLLISION WITH BICYCLIST,9.0,SINGLE VEHICLE,6.0,STRAIGHT & LEVEL,2.0,DAYLIGHT,,,False,38.1628863,-85.8565622,2016,9,27,18,20
1111,212638,71858397,LOUISVILLE METRO POLICE DEPT,8016083603,AC,US0031E ,,BARDSTOWN,RD   ,,12.012,,,,,,,,,,2,1,0,0,3.0,CLOUDY,1.0,DRY,True,2.0,FEDERAL,37.0,COLLISION WITH BICYCLIST,9.0,SINGLE VEHICLE,3.0,CURVE & LEVEL,2.0,DAYLIGHT,,,False,38.2108132,-85.6710307,2016,9,29,14,20
1112,213082,71869782,LOUISVILLE METRO POLICE DEPT,8016084533,AC,US0031W ,,DIXIE,HWY  ,,13.181,,,,,,,,,,2,1,0,1,3.0,CLOUDY,1.0,DRY,False,2.0,FEDERAL,37.0,COLLISION WITH BICYCLIST,9.0,SINGLE VEHICLE,6.0,STRAIGHT & LEVEL,5.0,DARK-HWY LIGHTED/ON,,,False,38.1668176,-85.8293748,2016,10,3,5,10
1113,213370,71863457,LOUISVILLE METRO POLICE DEPT,8016085758,AC,,,LIBERTY,ST   ,W ,0.699,KY1020  ,3RD,ST   ,,,,,,,2,1,0,1,2.0,CLEAR,1.0,DRY,False,5.0,LOCAL STREET,2.0,COLLISION WITH BICYCLE,9.0,SINGLE VEHICLE,6.0,STRAIGHT & LEVEL,2.0,DAYLIGHT,,,False,38.2528825,-85.7554972,2016,10,6,17,55
1114,213438,71864796,LOUISVILLE METRO POLICE DEPT,8016085882,AC,KY1932  ,,CHENOWETH,LN   ,,6.28,,,,,NAPANEE,RD   ,,NAPANEE,RD   ,2,1,0,1,2.0,CLEAR,1.0,DRY,False,7.0,STATE,37.0,COLLISION WITH BICYCLIST,9.0,SINGLE VEHICLE,6.0,STRAIGHT & LEVEL,2.0,DAYLIGHT,,,False,38.262016,-85.6628759,2016,10,7,0,0
1115,213630,71869792,LOUISVILLE METRO POLICE DEPT,8016086391,AC,,,18TH,ST   ,S ,0.097,US0031W ,MARKET,ST   ,,,,,,,2,1,0,0,2.0,CLEAR,1.0,DRY,False,5.0,LOCAL STREET,2.0,COLLISION WITH BICYCLE,9.0,SINGLE VEHICLE,6.0,STRAIGHT & LEVEL,2.0,DAYLIGHT,,,False,38.2577965,-85.7799468,2016,10,8,18,11
1116,213691,71864975,LOUISVILLE METRO POLICE DEPT,8016086600,AC,KY1703  ,,BAXTER,AVE  ,,5.009,,WINDSOR,PL   ,,,,,,,2,1,0,1,2.0,CLEAR,1.0,DRY,False,7.0,STATE,2.0,COLLISION WITH BICYCLE,9.0,SINGLE VEHICLE,6.0,STRAIGHT & LEVEL,2.0,DAYLIGHT,,,False,38.2319521,-85.7176479,2016,10,9,14,37
1117,214285,71869968,LOUISVILLE METRO POLICE DEPT,8016088521,AC,KY1020  ,,2ND,ST   ,S ,12.097,US0150  ,BROADWAY,,,,,,,,2,1,0,1,2.0,CLEAR,1.0,DRY,False,7.0,STATE,2.0,COLLISION WITH BICYCLE,9.0,SINGLE VEHICLE,6.0,STRAIGHT & LEVEL,5.0,DARK-HWY LIGHTED/ON,,,False,38.2458317,-85.755024,2016,10,15,20,55
1118,214373,71883846,LOUISVILLE METRO POLICE DEPT,8016088559,AC,I 0264  ,,,,,0.322,US0031E ,BARDSTOWN,RD   ,,,,,,,2,1,0,1,2.0,CLEAR,1.0,DRY,False,4.0,INTERSTATE,2.0,COLLISION WITH BICYCLE,9.0,SINGLE VEHICLE,3.0,CURVE & LEVEL,5.0,DARK-HWY LIGHTED/ON,,,False,38.2105731,-85.6708753,2016,10,16,0,45
1119,214563,71872059,LOUISVILLE METRO POLICE DEPT,8016089463,AC,KY0061  ,,PRESTON,HWY  ,,1.634,I 0265  ,I265 N EXIT12 ON RAMP FROM KY61,,,,,,,,2,1,0,1,2.0,CLEAR,1.0,DRY,False,7.0,STATE,2.0,COLLISION WITH BICYCLE,9.0,SINGLE VEHICLE,6.0,STRAIGHT & LEVEL,5.0,DARK-HWY LIGHTED/ON,,,False,38.1061155,-85.6737153,2016,10,18,20,0
1120,215029,71875619,LOUISVILLE METRO POLICE DEPT,8016090839,AC,KY1020  ,,SOUTHERN PKY,,,8.954,,KENTON,ST   ,,,,,,,2,1,0,1,2.0,CLEAR,1.0,DRY,False,7.0,STATE,2.0,COLLISION WITH BICYCLE,9.0,SINGLE VEHICLE,3.0,CURVE & LEVEL,2.0,DAYLIGHT,,,False,38.1981459,-85.7668886,2016,10,23,8,50
1121,215052,71875644,LOUISVILLE METRO POLICE DEPT,8016090987,AC,US0031E ,,BARDSTOWN,RD   ,,13.89,,ALFRESCO,PL   ,,,,,,,2,1,0,0,2.0,CLEAR,1.0,DRY,True,2.0,FEDERAL,2.0,COLLISION WITH BICYCLE,9.0,SINGLE VEHICLE,6.0,STRAIGHT & LEVEL,5.0,DARK-HWY LIGHTED/ON,,,False,38.2263887,-85.6978405,2016,10,23,21,15
1122,215148,71876513,LOUISVILLE METRO POLICE DEPT,8016091276,AC,KY1865  ,,TAYLOR,BLVD ,,5.397,,,,,MANITAU,AVE  ,,CARRICO,AVE  ,2,1,0,0,2.0,CLEAR,1.0,DRY,True,7.0,STATE,37.0,COLLISION WITH BICYCLIST,9.0,SINGLE VEHICLE,6.0,STRAIGHT & LEVEL,2.0,DAYLIGHT,,,False,38.1847265,-85.7839902,2016,10,24,17,10
1123,215211,71877294,LOUISVILLE METRO POLICE DEPT,8016091437,AC,,,MADISON,ST   ,W ,0.726,US0031W ,DR W J HODGE,ST   ,,,,,,,2,1,0,1,2.0,CLEAR,1.0,DRY,False,5.0,LOCAL STREET,2.0,COLLISION WITH BICYCLE,9.0,SINGLE VEHICLE,6.0,STRAIGHT & LEVEL,2.0,DAYLIGHT,,,False,38.2531511,-85.7858228,2016,10,25,11,37
1124,215230,71877332,LOUISVILLE METRO POLICE DEPT,8016091670,AC,,,BARRET,AVE  ,,0.421,,,,,,,,,,2,1,0,1,2.0,CLEAR,1.0,DRY,False,5.0,LOCAL STREET,37.0,COLLISION WITH BICYCLIST,9.0,SINGLE VEHICLE,6.0,STRAIGHT & LEVEL,4.0,DARK-HWY LIGHTED/OFF,,,False,38.2430038,-85.7333386,2016,10,25,21,4
1125,215790,71881259,JEFFERSONTOWN POLICE DEPT,A1064473  ,AC,KY1819  ,,BILLTOWN,RD   ,,8.133,,ST RENE,RD   ,,,,,,,2,1,0,1,2.0,CLEAR,1.0,DRY,False,7.0,STATE,2.0,COLLISION WITH BICYCLE,9.0,SINGLE VEHICLE,6.0,STRAIGHT & LEVEL,2.0,DAYLIGHT,,,False,38.1796485,-85.5712901,2016,10,31,15,18
1126,215851,71882918,LOUISVILLE METRO POLICE DEPT,8016093244,AC,,,15TH,ST   ,S ,1.853,,MADISON,ST   ,,,,,,,2,1,0,1,2.0,CLEAR,1.0,DRY,False,5.0,LOCAL STREET,2.0,COLLISION WITH BICYCLE,9.0,SINGLE VEHICLE,6.0,STRAIGHT & LEVEL,1.0,DAWN,,,False,38.2520451,-85.7759181,2016,10,31,6,58
1127,216054,71882972,LOUISVILLE METRO POLICE DEPT,8016094160,AC,US0150  ,,BROADWAY,,E ,3.189,,HANCOCK,ST   ,,,,,,,2,1,0,1,2.0,CLEAR,1.0,DRY,False,2.0,FEDERAL,2.0,COLLISION WITH BICYCLE,9.0,SINGLE VEHICLE,6.0,STRAIGHT & LEVEL,3.0,DUSK,,,False,38.2449841,-85.74357,2016,11,2,18,30
1128,216323,71885409,LOUISVILLE METRO POLICE DEPT,8016094883,AC,,,GRAFTON HALL,RD   ,,0.243,,,,,,,,,,2,1,0,1,2.0,CLEAR,1.0,DRY,False,5.0,LOCAL STREET,37.0,COLLISION WITH BICYCLIST,9.0,SINGLE VEHICLE,6.0,STRAIGHT & LEVEL,6.0,DARK-HWY NOT LIGHTED,,,False,38.1019056,-85.8556033,2016,11,4,20,20
1129,216775,71887974,LOUISVILLE METRO POLICE DEPT,8016096210,AC,US0031W ,,DIXIE,HWY  ,,17.234,,,,,HAROLD,AVE  ,,HARDESTY,AVE  ,2,1,0,1,3.0,CLOUDY,1.0,DRY,True,2.0,FEDERAL,37.0,COLLISION WITH BICYCLIST,9.0,SINGLE VEHICLE,6.0,STRAIGHT & LEVEL,5.0,DARK-HWY LIGHTED/ON,,,False,38.2175738,-85.7953002,2016,11,9,5,23
1130,216921,71890854,LOUISVILLE METRO POLICE DEPT,8016096533,AC,KY1865  ,,TAYLOR,BLVD ,,4.715,,BROOKLINE,AVE  ,,,,,,,2,1,0,0,2.0,CLEAR,1.0,DRY,True,7.0,STATE,2.0,COLLISION WITH BICYCLE,9.0,SINGLE VEHICLE,6.0,STRAIGHT & LEVEL,2.0,DAYLIGHT,,,False,38.1750854,-85.7825678,2016,11,10,14,26
1131,216928,71891786,LOUISVILLE METRO POLICE DEPT,8016096542,AC,,,CAROLINA CROSSINGS,WAY  ,,0.105,KY2052  ,SHEPHERDSVILLE,RD   ,,,,,,,2,1,0,1,2.0,CLEAR,1.0,DRY,False,5.0,LOCAL STREET,2.0,COLLISION WITH BICYCLE,9.0,SINGLE VEHICLE,6.0,STRAIGHT & LEVEL,2.0,DAYLIGHT,,,False,38.1474234,-85.6600211,2016,11,10,17,0
1132,217323,71891849,LOUISVILLE METRO POLICE DEPT,8016097921,AC,,,ARTHUR,ST   ,,0.017,,WARNOCK,ST   ,,,,,,,2,1,0,0,2.0,CLEAR,1.0,DRY,False,5.0,LOCAL STREET,2.0,COLLISION WITH BICYCLE,9.0,SINGLE VEHICLE,6.0,STRAIGHT & LEVEL,2.0,DAYLIGHT,,,False,38.214582,-85.7527229,2016,11,15,16,51
1133,217434,71892550,LOUISVILLE METRO POLICE DEPT,8016098269,AC,KY0146  ,,NEW LA GRANGE,RD   ,,0.913,,,,,,,,,,2,1,0,0,2.0,CLEAR,1.0,DRY,True,7.0,STATE,37.0,COLLISION WITH BICYCLIST,9.0,SINGLE VEHICLE,6.0,STRAIGHT & LEVEL,3.0,DUSK,,,False,38.2581237,-85.6049226,2016,11,16,17,35
1134,217624,71893548,LOUISVILLE METRO POLICE DEPT,8016098749,AC,,,ORMSBY,AVE  ,W ,1.088,,,,,,,,,,2,1,0,2,2.0,CLEAR,1.0,DRY,False,5.0,LOCAL STREET,37.0,COLLISION WITH BICYCLIST,9.0,SINGLE VEHICLE,4.0,STRAIGHT & GRADE,2.0,DAYLIGHT,,,False,38.2344794,-85.7787864,2016,11,18,11,0
1135,218875,71902923,LOUISVILLE METRO POLICE DEPT,8016102611,AC,,,ROY WILKINS,AVE  ,,0.199,,JEFFERSON,ST   ,,,,,,,2,1,0,1,2.0,CLEAR,1.0,DRY,False,5.0,LOCAL STREET,2.0,COLLISION WITH BICYCLE,9.0,SINGLE VEHICLE,6.0,STRAIGHT & LEVEL,2.0,DAYLIGHT,,,False,38.2547235,-85.7652871,2016,12,1,16,21
1136,219057,71904657,LOUISVILLE METRO POLICE DEPT,8016102965,AC,US0060A ,,EASTERN,PKWY ,,6.684,,NORRIS,PL   ,,,,,,,2,1,0,1,3.0,CLOUDY,1.0,DRY,False,2.0,FEDERAL,2.0,COLLISION WITH BICYCLE,9.0,SINGLE VEHICLE,4.0,STRAIGHT & GRADE,5.0,DARK-HWY LIGHTED/ON,,,False,38.2308616,-85.7115486,2016,12,2,10,0
1137,219094,71904687,LOUISVILLE METRO POLICE DEPT,8016103108,AC,,,BROWNS,LN   ,,1.952,,LYNNBROOK,DR   ,,,,,,,2,1,0,1,2.0,CLEAR,1.0,DRY,False,5.0,LOCAL STREET,2.0,COLLISION WITH BICYCLE,9.0,SINGLE VEHICLE,6.0,STRAIGHT & LEVEL,1.0,DAWN,,,False,38.2306444,-85.6249941,2016,12,3,6,55
1138,219247,71907175,LOUISVILLE METRO POLICE DEPT,8016103501,AC,US0031  ,,CLARK MEMORIAL BRG,,,0.404,,,,,,,,,,2,1,0,1,6.0,RAINING,5.0,WET,True,2.0,FEDERAL,37.0,COLLISION WITH BICYCLIST,9.0,SINGLE VEHICLE,6.0,STRAIGHT & LEVEL,5.0,DARK-HWY LIGHTED/ON,,,False,38.262014,-85.7521029,2016,12,4,18,40
1139,219626,71907812,JEFFERSONTOWN POLICE DEPT,A1266453  ,AC,KY1819  ,,WATTERSON,TRL  ,,11.1,,BUNSEN,WAY  ,,,,,,,2,1,0,1,3.0,CLOUDY,1.0,DRY,False,7.0,STATE,2.0,COLLISION WITH BICYCLE,9.0,SINGLE VEHICLE,1.0,CURVE & GRADE,3.0,DUSK,,,False,38.212607,-85.5587841,2016,12,8,17,16
1140,221620,71920820,LOUISVILLE METRO POLICE DEPT,8016110249,AC,US0150  ,,BROADWAY,,W ,2.333,,,,,4TH,ST   ,,5TH,ST   ,2,1,0,0,2.0,CLEAR,1.0,DRY,False,2.0,FEDERAL,37.0,COLLISION WITH BICYCLIST,9.0,SINGLE VEHICLE,6.0,STRAIGHT & LEVEL,2.0,DAYLIGHT,,,False,38.2461647,-85.7592896,2016,12,27,16,12
1141,223599,71936918,LOUISVILLE METRO POLICE DEPT,8017005293,AC,,,LAMBORNE,BLVD ,,0.114,,,,KY0907  ,3RD,ST   ,,SCARBOROUGH,AVE  ,2,1,0,0,3.0,CLOUDY,1.0,DRY,False,5.0,LOCAL STREET,37.0,COLLISION WITH BICYCLIST,9.0,SINGLE VEHICLE,1.0,CURVE & GRADE,2.0,DAYLIGHT,,,False,38.1147767,-85.8136114,2017,1,18,12,10
1142,224651,71946806,LOUISVILLE METRO POLICE DEPT,8017009387,AC,KY2050  ,,LYNDON,LN   ,,0.267,,LA GRANGE,RD   ,,,,,,,2,1,0,0,2.0,CLEAR,1.0,DRY,True,7.0,STATE,2.0,COLLISION WITH BICYCLE,9.0,SINGLE VEHICLE,6.0,STRAIGHT & LEVEL,5.0,DARK-HWY LIGHTED/ON,,,False,38.2620276,-85.606885,2017,2,1,22,15
1143,224808,71949138,LOUISVILLE METRO POLICE DEPT,8017009649,AC,KY1934  ,,GREENBELT,HWY  ,,4.965,,,,,DISTRIBUTION,DR   ,,INTERMODAL,DR   ,2,1,0,1,3.0,CLOUDY,1.0,DRY,False,7.0,STATE,37.0,COLLISION WITH BICYCLIST,9.0,SINGLE VEHICLE,6.0,STRAIGHT & LEVEL,6.0,DARK-HWY NOT LIGHTED,,,False,38.1542255,-85.8854641,2017,2,3,19,59
1144,224979,71949314,LOUISVILLE METRO POLICE DEPT,8017010523,AC,US0060A ,,BERRY,BLVD ,,1.074,,POWELL,AVE  ,,,,,,,2,1,0,1,2.0,CLEAR,1.0,DRY,False,2.0,FEDERAL,2.0,COLLISION WITH BICYCLE,9.0,SINGLE VEHICLE,6.0,STRAIGHT & LEVEL,2.0,DAYLIGHT,,,False,38.1965228,-85.7900272,2017,2,5,17,5
1145,225410,71954323,LOUISVILLE METRO POLICE DEPT,8017011946,AC,,,MAIN,ST   ,W ,0.605,,28TH,ST   ,,,,,,,2,1,0,1,2.0,CLEAR,1.0,DRY,False,5.0,LOCAL STREET,2.0,COLLISION WITH BICYCLE,9.0,SINGLE VEHICLE,6.0,STRAIGHT & LEVEL,2.0,DAYLIGHT,,,False,38.2611499,-85.7973257,2017,2,10,14,35
1146,225432,71954357,LOUISVILLE METRO POLICE DEPT,8017012062,AC,,,MARKET,ST   ,W ,1.528,,39TH,ST   ,,,,,,,2,1,0,1,3.0,CLOUDY,1.0,DRY,False,5.0,LOCAL STREET,2.0,COLLISION WITH BICYCLE,9.0,SINGLE VEHICLE,6.0,STRAIGHT & LEVEL,5.0,DARK-HWY LIGHTED/ON,,,False,38.26196,-85.8141929,2017,2,10,21,23
1147,225463,71954368,LOUISVILLE METRO POLICE DEPT,8017012136,AC,US0060  ,,SHELBYVILLE,RD   ,,5.86,,OXMOOR,LN   ,,,,,,,2,1,0,0,2.0,CLEAR,1.0,DRY,False,2.0,FEDERAL,2.0,COLLISION WITH BICYCLE,9.0,SINGLE VEHICLE,6.0,STRAIGHT & LEVEL,5.0,DARK-HWY LIGHTED/ON,,,False,38.2493432,-85.6133356,2017,2,11,5,43