,Unnamed: 0,master_file_number,investigating_agency,local_code,collision_status_code,roadway_number,building_number,roadway_name,roadway_suffix,roadway_direction,milepoint,intersection_roadway_number,intersection_roadway_name,intersection_roadway_suffix,between_street_number_1,between_street_name_1,between_street_suffix_1,between_street_number_2,between_street_name_2,between_street_suffix_2,units_involved,motor_vehicles_involved,killed,injured,weather_code,weather,roadway_condition_code,roadway_condition,hit_and_run,roadway_type_code,roadway_type,directional_analysis_code,directional_analysis,manner_of_collision_code,manner_of_collision,roadway_character_code,roadway_character,light_condition_code,light_condition,ramp_from_roadway_id,ramp_to_roadway_id,secondary_collision,latitude,longitude,year,month,day,hour,minute
1148,225605,71955328,LOUISVILLE METRO POLICE DEPT,8017012694,AC,US0031E ,,BARDSTOWN,RD   ,,13.723,,PRINCETON,DR   ,,,,,,,2,1,0,1,2.0,CLEAR,1.0,DRY,False,2.0,FEDERAL,2.0,COLLISION WITH BICYCLE,9.0,SINGLE VEHICLE,6.0,STRAIGHT & LEVEL,2.0,DAYLIGHT,,,False,38.2251867,-85.6952328,2017,2,13,12,20
1149,225895,71959682,LOUISVILLE METRO POLICE DEPT,8017013885,AC,KY1020  ,600  ,3RD,ST   ,S ,12.127,,,,,,,,,,2,1,0,0,2.0,CLEAR,1.0,DRY,False,7.0,STATE,37.0,COLLISION WITH BICYCLIST,9.0,SINGLE VEHICLE,6.0,STRAIGHT & LEVEL,2.0,DAYLIGHT,,,False,38.2463502,-85.7567126,2017,2,17,12,34
1150,226177,71960553,LOUISVILLE METRO POLICE DEPT,8017014779,AC,US0150  ,,BROADWAY,,E ,3.075,KY0061  ,JACKSON,ST   ,,,,,,,2,1,0,1,2.0,CLEAR,1.0,DRY,False,2.0,FEDERAL,2.0,COLLISION WITH BICYCLE,9.0,SINGLE VEHICLE,6.0,STRAIGHT & LEVEL,2.0,DAYLIGHT,,,False,38.2451971,-85.7455919,2017,2,20,14,45
1151,227627,71969609,LOUISVILLE METRO POLICE DEPT,8017019063,AC,KY1065  ,,OUTER,LOOP ,,1.028,KY1865  ,NEW CUT,RD   ,,,,,,,2,1,0,1,3.0,CLOUDY,1.0,DRY,False,7.0,STATE,2.0,COLLISION WITH BICYCLE,9.0,SINGLE VEHICLE,6.0,STRAIGHT & LEVEL,6.0,DARK-HWY NOT LIGHTED,,,False,38.1263906,-85.7761219,2017,3,7,19,32
1152,227698,71970175,LOUISVILLE METRO POLICE DEPT,8017019297,AC,,,28TH,ST   ,S ,0.383,,MUHAMMAD ALI,BLVD ,,,,,,,2,1,0,0,2.0,CLEAR,1.0,DRY,False,5.0,LOCAL STREET,2.0,COLLISION WITH BICYCLE,9.0,SINGLE VEHICLE,6.0,STRAIGHT & LEVEL,2.0,DAYLIGHT,,,False,38.2555316,-85.797222,2017,3,8,15,58
1153,228163,71973483,LOUISVILLE METRO POLICE DEPT,8017020465,AC,,,MAGNOLIA,AVE  ,W ,0.09,KY1020  ,2ND,ST   ,,,,,,,2,1,0,0,2.0,CLEAR,1.0,DRY,False,5.0,LOCAL STREET,2.0,COLLISION WITH BICYCLE,9.0,SINGLE VEHICLE,6.0,STRAIGHT & LEVEL,2.0,DAYLIGHT,,,False,38.2287814,-85.7580532,2017,3,13,8,14
1154,228696,71976355,LOUISVILLE METRO POLICE DEPT,8017022353,AC,KY1142  ,1020 ,PALATKA,RD   ,,0.917,,,,,,,,,,2,1,1,0,2.0,CLEAR,1.0,DRY,False,7.0,STATE,37.0,COLLISION WITH BICYCLIST,9.0,SINGLE VEHICLE,4.0,STRAIGHT & GRADE,5.0,DARK-HWY LIGHTED/ON,,,False,38.1521087,-85.7858086,2017,3,19,22,38
1155,229020,71978529,LOUISVILLE METRO POLICE DEPT,8017023270,AC,KY0155  ,,TAYLORSVILLE,RD   ,,14.561,,,,I 0264  ,I264 E EXIT17A OFF RAMP TO KY155,,,FURMAN,BLVD ,2,1,0,1,2.0,CLEAR,1.0,DRY,False,7.0,STATE,37.0,COLLISION WITH BICYCLIST,9.0,SINGLE VEHICLE,4.0,STRAIGHT & GRADE,2.0,DAYLIGHT,,,False,38.221237,-85.648508,2017,3,23,0,0
1156,229411,71981336,LOUISVILLE METRO POLICE DEPT,8017024513,AC,US0031E ,,BARDSTOWN,RD   ,,15.421,,,,,,,,,,2,1,0,0,2.0,CLEAR,1.0,DRY,False,2.0,FEDERAL,37.0,COLLISION WITH BICYCLIST,9.0,SINGLE VEHICLE,6.0,STRAIGHT & LEVEL,2.0,DAYLIGHT,,,False,38.2383992,-85.720946,2017,3,27,13,44
1157,229816,71984718,LOUISVILLE METRO POLICE DEPT,8017025591,AC,,,1ST,ST   ,S ,0.377,,,,,MUHAMMAD ALI,BLVD ,I 0065,I65 S EXIT136 ON RAMP FROM  S 1ST ST,,2,1,0,1,3.0,CLOUDY,1.0,DRY,False,5.0,LOCAL STREET,37.0,COLLISION WITH BICYCLIST,9.0,SINGLE VEHICLE,6.0,STRAIGHT & LEVEL,2.0,DAYLIGHT,,,False,38.2506564,-85.7525097,2017,3,31,12,6
1158,229854,71986738,LOUISVILLE METRO POLICE DEPT,8017025649,AC,US0031E ,,BARDSTOWN,RD   ,,15.065,,,,,LONGEST,AVE  ,,BEECHWOOD,AVE  ,2,1,0,1,3.0,CLOUDY,1.0,DRY,False,2.0,FEDERAL,37.0,COLLISION WITH BICYCLIST,9.0,SINGLE VEHICLE,6.0,STRAIGHT & LEVEL,2.0,DAYLIGHT,,,False,38.2354495,-85.7155869,2017,3,31,14,46
1159,229915,71988539,SHIVELY POLICE DEPARTMENT,0417000707,AC,KY1931  ,,7TH ST,RD   ,,9.612,,ARCADE,AVE  ,,,,,,,2,1,0,1,2.0,CLEAR,1.0,DRY,True,7.0,STATE,2.0,COLLISION WITH BICYCLE,9.0,SINGLE VEHICLE,6.0,STRAIGHT & LEVEL,5.0,DARK-HWY LIGHTED/ON,,,False,38.2093801,-85.7871292,2017,4,1,21,22
1160,230030,71986747,LOUISVILLE METRO POLICE DEPT,8017026247,AC,,,PHILLIPS,LN   ,,0.729,,FREEDOM,WAY  ,,,,,,,2,1,0,1,2.0,CLEAR,1.0,DRY,False,5.0,LOCAL STREET,2.0,COLLISION WITH BICYCLE,9.0,SINGLE VEHICLE,6.0,STRAIGHT & LEVEL,5.0,DARK-HWY LIGHTED/ON,,,False,38.1934249,-85.7397849,2017,4,3,5,35
1161,230116,71987485,LOUISVILLE METRO POLICE DEPT,8017026728,AC,,,BURNETT,AVE  ,E ,0.544,,HANCOCK,ST   ,,,,,,,2,1,0,1,2.0,CLEAR,1.0,DRY,False,5.0,LOCAL STREET,2.0,COLLISION WITH BICYCLE,9.0,SINGLE VEHICLE,6.0,STRAIGHT & LEVEL,5.0,DARK-HWY LIGHTED/ON,,,False,38.225721,-85.7468884,2017,4,4,19,8
1162,230342,71989049,LOUISVILLE METRO POLICE DEPT,8017027558,AC,,,TENNY,AVE  ,E ,0.031,,,,,HOLLINS,RD   ,,1ST,ST   ,2,1,0,0,2.0,CLEAR,1.0,DRY,False,5.0,LOCAL STREET,37.0,COLLISION WITH BICYCLIST,9.0,SINGLE VEHICLE,6.0,STRAIGHT & LEVEL,2.0,DAYLIGHT,,,False,38.1765693,-85.7627621,2017,4,7,16,45
1163,230378,71989081,LOUISVILLE METRO POLICE DEPT,8017027729,AC,,,FLORENCE,AVE  ,W ,0.478,,,,,BELLEVUE,AVE  ,,BELLEVUE,AVE  ,2,1,0,0,2.0,CLEAR,1.0,DRY,True,5.0,LOCAL STREET,37.0,COLLISION WITH BICYCLIST,9.0,SINGLE VEHICLE,6.0,STRAIGHT & LEVEL,2.0,DAYLIGHT,,,False,38.1910684,-85.7724529,2017,4,8,14,15
1164,230421,71993931,ST. MATTHEWS POLICE DEPARTMENT,0317001019,AC,KY1447  ,4200 ,WESTPORT,RD   ,,0.968,,,,,,,,,,2,1,0,0,2.0,CLEAR,1.0,DRY,False,7.0,STATE,37.0,COLLISION WITH BICYCLIST,9.0,SINGLE VEHICLE,6.0,STRAIGHT & LEVEL,2.0,DAYLIGHT,,,False,38.2606387,-85.6402639,2017,4,8,14,38
1165,231450,71995682,LOUISVILLE METRO POLICE DEPT,8017031069,AC,US0031E ,,BARDSTOWN,RD   ,,14.5,,STEVENS,AVE  ,,,,,,,2,1,0,1,2.0,CLEAR,1.0,DRY,True,2.0,FEDERAL,2.0,COLLISION WITH BICYCLE,9.0,SINGLE VEHICLE,6.0,STRAIGHT & LEVEL,2.0,DAYLIGHT,,,False,38.2313675,-85.707007,2017,4,19,0,0
1166,231464,71995649,LOUISVILLE METRO POLICE DEPT,8017030877,AC,,,FOX HORN,CIR  ,,0.075,,STERLING,DR   ,,,,,,,2,1,0,1,2.0,CLEAR,1.0,DRY,False,5.0,LOCAL STREET,2.0,COLLISION WITH BICYCLE,9.0,SINGLE VEHICLE,6.0,STRAIGHT & LEVEL,2.0,DAYLIGHT,,,False,38.1629942,-85.8568611,2017,4,19,9,0
1167,231552,71996421,LOUISVILLE METRO POLICE DEPT,8017031482,AC,KY2052  ,,HIKES,LN   ,,4.205,US0031E ,BUECHEL,BYP  ,,,,,,,2,1,0,1,2.0,CLEAR,1.0,DRY,False,7.0,STATE,2.0,COLLISION WITH BICYCLE,9.0,SINGLE VEHICLE,6.0,STRAIGHT & LEVEL,2.0,DAYLIGHT,,,False,38.1984236,-85.6609371,2017,4,20,16,55
1168,231705,71998038,LOUISVILLE METRO POLICE DEPT,8017031755,AC,KY1703  ,,BAXTER,AVE  ,,5.533,,,,,,,,,,2,1,0,0,2.0,CLEAR,1.0,DRY,False,7.0,STATE,37.0,COLLISION WITH BICYCLIST,9.0,SINGLE VEHICLE,6.0,STRAIGHT & LEVEL,2.0,DAYLIGHT,,,False,38.2383452,-85.7228154,2017,4,21,18,13
1169,232015,71999673,LOUISVILLE METRO POLICE DEPT,8017032504,AC,,,GARDEN,DR   ,,0.001,US0060A ,LEXINGTON,RD   ,,,,,,,2,1,0,1,2.0,CLEAR,1.0,DRY,False,5.0,LOCAL STREET,2.0,COLLISION WITH BICYCLE,9.0,SINGLE VEHICLE,6.0,STRAIGHT & LEVEL,2.0,DAYLIGHT,,,False,38.2486696,-85.6805871,2017,4,24,16,2
1170,232033,71999680,LOUISVILLE METRO POLICE DEPT,8017032646,AC,US0060  ,,FRANKFORT,AVE  ,,0.351,,,,,STOLL,AVE  ,,HALDEMAN,AVE  ,2,1,0,0,2.0,CLEAR,1.0,DRY,False,2.0,FEDERAL,37.0,COLLISION WITH BICYCLIST,9.0,SINGLE VEHICLE,6.0,STRAIGHT & LEVEL,2.0,DAYLIGHT,,,False,38.2557134,-85.7133606,2017,4,25,7,59
1171,232896,72005486,LOUISVILLE METRO POLICE DEPT,8017035398,AC,US0031W ,,DIXIE,HWY  ,,6.851,,,,,,,,,,2,1,0,0,6.0,RAINING,5.0,WET,False,2.0,FEDERAL,37.0,COLLISION WITH BICYCLIST,9.0,SINGLE VEHICLE,6.0,STRAIGHT & LEVEL,2.0,DAYLIGHT,,,False,38.0842392,-85.8806503,2017,5,4,8,19
1172,233077,72009561,LOUISVILLE METRO POLICE DEPT,8017035546,AC,KY1703  ,,BAXTER,AVE  ,,5.441,,RUFER,AVE  ,,,,,,,2,1,0,0,6.0,RAINING,5.0,WET,False,7.0,STATE,2.0,COLLISION WITH BICYCLE,9.0,SINGLE VEHICLE,6.0,STRAIGHT & LEVEL,2.0,DAYLIGHT,,,False,38.2372224,-85.7219096,2017,5,4,15,21
1173,233492,72008078,LOUISVILLE METRO POLICE DEPT,8017036779,AC,KY1931  ,,7TH,ST   ,,10.468,,,,,,,,,,2,1,0,1,2.0,CLEAR,1.0,DRY,False,7.0,STATE,37.0,COLLISION WITH BICYCLIST,9.0,SINGLE VEHICLE,6.0,STRAIGHT & LEVEL,2.0,DAYLIGHT,,,False,38.219866,-85.7776617,2017,5,8,13,1
1174,233516,72008540,LOUISVILLE METRO POLICE DEPT,8017036884,AC,,,FENLEY,AVE  ,,0.078,,SEMINARY VILLAGE,RD   ,,,,,,,2,1,0,1,2.0,CLEAR,1.0,DRY,False,5.0,LOCAL STREET,2.0,COLLISION WITH BICYCLE,9.0,SINGLE VEHICLE,6.0,STRAIGHT & LEVEL,2.0,DAYLIGHT,,,False,38.2550004,-85.6712554,2017,5,8,17,40
1175,233773,72009622,LOUISVILLE METRO POLICE DEPT,8017037852,AC,,,CHESTNUT,ST   ,W ,2.319,,,,,4TH,ST   ,,5TH,ST   ,2,1,0,0,6.0,RAINING,5.0,WET,False,5.0,LOCAL STREET,37.0,COLLISION WITH BICYCLIST,9.0,SINGLE VEHICLE,6.0,STRAIGHT & LEVEL,2.0,DAYLIGHT,,,False,38.2490356,-85.7586892,2017,5,11,17,10
1176,234064,72011092,LOUISVILLE METRO POLICE DEPT,8017038631,AC,,2106 ,OAK,ST   ,W ,1.943,,,,,,,,,,2,1,0,0,2.0,CLEAR,1.0,DRY,False,5.0,LOCAL STREET,37.0,COLLISION WITH BICYCLIST,9.0,SINGLE VEHICLE,6.0,STRAIGHT & LEVEL,2.0,DAYLIGHT,,,False,38.2375187,-85.7907594,2017,5,14,11,5
1177,234398,72012608,LOUISVILLE METRO POLICE DEPT,8017039761,AC,,2633 ,DIXDALE,AVE  ,,0.34,,,,,,,,,,2,1,0,0,2.0,CLEAR,1.0,DRY,False,5.0,LOCAL STREET,37.0,COLLISION WITH BICYCLIST,9.0,SINGLE VEHICLE,6.0,STRAIGHT & LEVEL,2.0,DAYLIGHT,,,False,38.2220291,-85.7904461,2017,5,17,0,0
1178,234675,72014504,LOUISVILLE METRO POLICE DEPT,8017040534,AC,KY0148  ,,TAYLORSVILLE,RD   ,,1.238,,,,,,,,,,2,1,0,1,2.0,CLEAR,1.0,DRY,True,7.0,STATE,37.0,COLLISION WITH BICYCLIST,9.0,SINGLE VEHICLE,6.0,STRAIGHT & LEVEL,2.0,DAYLIGHT,,,False,38.1889194,-85.4545864,2017,5,20,10,10
1179,234737,72014583,LOUISVILLE METRO POLICE DEPT,8017040809,AC,US0031E ,,BARDSTOWN,RD   ,,13.366,,DOROTHY,AVE  ,,,,,,,2,1,0,1,3.0,CLOUDY,1.0,DRY,False,2.0,FEDERAL,2.0,COLLISION WITH BICYCLE,9.0,SINGLE VEHICLE,6.0,STRAIGHT & LEVEL,2.0,DAYLIGHT,,,False,38.2238062,-85.6887953,2017,5,21,14,0
1180,234766,72014593,LOUISVILLE METRO POLICE DEPT,8017040831,AC,KY1447  ,,WESTPORT,RD   ,,7.799,,,,,,,,,,2,1,0,0,3.0,CLOUDY,1.0,DRY,True,7.0,STATE,37.0,COLLISION WITH BICYCLIST,9.0,SINGLE VEHICLE,6.0,STRAIGHT & LEVEL,2.0,DAYLIGHT,,,False,38.3031483,-85.5283342,2017,5,21,14,44
1181,234801,72016188,LOUISVILLE METRO POLICE DEPT,8017040880,AC,,,VIRGINIA,AVE  ,,1.433,,43RD,ST   ,,,,,,,2,1,0,1,2.0,CLEAR,1.0,DRY,False,5.0,LOCAL STREET,2.0,COLLISION WITH BICYCLE,9.0,SINGLE VEHICLE,6.0,STRAIGHT & LEVEL,2.0,DAYLIGHT,,,False,38.2403825,-85.8253548,2017,5,21,18,19
1182,235065,72016750,LOUISVILLE METRO POLICE DEPT,8017041829,AC,,,GARFIELD,AVE  ,,0.096,,,,,,,,,,2,1,0,1,6.0,RAINING,5.0,WET,False,5.0,LOCAL STREET,37.0,COLLISION WITH BICYCLIST,9.0,SINGLE VEHICLE,6.0,STRAIGHT & LEVEL,2.0,DAYLIGHT,,,False,38.2643276,-85.7869983,2017,5,24,18,15
1183,235304,72018280,LOUISVILLE METRO POLICE DEPT,8017042411,AC,,,CENTRAL,AVE  ,,0.503,,,,,,,,,,2,1,0,0,2.0,CLEAR,1.0,DRY,False,99.0,NONE OF THE ABOVE,37.0,COLLISION WITH BICYCLIST,9.0,SINGLE VEHICLE,6.0,STRAIGHT & LEVEL,2.0,DAYLIGHT,,,False,38.2052784,-85.7666717,2017,5,26,15,30
1184,235576,72020180,LOUISVILLE METRO POLICE DEPT,8017043499,AC,KY1747  ,,FERN VALLEY,RD   ,,2.101,,,,,,,,,,2,1,0,1,2.0,CLEAR,1.0,DRY,False,7.0,STATE,37.0,COLLISION WITH BICYCLIST,9.0,SINGLE VEHICLE,6.0,STRAIGHT & LEVEL,2.0,DAYLIGHT,,,False,38.1578567,-85.6941618,2017,5,30,17,17
1185,235720,72020216,LOUISVILLE METRO POLICE DEPT,8017044122,AC,,,SCHNEITER,AVE  ,,0.345,,,,,,,,,,2,1,0,0,2.0,CLEAR,1.0,DRY,False,5.0,LOCAL STREET,37.0,COLLISION WITH BICYCLIST,9.0,SINGLE VEHICLE,6.0,STRAIGHT & LEVEL,1.0,DAWN,,,False,38.2051593,-85.7877467,2017,6,1,14,57
1186,235760,72020236,LOUISVILLE METRO POLICE DEPT,8017044210,AC,US0031E ,,MARKET,ST   ,E ,16.936,,SHELBY,ST   ,,,,,,,2,1,0,0,2.0,CLEAR,1.0,DRY,False,2.0,FEDERAL,2.0,COLLISION WITH BICYCLE,9.0,SINGLE VEHICLE,6.0,STRAIGHT & LEVEL,2.0,DAYLIGHT,,,False,38.2531839,-85.7380384,2017,6,1,18,27
1187,235850,72021632,LOUISVILLE METRO POLICE DEPT,8017044453,AC,,,DIXIE,HWY  ,,1.369,,BURNETT,AVE  ,,,,,,,2,1,0,1,2.0,CLEAR,1.0,DRY,False,5.0,LOCAL STREET,2.0,COLLISION WITH BICYCLE,9.0,SINGLE VEHICLE,6.0,STRAIGHT & LEVEL,2.0,DAYLIGHT,,,False,38.2300663,-85.789756,2017,6,2,15,30
1188,235992,72021747,LOUISVILLE METRO POLICE DEPT,8017044886,AC,,,HAWTHORNE,AVE  ,,0.575,,BON AIR,AVE  ,,,,,,,2,1,0,1,2.0,CLEAR,1.0,DRY,False,5.0,LOCAL STREET,2.0,COLLISION WITH BICYCLE,9.0,SINGLE VEHICLE,6.0,STRAIGHT & LEVEL,2.0,DAYLIGHT,,,False,38.2215361,-85.6674997,2017,6,4,11,1
1189,236017,72021762,LOUISVILLE METRO POLICE DEPT,8017044961,AC,,,4TH,ST   ,S ,4.005,,WINN,AVE  ,,,,,,,2,1,0,1,2.0,CLEAR,1.0,DRY,False,5.0,LOCAL STREET,2.0,COLLISION WITH BICYCLE,9.0,SINGLE VEHICLE,3.0,CURVE & LEVEL,2.0,DAYLIGHT,,,False,38.1993083,-85.7677425,2017,6,4,16,39
1190,236035,72023113,LOUISVILLE METRO POLICE DEPT,8017044979,AC,,,3RD,ST   ,S ,0.449,,,,,WHITNEY,AVE  ,,FAIRMONT,AVE  ,2,1,0,0,2.0,CLEAR,1.0,DRY,False,5.0,LOCAL STREET,37.0,COLLISION WITH BICYCLIST,9.0,SINGLE VEHICLE,6.0,STRAIGHT & LEVEL,2.0,DAYLIGHT,,,False,38.1940915,-85.764955,2017,6,4,18,35
1191,236081,72022486,LOUISVILLE METRO POLICE DEPT,8017045183,AC,,,3RD,ST   ,S ,1.511,,KENWOOD,WAY  ,,,,,,,2,1,0,0,2.0,CLEAR,1.0,DRY,False,5.0,LOCAL STREET,2.0,COLLISION WITH BICYCLE,9.0,SINGLE VEHICLE,6.0,STRAIGHT & LEVEL,2.0,DAYLIGHT,,,False,38.1787997,-85.7667202,2017,6,5,14,4
1192,236138,72038400,LOUISVILLE METRO POLICE DEPT,8017054203,AC,KY0907  ,,3RD,ST   ,,2.151,,,,,PAGES,LN   ,,HOLIDAY,DR   ,2,1,0,0,2.0,CLEAR,1.0,DRY,True,7.0,STATE,37.0,COLLISION WITH BICYCLIST,9.0,SINGLE VEHICLE,6.0,STRAIGHT & LEVEL,6.0,DARK-HWY NOT LIGHTED,,,False,38.1152149,-85.834111,2017,6,5,22,23
1193,236329,72024104,LOUISVILLE METRO POLICE DEPT,8017046099,AC,,,SLEVIN,ST   ,,0.113,,,,,,,,,,2,1,0,1,2.0,CLEAR,1.0,DRY,False,5.0,LOCAL STREET,37.0,COLLISION WITH BICYCLIST,9.0,SINGLE VEHICLE,6.0,STRAIGHT & LEVEL,2.0,DAYLIGHT,,,False,38.2649334,-85.7905334,2017,6,8,13,45
1194,236592,72025492,LOUISVILLE METRO POLICE DEPT,8017047011,AC,KY1020  ,,3RD,ST   ,S ,9.238,,,,,,,,,,2,1,0,1,2.0,CLEAR,1.0,DRY,False,7.0,STATE,37.0,COLLISION WITH BICYCLIST,9.0,SINGLE VEHICLE,6.0,STRAIGHT & LEVEL,3.0,DUSK,,,False,38.2016649,-85.7645054,2017,6,11,21,4
1195,236697,72028950,LOUISVILLE METRO POLICE DEPT,8017047261,AC,US0150  ,,BROADWAY,,W ,2.008,,8TH,ST   ,,,,,,,2,1,0,1,2.0,CLEAR,1.0,DRY,False,2.0,FEDERAL,2.0,COLLISION WITH BICYCLE,9.0,SINGLE VEHICLE,4.0,STRAIGHT & GRADE,2.0,DAYLIGHT,,,False,38.2467655,-85.7651598,2017,6,12,17,0
1196,236890,72027854,LOUISVILLE METRO POLICE DEPT,8017047810,AC,,10400,CASA LANDA,DR   ,,0.098,,,,,,,,,,2,1,0,1,2.0,CLEAR,1.0,DRY,False,5.0,LOCAL STREET,37.0,COLLISION WITH BICYCLIST,9.0,SINGLE VEHICLE,6.0,STRAIGHT & LEVEL,2.0,DAYLIGHT,,,False,38.1061225,-85.8740085,2017,6,14,12,28
1197,236904,72027309,LOUISVILLE METRO POLICE DEPT,8017048002,AC,,,11TH,ST   ,S ,0.337,,FISK,CT   ,,,,,,,2,1,0,1,2.0,CLEAR,1.0,DRY,False,5.0,LOCAL STREET,2.0,COLLISION WITH BICYCLE,9.0,SINGLE VEHICLE,6.0,STRAIGHT & LEVEL,5.0,DARK-HWY LIGHTED/ON,,,False,38.2530512,-85.7689626,2017,6,14,23,4
1198,237014,72029658,LOUISVILLE METRO POLICE DEPT,8017048194,AC,,,ENTERPRISE,DR   ,,0.039,KY1020  ,NATIONAL,TPKE ,,,,,,,2,1,0,1,3.0,CLOUDY,1.0,DRY,False,5.0,LOCAL STREET,2.0,COLLISION WITH BICYCLE,9.0,SINGLE VEHICLE,6.0,STRAIGHT & LEVEL,2.0,DAYLIGHT,,,False,38.1477211,-85.7588344,2017,6,15,14,20
1199,237168,72029128,LOUISVILLE METRO POLICE DEPT,8017048844,AC,US0150  ,,BROADWAY,,W ,0.841,,,,,,,,,,2,1,0,1,2.0,CLEAR,1.0,DRY,False,2.0,FEDERAL,37.0,COLLISION WITH BICYCLIST,9.0,SINGLE VEHICLE,6.0,STRAIGHT & LEVEL,2.0,DAYLIGHT,,,False,38.2491353,-85.7862138,2017,6,17,10,0
1200,237296,72029283,UNIV. OF LOUISVILLE POLICE,R17000452 ,AC,KY1020  ,2200 ,3RD,ST   ,S ,10.043,,,,,,,,,,2,1,0,1,2.0,CLEAR,1.0,DRY,False,7.0,STATE,37.0,COLLISION WITH BICYCLIST,9.0,SINGLE VEHICLE,6.0,STRAIGHT & LEVEL,2.0,DAYLIGHT,,,False,38.216431056,-85.761771146,2017,6,19,7,42
1201,237528,72032984,LOUISVILLE METRO POLICE DEPT,8017049944,AC,KY0864  ,,SHELBY,ST   ,S ,15.056,,CALDWELL,ST   ,,,,,,,2,1,0,1,2.0,CLEAR,1.0,DRY,False,7.0,STATE,2.0,COLLISION WITH BICYCLE,9.0,SINGLE VEHICLE,6.0,STRAIGHT & LEVEL,2.0,DAYLIGHT,,,False,38.2384586,-85.7405865,2017,6,21,10,0
1202,237787,72033825,LOUISVILLE METRO POLICE DEPT,8017051505,AC,,,WAMPUM,AVE  ,W ,0.182,,3RD,ST   ,,,,,,,2,1,0,1,2.0,CLEAR,1.0,DRY,False,5.0,LOCAL STREET,2.0,COLLISION WITH BICYCLE,9.0,SINGLE VEHICLE,4.0,STRAIGHT & GRADE,2.0,DAYLIGHT,,,False,38.1864054,-85.7653344,2017,6,23,6,50
1203,238309,72035529,LOUISVILLE METRO POLICE DEPT,8017052525,AC,KY0061  ,,JACKSON,ST   ,S ,11.616,,SAINT CATHERINE,ST   ,,,,,,,2,1,0,1,2.0,CLEAR,1.0,DRY,False,7.0,STATE,2.0,COLLISION WITH BICYCLE,9.0,SINGLE VEHICLE,6.0,STRAIGHT & LEVEL,6.0,DARK-HWY NOT LIGHTED,,,False,38.2353261,-85.7472948,2017,6,29,22,17
1204,238411,72036680,LOUISVILLE METRO POLICE DEPT,8017052715,AC,KY1020  ,,3RD,ST   ,S ,9.675,,IOWA,AVE  ,,,,,,,2,1,0,1,2.0,CLEAR,1.0,DRY,False,7.0,STATE,2.0,COLLISION WITH BICYCLE,9.0,SINGLE VEHICLE,6.0,STRAIGHT & LEVEL,2.0,DAYLIGHT,,,False,38.2075376,-85.7634575,2017,6,30,15,22
1205,238416,72036691,LOUISVILLE METRO POLICE DEPT,8017052753,AC,,,PATTON,CT   ,,0.225,,,,,,,,,,2,1,0,1,2.0,CLEAR,1.0,DRY,False,5.0,LOCAL STREET,37.0,COLLISION WITH BICYCLIST,9.0,SINGLE VEHICLE,6.0,STRAIGHT & LEVEL,2.0,DAYLIGHT,,,False,38.2248253,-85.777717,2017,6,30,17,0
1206,238619,72037748,LOUISVILLE METRO POLICE DEPT,8017053580,AC,I 0065  ,,I65 S,,,124.526,,,,,,,,,,2,1,0,1,2.0,CLEAR,1.0,DRY,False,4.0,INTERSTATE,37.0,COLLISION WITH BICYCLIST,9.0,SINGLE VEHICLE,6.0,STRAIGHT & LEVEL,2.0,DAYLIGHT,,,False,38.1058538,-85.7013088,2017,7,3,20,28
1207,238908,72040239,LOUISVILLE METRO POLICE DEPT,8017054491,AC,US0060A ,,TAYLOR,BLVD ,,1.759,,,,,,,,,,2,1,0,1,2.0,CLEAR,1.0,DRY,False,2.0,FEDERAL,37.0,COLLISION WITH BICYCLIST,9.0,SINGLE VEHICLE,6.0,STRAIGHT & LEVEL,2.0,DAYLIGHT,,,False,38.2001966,-85.7825663,2017,7,6,16,0
1208,239015,72040313,LOUISVILLE METRO POLICE DEPT,8017054917,AC,US0060  ,,SHELBYVILLE,RD   ,,10.396,,EVERGREEN,RD   ,,,,,,,2,1,0,1,3.0,CLOUDY,5.0,WET,False,2.0,FEDERAL,2.0,COLLISION WITH BICYCLE,9.0,SINGLE VEHICLE,6.0,STRAIGHT & LEVEL,5.0,DARK-HWY LIGHTED/ON,,,False,38.2485657,-85.5313291,2017,7,7,23,35
1209,239175,72040976,LOUISVILLE METRO POLICE DEPT,8017055455,AC,US0060  ,,FRANKFORT,AVE  ,,0.546,,,,,,,,,,2,1,0,0,2.0,CLEAR,1.0,DRY,False,2.0,FEDERAL,37.0,COLLISION WITH BICYCLIST,9.0,SINGLE VEHICLE,6.0,STRAIGHT & LEVEL,2.0,DAYLIGHT,,,False,38.2546609,-85.7100339,2017,7,10,10,45
1210,239244,72041665,LOUISVILLE METRO POLICE DEPT,8017055796,AC,,4200 ,MEDALLION,CT   ,,0.012,,,,,,,,,,2,1,0,0,2.0,CLEAR,1.0,DRY,False,99.0,NONE OF THE ABOVE,37.0,COLLISION WITH BICYCLIST,9.0,SINGLE VEHICLE,6.0,STRAIGHT & LEVEL,2.0,DAYLIGHT,,,False,38.1667757,-85.6815594,2017,7,11,13,8
1211,239287,72041686,LOUISVILLE METRO POLICE DEPT,8017055865,AC,,,NORRIS,PL   ,,0.301,,BONNYCASTLE,AVE  ,,,,,,,2,1,0,0,3.0,CLOUDY,1.0,DRY,False,5.0,LOCAL STREET,2.0,COLLISION WITH BICYCLE,9.0,SINGLE VEHICLE,6.0,STRAIGHT & LEVEL,2.0,DAYLIGHT,,,False,38.22808,-85.709352,2017,7,11,16,37