,Unnamed: 0,master_file_number,investigating_agency,local_code,collision_status_code,roadway_number,building_number,roadway_name,roadway_suffix,roadway_direction,milepoint,intersection_roadway_number,intersection_roadway_name,intersection_roadway_suffix,between_street_number_1,between_street_name_1,between_street_suffix_1,between_street_number_2,between_street_name_2,between_street_suffix_2,units_involved,motor_vehicles_involved,killed,injured,weather_code,weather,roadway_condition_code,roadway_condition,hit_and_run,roadway_type_code,roadway_type,directional_analysis_code,directional_analysis,manner_of_collision_code,manner_of_collision,roadway_character_code,roadway_character,light_condition_code,light_condition,ramp_from_roadway_id,ramp_to_roadway_id,secondary_collision,latitude,longitude,year,month,day,hour,minute
1212,239304,72042825,LOUISVILLE METRO POLICE DEPT,8017055873,AC,KY3082  ,,BANK,ST   ,,1.26,,,,,,,,,,2,1,0,0,2.0,CLEAR,1.0,DRY,False,7.0,STATE,37.0,COLLISION WITH BICYCLIST,9.0,SINGLE VEHICLE,6.0,STRAIGHT & LEVEL,2.0,DAYLIGHT,,,False,38.2683044,-85.7881387,2017,7,11,17,0
1213,239429,72042715,LOUISVILLE METRO POLICE DEPT,8017056338,AC,KY1020  ,,2ND,ST   ,S ,10.416,,BLOOM,ST   ,,,,,,,2,1,0,1,2.0,CLEAR,1.0,DRY,False,7.0,STATE,2.0,COLLISION WITH BICYCLE,9.0,SINGLE VEHICLE,6.0,STRAIGHT & LEVEL,2.0,DAYLIGHT,,,False,38.2217074,-85.7593105,2017,7,13,9,0
1214,239489,72044135,LOUISVILLE METRO POLICE DEPT,8017056302,AC,US0031E ,,BARDSTOWN,RD   ,,8.43,,,,,WATTERSON,TRL  ,,WATTERSON,TRL  ,2,1,1,0,3.0,CLOUDY,1.0,DRY,False,2.0,FEDERAL,37.0,COLLISION WITH BICYCLIST,9.0,SINGLE VEHICLE,6.0,STRAIGHT & LEVEL,6.0,DARK-HWY NOT LIGHTED,,,False,38.1789809,-85.6227626,2017,7,13,1,50
1215,239532,72044163,LOUISVILLE METRO POLICE DEPT,8017056806,AC,,,YORK,ST   ,,0.36,,,,,,,,,,2,1,0,1,2.0,CLEAR,1.0,DRY,True,5.0,LOCAL STREET,37.0,COLLISION WITH BICYCLIST,9.0,SINGLE VEHICLE,6.0,STRAIGHT & LEVEL,2.0,DAYLIGHT,,,False,38.2442458,-85.7587689,2017,7,14,15,45
1216,239693,72044280,LOUISVILLE METRO POLICE DEPT,8017057351,AC,,,MACON,AVE  ,,0.004,US0060A ,LEXINGTON,RD   ,,,,,,,2,1,0,1,2.0,CLEAR,1.0,DRY,False,5.0,LOCAL STREET,2.0,COLLISION WITH BICYCLE,9.0,SINGLE VEHICLE,6.0,STRAIGHT & LEVEL,2.0,DAYLIGHT,,,False,38.2520273,-85.6597745,2017,7,16,19,54
1217,239838,72045494,LOUISVILLE METRO POLICE DEPT,8017057823,AC,,,16TH,ST   ,S ,0.734,US0150  ,BROADWAY,,,,,,,,2,1,0,1,2.0,CLEAR,1.0,DRY,False,5.0,LOCAL STREET,2.0,COLLISION WITH BICYCLE,9.0,SINGLE VEHICLE,6.0,STRAIGHT & LEVEL,2.0,DAYLIGHT,,,False,38.2485802,-85.7781855,2017,7,18,11,0
1218,239971,72046185,JEFFERSONTOWN POLICE DEPT,A0771223  ,AC,,9800 ,LINN STATION,RD   ,,1.272,,,,,,,,,,2,1,0,1,3.0,CLOUDY,1.0,DRY,False,5.0,LOCAL STREET,37.0,COLLISION WITH BICYCLIST,9.0,SINGLE VEHICLE,6.0,STRAIGHT & LEVEL,2.0,DAYLIGHT,,,False,38.2279022,-85.5752596,2017,7,20,0,0
1219,240759,72052243,LOUISVILLE METRO POLICE DEPT,8017061206,AC,,,HIKES,LN   ,,2.86,,EL PATIO,PL   ,,,,,,,2,1,0,1,2.0,CLEAR,1.0,DRY,False,5.0,LOCAL STREET,2.0,COLLISION WITH BICYCLE,9.0,SINGLE VEHICLE,6.0,STRAIGHT & LEVEL,5.0,DARK-HWY LIGHTED/ON,,,False,38.2166879,-85.6311141,2017,7,28,21,5
1220,240818,72052268,LOUISVILLE METRO POLICE DEPT,8017061363,AC,KY1020  ,,SOUTHERN,PKWY ,,8.001,,WELLINGTON,AVE  ,,,,,,,2,1,0,1,2.0,CLEAR,1.0,DRY,False,7.0,STATE,2.0,COLLISION WITH BICYCLE,9.0,SINGLE VEHICLE,3.0,CURVE & LEVEL,2.0,DAYLIGHT,,,False,38.1841092,-85.7675946,2017,7,29,13,19
1221,240903,72052320,LOUISVILLE METRO POLICE DEPT,8017061625,AC,,,CHESTNUT,ST   ,W ,2.09,,,,,,,,,,2,1,0,0,2.0,CLEAR,1.0,DRY,False,5.0,LOCAL STREET,37.0,COLLISION WITH BICYCLIST,9.0,SINGLE VEHICLE,6.0,STRAIGHT & LEVEL,2.0,DAYLIGHT,,,False,38.2495076,-85.7628548,2017,7,30,13,20
1222,240911,72052328,LOUISVILLE METRO POLICE DEPT,8017061653,AC,US0031W ,,MAIN,ST   ,W ,21.748,,6TH,ST   ,,,,,,,2,1,0,0,2.0,CLEAR,1.0,DRY,False,2.0,FEDERAL,2.0,COLLISION WITH BICYCLE,9.0,SINGLE VEHICLE,4.0,STRAIGHT & GRADE,2.0,DAYLIGHT,,,False,38.2569983,-85.7598679,2017,7,30,15,45
1223,241218,72060226,LOUISVILLE METRO POLICE DEPT,8017062644,AC,,,KESWICK,BLVD ,,0.399,,,,,,,,,,3,2,0,0,2.0,CLEAR,1.0,DRY,False,5.0,LOCAL STREET,37.0,COLLISION WITH BICYCLIST,1.0,ANGLE,6.0,STRAIGHT & LEVEL,3.0,DUSK,,,False,38.217252,-85.7372792,2017,8,2,20,0
1224,241296,72054917,LOUISVILLE METRO POLICE DEPT,8017062930,AC,,,JEFFERSON,ST   ,W ,2.3,,26TH,ST   ,,,,,,,2,1,0,1,2.0,CLEAR,1.0,DRY,False,5.0,LOCAL STREET,2.0,COLLISION WITH BICYCLE,9.0,SINGLE VEHICLE,6.0,STRAIGHT & LEVEL,2.0,DAYLIGHT,,,False,38.2579278,-85.7939338,2017,8,3,18,43
1225,241322,72059705,SHIVELY POLICE DEPARTMENT,04-17-0017,AC,        ,     ,FARNSLEY,RD   ,  ,1.428,        ,RIEDLEY,RD   ,,,,,,,2,1,1,0,2.0,CLEAR,1.0,DRY,False,5.0,LOCAL STREET,2.0,COLLISION WITH BICYCLE,9.0,SINGLE VEHICLE,6.0,STRAIGHT & LEVEL,2.0,DAYLIGHT,,,False,38.203144723,-85.828061658,2017,8,3,18,35
1226,241346,72056616,LOUISVILLE METRO POLICE DEPT,8017063096,AC,US0031E ,,BARDSTOWN,RD   ,,15.199,,BEECHWOOD,AVE  ,,,,,,,2,1,0,0,3.0,CLOUDY,1.0,DRY,False,2.0,FEDERAL,2.0,COLLISION WITH BICYCLE,9.0,SINGLE VEHICLE,6.0,STRAIGHT & LEVEL,2.0,DAYLIGHT,,,False,38.2365487,-85.7176138,2017,8,4,11,45
1227,241994,72060302,LOUISVILLE METRO POLICE DEPT,8017065183,AC,US0031E ,,BARDSTOWN,RD   ,,13.637,,DOUGLASS,BLVD ,,,,,,,2,1,0,1,3.0,CLOUDY,1.0,DRY,False,2.0,FEDERAL,2.0,COLLISION WITH BICYCLE,9.0,SINGLE VEHICLE,6.0,STRAIGHT & LEVEL,2.0,DAYLIGHT,,,False,38.2245214,-85.6938729,2017,8,11,17,32
1228,242036,72060320,LOUISVILLE METRO POLICE DEPT,8017065244,AC,KY1142  ,,PALATKA,RD   ,,0.416,,,,,,,,,,2,1,0,1,2.0,CLEAR,1.0,DRY,False,7.0,STATE,37.0,COLLISION WITH BICYCLIST,9.0,SINGLE VEHICLE,3.0,CURVE & LEVEL,6.0,DARK-HWY NOT LIGHTED,,,False,38.1538186,-85.7946866,2017,8,11,21,54
1229,242068,72060221,LOUISVILLE METRO POLICE DEPT,8017-65364,AC,KY1932  ,,CHENOWETH,LN   ,,6.548,,,,US0042  ,BROWNSBORO,RD   ,,OLYMPIC,AVE  ,2,1,0,0,2.0,CLEAR,1.0,DRY,False,7.0,STATE,37.0,COLLISION WITH BICYCLIST,9.0,SINGLE VEHICLE,6.0,STRAIGHT & LEVEL,2.0,DAYLIGHT,,,False,38.2652776,-85.6654869,2017,8,12,12,38
1230,242120,72061907,LOUISVILLE METRO POLICE DEPT,8017065364,AC,KY1932  ,     ,CHENOWETH,LN   ,  ,6.548,,,,US0042  ,BROWNSBORO,RD   ,,OLYMPIC,AVE  ,2,1,0,0,2.0,CLEAR,1.0,DRY,False,7.0,STATE,37.0,COLLISION WITH BICYCLIST,9.0,SINGLE VEHICLE,6.0,STRAIGHT & LEVEL,2.0,DAYLIGHT,,,False,38.2652776,-85.6654869,2017,8,12,12,38
1231,242143,72060389,LOUISVILLE METRO POLICE DEPT,8017065611,RE,,,POPE LICK,RD   ,S ,2.745,,,,,,,,,,2,2,0,1,2.0,CLEAR,1.0,DRY,False,1.0,COUNTY ROAD,37.0,COLLISION WITH BICYCLIST,5.0,REAR END,6.0,STRAIGHT & LEVEL,2.0,DAYLIGHT,,,False,38.21972,-85.5079058,2017,8,13,12,51
1232,242305,72060975,LOUISVILLE METRO POLICE DEPT,8017066089,AC,KY0864  ,,POPLAR LEVEL,RD   ,,9.226,,INDIAN,TRL  ,,,,,,,2,1,0,0,2.0,CLEAR,1.0,DRY,False,7.0,STATE,2.0,COLLISION WITH BICYCLE,9.0,SINGLE VEHICLE,6.0,STRAIGHT & LEVEL,1.0,DAWN,,,False,38.171553,-85.6847956,2017,8,15,6,35
1233,242820,72079657,LOUISVILLE METRO POLICE DEPT,8017067547,AC,US0031W ,     ,DIXIE,HWY  ,  ,6.961,        ,FLOWERVALE,LN   ,,,,,,,2,1,0,1,2.0,CLEAR,1.0,DRY,False,2.0,FEDERAL,2.0,COLLISION WITH BICYCLE,9.0,SINGLE VEHICLE,6.0,STRAIGHT & LEVEL,2.0,DAYLIGHT,,,False,38.0856908,-85.8797836,2017,8,19,17,50
1234,242893,72076245,LOUISVILLE METRO POLICE DEPT,8017067814,AC,US0150  ,     ,BROADWAY,     ,E ,3.18,,,,,,,,,,2,1,0,0,2.0,CLEAR,1.0,DRY,False,2.0,FEDERAL,37.0,COLLISION WITH BICYCLIST,9.0,SINGLE VEHICLE,6.0,STRAIGHT & LEVEL,5.0,DARK-HWY LIGHTED/ON,,,False,38.2449707,-85.7437234,2017,8,20,20,52
1235,242940,72072121,LOUISVILLE METRO POLICE DEPT,8017067992,AC,        ,     ,HILL,ST   ,W ,0.23,,,,KY1020  ,3RD,ST   ,,4TH,ST   ,2,1,0,1,2.0,CLEAR,1.0,DRY,False,5.0,LOCAL STREET,37.0,COLLISION WITH BICYCLIST,9.0,SINGLE VEHICLE,6.0,STRAIGHT & LEVEL,2.0,DAYLIGHT,,,False,38.2259287,-85.761116,2017,8,21,13,27
1236,242968,72072144,LOUISVILLE METRO POLICE DEPT,8017068116,AC,        ,     ,MUD,LN   ,  ,0.897,,,,        ,ELDA,DR   ,,BROOKLEY,DR   ,2,1,0,0,2.0,CLEAR,1.0,DRY,False,5.0,LOCAL STREET,37.0,COLLISION WITH BICYCLIST,9.0,SINGLE VEHICLE,6.0,STRAIGHT & LEVEL,4.0,DARK-HWY LIGHTED/OFF,,,False,38.088146,-85.6782821,2017,8,21,22,20
1237,243315,72073833,LOUISVILLE METRO POLICE DEPT,8017069190,AC,US0031W ,     ,DIXIE,HWY  ,  ,10.438,,,,        ,PAGES,LN   ,,STEPHAN,DR   ,2,1,0,1,2.0,CLEAR,1.0,DRY,False,2.0,FEDERAL,37.0,COLLISION WITH BICYCLIST,9.0,SINGLE VEHICLE,6.0,STRAIGHT & LEVEL,2.0,DAYLIGHT,,,False,38.1293826,-85.8484052,2017,8,25,11,39
1238,243347,72074742,LOUISVILLE METRO POLICE DEPT,8017069287,AC,        ,     ,VETTER,AVE  ,  ,0.043,,,,        ,QUEEN,AVE  ,,OLEANDA,AVE  ,2,1,0,1,2.0,CLEAR,1.0,DRY,False,5.0,LOCAL STREET,37.0,COLLISION WITH BICYCLIST,9.0,SINGLE VEHICLE,6.0,STRAIGHT & LEVEL,2.0,DAYLIGHT,,,False,38.2012126,-85.781096,2017,8,25,16,20
1239,243357,72074734,LOUISVILLE METRO POLICE DEPT,8017069267,AC,        ,     ,VETTER,AVE  ,  ,0.043,,,,        ,QUEEN,AVE  ,,OLEANDA,AVE  ,2,1,0,1,2.0,CLEAR,1.0,DRY,False,5.0,LOCAL STREET,37.0,COLLISION WITH BICYCLIST,9.0,SINGLE VEHICLE,6.0,STRAIGHT & LEVEL,2.0,DAYLIGHT,,,False,38.2012126,-85.781096,2017,8,25,16,20
1240,243436,72074815,LOUISVILLE METRO POLICE DEPT,8017069580,AC,        ,     ,MONTICELLO,AVE  ,  ,0.062,        ,SHELTON,AVE  ,,,,,,,2,1,0,1,2.0,CLEAR,1.0,DRY,False,5.0,LOCAL STREET,2.0,COLLISION WITH BICYCLE,9.0,SINGLE VEHICLE,3.0,CURVE & LEVEL,3.0,DUSK,,,False,38.1893223,-85.6609316,2017,8,26,21,30
1241,243506,72074843,LOUISVILLE METRO POLICE DEPT,8017069709,AC,        ,     ,BROOK,ST   ,N ,0.062,,,,        ,WASHINGTON,ST   ,,WITHERSPOON,ST   ,2,1,0,0,2.0,CLEAR,1.0,DRY,True,5.0,LOCAL STREET,37.0,COLLISION WITH BICYCLIST,9.0,SINGLE VEHICLE,6.0,STRAIGHT & LEVEL,2.0,DAYLIGHT,,,False,38.2567893,-85.7497765,2017,8,27,13,30
1242,243527,72074856,LOUISVILLE METRO POLICE DEPT,8017069782,AC,        ,     ,INDIAN,TRL  ,E ,1.013,,,,,,,,,,2,1,0,1,2.0,CLEAR,1.0,DRY,False,5.0,LOCAL STREET,37.0,COLLISION WITH BICYCLIST,9.0,SINGLE VEHICLE,6.0,STRAIGHT & LEVEL,2.0,DAYLIGHT,,,False,38.170769,-85.6882994,2017,8,27,18,47
1243,243699,72078164,LOUISVILLE METRO POLICE DEPT,8017070330,AC,        ,     ,YORK,ST   ,  ,0.366,        ,LIBRARY,PL   ,,,,,,,2,1,0,1,3.0,CLOUDY,1.0,DRY,True,5.0,LOCAL STREET,2.0,COLLISION WITH BICYCLE,9.0,SINGLE VEHICLE,4.0,STRAIGHT & GRADE,2.0,DAYLIGHT,,,False,38.2442003,-85.7586613,2017,8,29,16,19
1244,244257,72078603,UNIV. OF LOUISVILLE POLICE,R17000663 ,AC,        ,430  ,CARDINAL,BLVD ,W ,0.348,,,,,,,,,,2,1,0,0,2.0,CLEAR,1.0,DRY,True,99.0,NONE OF THE ABOVE,37.0,COLLISION WITH BICYCLIST,9.0,SINGLE VEHICLE,3.0,CURVE & LEVEL,5.0,DARK-HWY LIGHTED/ON,,,False,38.221120326,-85.764599772,2017,9,4,20,0
1245,245032,72082612,ST. MATTHEWS POLICE DEPARTMENT,0317002771,AC,        ,     ,HUBBARDS,LN   ,S ,0.005,,,,,,,,,,2,2,0,0,6.0,RAINING,5.0,WET,False,5.0,LOCAL STREET,37.0,COLLISION WITH BICYCLIST,1.0,ANGLE,6.0,STRAIGHT & LEVEL,2.0,DAYLIGHT,,,False,38.251579946,-85.640000371,2017,9,13,16,55
1246,245433,72084192,JEFFERSONTOWN POLICE DEPT,A0974344  ,AC,KY0155  ,9410 ,TAYLORSVILLE,RD   ,  ,10.688,,,,,,,,,,2,1,0,1,2.0,CLEAR,1.0,DRY,False,7.0,STATE,37.0,COLLISION WITH BICYCLIST,9.0,SINGLE VEHICLE,6.0,STRAIGHT & LEVEL,2.0,DAYLIGHT,,,False,38.207532972,-85.58307099,2017,9,16,14,51
1247,245436,72084265,SHIVELY POLICE DEPARTMENT,04-17-0020,AC,US0031W ,3200 ,DIXIE,HWY  ,  ,16.237,,,,        ,CLINTON,PL   ,,GILLETTE,AVE  ,2,1,0,1,2.0,CLEAR,1.0,DRY,True,5.0,LOCAL STREET,37.0,COLLISION WITH BICYCLIST,9.0,SINGLE VEHICLE,6.0,STRAIGHT & LEVEL,2.0,DAYLIGHT,,,False,38.20399161,-85.800293154,2017,9,16,16,18
1248,245661,72085887,LOUISVILLE METRO POLICE DEPT,8017076499,AC,KY0061  ,634  ,PRESTON,ST   ,S ,12.372,,,,,,,,,,2,1,0,1,2.0,CLEAR,1.0,DRY,False,7.0,STATE,37.0,COLLISION WITH BICYCLIST,9.0,SINGLE VEHICLE,6.0,STRAIGHT & LEVEL,2.0,DAYLIGHT,,,False,38.2469436,-85.7473397,2017,9,19,10,0
1249,246334,72094575,LOUISVILLE METRO POLICE DEPT,8017080708,AC,        ,     ,PINOAK VIEW,DR   ,  ,0.223,,,,,,,,,,2,1,0,0,2.0,CLEAR,1.0,DRY,False,5.0,LOCAL STREET,37.0,COLLISION WITH BICYCLIST,9.0,SINGLE VEHICLE,6.0,STRAIGHT & LEVEL,3.0,DUSK,,,False,38.1858223,-85.5619645,2017,9,26,19,0
1250,246495,72089842,ST. MATTHEWS POLICE DEPARTMENT,0317002923,AC,        ,     ,HUBBARDS,LN   ,S ,0.084,,,,US0060  ,SHELBYVILLE,RD   ,,NORBOURNE,BLVD ,2,1,0,0,2.0,CLEAR,1.0,DRY,False,99.0,NONE OF THE ABOVE,37.0,COLLISION WITH BICYCLIST,9.0,SINGLE VEHICLE,6.0,STRAIGHT & LEVEL,2.0,DAYLIGHT,,,False,38.250442317,-85.640156352,2017,9,28,16,56
1251,246521,72090066,LOUISVILLE METRO POLICE DEPT,8017079263,AC,        ,     ,7TH,ST   ,S ,2.023,US0150  ,BROADWAY,     ,,,,,,,2,1,0,1,2.0,CLEAR,1.0,DRY,False,1.0,COUNTY ROAD,2.0,COLLISION WITH BICYCLE,9.0,SINGLE VEHICLE,6.0,STRAIGHT & LEVEL,2.0,DAYLIGHT,,,False,38.2464642,-85.763374,2017,9,28,17,4
1252,246578,72090093,LOUISVILLE METRO POLICE DEPT,8017079392,AC,I 0065  ,     ,I65 N EXIT131A OFF RAMP,     ,  ,0.87,I 0065  ,I65 N EXIT131A RAMP TO I264 W,     ,,,,,,,2,2,0,0,2.0,CLEAR,1.0,DRY,False,4.0,INTERSTATE,2.0,COLLISION WITH BICYCLE,8.0,SIDESWIPE-SAME DIRECTION,6.0,STRAIGHT & LEVEL,5.0,DARK-HWY LIGHTED/ON,,,False,38.1874864,-85.7264601,2017,9,29,4,23
1253,246612,72091179,LOUISVILLE METRO POLICE DEPT,8017079501,AC,US0031E ,     ,MARKET,ST   ,E ,16.717,        ,WENZEL,ST   ,,,,,,,2,1,0,1,2.0,CLEAR,1.0,DRY,False,2.0,FEDERAL,2.0,COLLISION WITH BICYCLE,9.0,SINGLE VEHICLE,6.0,STRAIGHT & LEVEL,2.0,DAYLIGHT,,,False,38.2527513,-85.7340378,2017,9,29,13,40
1254,246770,72093189,LOUISVILLE METRO POLICE DEPT,8017079792,AC,        ,     ,BLENHEIM,RD   ,  ,0.224,        ,HUBBARDS,LN   ,,,,,,,2,1,0,0,2.0,CLEAR,1.0,DRY,False,5.0,LOCAL STREET,2.0,COLLISION WITH BICYCLE,9.0,SINGLE VEHICLE,6.0,STRAIGHT & LEVEL,2.0,DAYLIGHT,,,False,38.2561863,-85.6394439,2017,9,30,13,17
1255,246969,72092238,LOUISVILLE METRO POLICE DEPT,8017080647,AC,        ,     ,CRAWFORD,AVE  ,  ,0.009,US0031W ,DIXIE,HWY  ,,,,,,,2,1,0,1,2.0,CLEAR,1.0,DRY,False,5.0,LOCAL STREET,2.0,COLLISION WITH BICYCLE,9.0,SINGLE VEHICLE,6.0,STRAIGHT & LEVEL,2.0,DAYLIGHT,,,False,38.1500788,-85.837209,2017,10,3,13,57
1256,247907,72096682,LOUISVILLE METRO POLICE DEPT,8017083383,AC,KY0061  ,     ,PRESTON,HWY  ,  ,5.946,,,,        ,VINEWOOD,RD   ,,BENNETT,LN   ,2,1,0,1,3.0,CLOUDY,1.0,DRY,False,7.0,STATE,37.0,COLLISION WITH BICYCLIST,9.0,SINGLE VEHICLE,5.0,STRAIGHT & HILLCREST,2.0,DAYLIGHT,,,False,38.1643798,-85.7019517,2017,10,12,12,19
1257,248266,72098161,SHIVELY POLICE DEPARTMENT,04-17-0023,AC,KY2049  ,     ,CRUMS,LN   ,  ,0.651,,,,        ,BURRELL,DR   ,,BURRELL,DR   ,2,1,0,1,2.0,CLEAR,1.0,DRY,False,7.0,STATE,37.0,COLLISION WITH BICYCLIST,9.0,SINGLE VEHICLE,6.0,STRAIGHT & LEVEL,2.0,DAYLIGHT,,,False,38.195109004,-85.826367793,2017,10,16,16,16
1258,248871,72101410,LOUISVILLE METRO POLICE DEPT,8017086338,AC,KY1020  ,     ,3RD,ST   ,S ,10.323,        ,CARDINAL,BLVD ,,,,,,,2,1,0,0,2.0,CLEAR,1.0,DRY,False,7.0,STATE,2.0,COLLISION WITH BICYCLE,9.0,SINGLE VEHICLE,6.0,STRAIGHT & LEVEL,1.0,DAWN,,,False,38.2205532,-85.761176,2017,10,22,19,58
1259,250061,72108489,LOUISVILLE METRO POLICE DEPT,8017089782,AC,US0031W ,     ,DIXIE,HWY  ,  ,10.501,        ,PAGES,LN   ,,,,,,,2,1,0,0,2.0,CLEAR,1.0,DRY,False,2.0,FEDERAL,2.0,COLLISION WITH BICYCLE,9.0,SINGLE VEHICLE,6.0,STRAIGHT & LEVEL,5.0,DARK-HWY LIGHTED/ON,,,False,38.1301812,-85.8478458,2017,11,3,10,0
1260,250183,72108587,LOUISVILLE METRO POLICE DEPT,8017090199,AC,I 0265  ,     ,I265 S,     ,  ,30.311,,,,I 0265  ,I265 S EXIT30 ON RAMP FROM KY146,     ,I 0265,I265 S EXIT30 OFF RAMP KY146,     ,2,2,0,0,3.0,CLOUDY,1.0,DRY,False,4.0,INTERSTATE,37.0,COLLISION WITH BICYCLIST,5.0,REAR END,6.0,STRAIGHT & LEVEL,2.0,DAYLIGHT,,,False,38.286067,-85.5127418,2017,11,5,14,57
1261,250735,72112234,LOUISVILLE METRO POLICE DEPT,8017091827,AC,        ,     ,CHESTNUT,ST   ,W ,2.542,KY1020  ,2ND,ST   ,,,,,,,2,1,0,1,2.0,CLEAR,1.0,DRY,True,5.0,LOCAL STREET,2.0,COLLISION WITH BICYCLE,9.0,SINGLE VEHICLE,6.0,STRAIGHT & LEVEL,7.0,DARK (UNKNOWN ROADWAY LIGHTING),,,False,38.2485865,-85.7546379,2017,11,10,19,12
1262,251023,72113289,LOUISVILLE METRO POLICE DEPT,8017092590,AC,        ,     ,30TH,ST   ,N ,0.553,,,,,,,,,,2,1,0,1,2.0,CLEAR,1.0,DRY,True,5.0,LOCAL STREET,37.0,COLLISION WITH BICYCLIST,9.0,SINGLE VEHICLE,6.0,STRAIGHT & LEVEL,6.0,DARK-HWY NOT LIGHTED,,,False,38.2635249,-85.8002771,2017,11,13,18,10
1263,251925,72118642,LOUISVILLE METRO POLICE DEPT,8017095219,AC,        ,     ,WILSON,AVE  ,  ,1.679,        ,HEMLOCK,ST   ,,,,,,,2,1,0,1,2.0,CLEAR,1.0,DRY,False,5.0,LOCAL STREET,2.0,COLLISION WITH BICYCLE,9.0,SINGLE VEHICLE,6.0,STRAIGHT & LEVEL,2.0,DAYLIGHT,,,False,38.2301964,-85.8038105,2017,11,22,17,1
1264,252313,72119780,LOUISVILLE METRO POLICE DEPT,8017096691,AC,US0060A ,3340 ,TAYLOR,BLVD ,  ,1.785,,,,,,,,,,2,1,0,1,2.0,CLEAR,1.0,DRY,False,2.0,FEDERAL,37.0,COLLISION WITH BICYCLIST,9.0,SINGLE VEHICLE,6.0,STRAIGHT & LEVEL,2.0,DAYLIGHT,,,False,38.2005066,-85.7825728,2017,11,28,15,39
1265,252657,72122170,LOUISVILLE METRO POLICE DEPT,8017097782,AC,US0031E ,     ,MARKET,ST   ,E ,17.265,KY0061  ,JACKSON,ST   ,,,,,,,2,1,0,0,2.0,CLEAR,1.0,DRY,False,2.0,FEDERAL,2.0,COLLISION WITH BICYCLE,9.0,SINGLE VEHICLE,6.0,STRAIGHT & LEVEL,5.0,DARK-HWY LIGHTED/ON,,,False,38.253831,-85.744082,2017,12,1,23,20
1266,252727,72122229,LOUISVILLE METRO POLICE DEPT,8017098008,AC,KY1931  ,     ,GREENWOOD,RD   ,  ,2.132,        ,FEYHURST,DR   ,,,,,,,2,1,0,1,2.0,CLEAR,1.0,DRY,False,7.0,STATE,2.0,COLLISION WITH BICYCLE,9.0,SINGLE VEHICLE,6.0,STRAIGHT & LEVEL,6.0,DARK-HWY NOT LIGHTED,,,False,38.1443103,-85.8581917,2017,12,2,18,22
1267,253011,72123368,LOUISVILLE METRO POLICE DEPT,8017098682,AC,        ,6600 ,GRADE,LN   ,  ,2.387,,,,,,,,,,2,1,0,1,6.0,RAINING,5.0,WET,False,5.0,LOCAL STREET,37.0,COLLISION WITH BICYCLIST,9.0,SINGLE VEHICLE,6.0,STRAIGHT & LEVEL,4.0,DARK-HWY LIGHTED/OFF,,,False,38.1538153,-85.7336441,2017,12,5,7,7
1268,253098,72129917,LOUISVILLE METRO POLICE DEPT,8017098682,AC,        ,6600 ,GRADE,LN   ,  ,2.387,,,,,,,,,,2,1,0,1,6.0,RAINING,5.0,WET,False,5.0,LOCAL STREET,37.0,COLLISION WITH BICYCLIST,9.0,SINGLE VEHICLE,6.0,STRAIGHT & LEVEL,4.0,DARK-HWY LIGHTED/OFF,,,False,38.1538153,-85.7336441,2017,12,5,7,7
1269,253931,72127942,LOUISVILLE METRO POLICE DEPT,8017101406,AC,        ,     ,JEANINE,DR   ,  ,0.413,        ,WOODED,WAY  ,,,,,,,2,1,0,1,3.0,CLOUDY,1.0,DRY,False,5.0,LOCAL STREET,2.0,COLLISION WITH BICYCLE,9.0,SINGLE VEHICLE,6.0,STRAIGHT & LEVEL,3.0,DUSK,,,False,38.1636178,-85.6880079,2017,12,14,17,9
1270,254491,72130250,LOUISVILLE METRO POLICE DEPT,8017102897,AC,KY0864  ,     ,POPLAR LEVEL,RD   ,  ,8.064,        ,JEFFERSON,BLVD ,,,,,,,2,1,0,1,2.0,CLEAR,1.0,DRY,False,7.0,STATE,2.0,COLLISION WITH BICYCLE,9.0,SINGLE VEHICLE,6.0,STRAIGHT & LEVEL,4.0,DARK-HWY LIGHTED/OFF,,,False,38.1600301,-85.6714798,2017,12,19,10,0
1271,254702,72131366,LOUISVILLE METRO POLICE DEPT,8017103524,AC,        ,     ,WOODGATE,LN   ,  ,0.778,        ,ARJAY,LN   ,,,,,,,2,1,0,1,2.0,CLEAR,1.0,DRY,False,5.0,LOCAL STREET,2.0,COLLISION WITH BICYCLE,9.0,SINGLE VEHICLE,6.0,STRAIGHT & LEVEL,7.0,DARK (UNKNOWN ROADWAY LIGHTING),,,False,38.1982569,-85.6263092,2017,12,21,19,56
1272,254898,72132863,LOUISVILLE METRO POLICE DEPT,8017103882,AC,        ,     ,TRADE PORT,DR   ,  ,0.424,,,,,,,,,,2,1,0,0,6.0,RAINING,6.0,WATER (STANDING OR MOVING),False,5.0,LOCAL STREET,37.0,COLLISION WITH BICYCLIST,9.0,SINGLE VEHICLE,6.0,STRAIGHT & LEVEL,4.0,DARK-HWY LIGHTED/OFF,,,False,38.1248191,-85.8906576,2017,12,22,21,51